{"accuracy": 0.10189982728842832, "classification_report": "              precision    recall  f1-score   support\n\n           0       0.00      0.00      0.00       180\n           1       0.00      0.00      0.00       142\n           2       0.00      0.00      0.00       181\n           3       0.20      0.01      0.02       190\n           4       1.00      0.01      0.02       201\n           5       0.00      0.00      0.00       150\n           6       0.00      0.00      0.00       178\n           7       0.00      0.00      0.00       171\n           8       0.00      0.00      0.00       171\n           9       0.10      1.00      0.18       173\n\n    accuracy                           0.10      1737\n   macro avg       0.13      0.10      0.02      1737\nweighted avg       0.15      0.10      0.02      1737\n", "confusion_matrix": {"_type": "histogram", "values": [90, 0, 0, 0, 0, 0, 0, 0, 0, 0, 0, 0, 0, 0, 0, 0, 0, 0, 0, 0, 0, 0, 1, 0, 1, 0, 0, 0, 5, 1, 0, 2], "bins": [0.0, 6.0625, 12.125, 18.1875, 24.25, 30.3125, 36.375, 42.4375, 48.5, 54.5625, 60.625, 66.6875, 72.75, 78.8125, 84.875, 90.9375, 97.0, 103.0625, 109.125, 115.1875, 121.25, 127.3125, 133.375, 139.4375, 145.5, 151.5625, 157.625, 163.6875, 169.75, 175.8125, 181.875, 187.9375, 194.0]}, "_timestamp": 1682693545.370854, "_runtime": 38.327069997787476, "_step": 0, "_wandb": {"runtime": 36}}