{"accuracy": 0.14622913068508925, "classification_report": "              precision    recall  f1-score   support\n\n           0       0.27      0.20      0.23       180\n           1       0.09      0.61      0.16       142\n           2       0.12      0.10      0.11       181\n           3       0.20      0.06      0.10       190\n           4       0.22      0.08      0.12       201\n           5       0.21      0.05      0.08       150\n           6       0.15      0.08      0.11       178\n           7       0.21      0.09      0.13       171\n           8       0.21      0.09      0.12       171\n           9       0.38      0.18      0.24       173\n\n    accuracy                           0.15      1737\n   macro avg       0.21      0.16      0.14      1737\nweighted avg       0.21      0.15      0.14      1737\n", "confusion_matrix": {"_type": "histogram", "values": [21, 27, 15, 10, 10, 4, 0, 0, 2, 0, 1, 0, 0, 0, 0, 0, 0, 0, 0, 0, 0, 0, 1, 1, 1, 2, 1, 0, 0, 1, 2, 1], "bins": [0.0, 3.53125, 7.0625, 10.59375, 14.125, 17.65625, 21.1875, 24.71875, 28.25, 31.78125, 35.3125, 38.84375, 42.375, 45.90625, 49.4375, 52.96875, 56.5, 60.03125, 63.5625, 67.09375, 70.625, 74.15625, 77.6875, 81.21875, 84.75, 88.28125, 91.8125, 95.34375, 98.875, 102.40625, 105.9375, 109.46875, 113.0]}, "_timestamp": 1682653402.424221, "_runtime": 2.3132200241088867, "_step": 0, "_wandb": {"runtime": 0}}