{"accuracy": 0.18595279217040875, "classification_report": "              precision    recall  f1-score   support\n\n           0       0.42      0.30      0.35       180\n           1       0.16      0.13      0.14       142\n           2       0.21      0.22      0.21       181\n           3       0.17      0.18      0.18       190\n           4       0.14      0.17      0.15       201\n           5       0.12      0.11      0.11       150\n           6       0.14      0.24      0.18       178\n           7       0.13      0.12      0.13       171\n           8       0.22      0.18      0.20       171\n           9       0.27      0.18      0.22       173\n\n    accuracy                           0.19      1737\n   macro avg       0.20      0.18      0.19      1737\nweighted avg       0.20      0.19      0.19      1737\n", "confusion_matrix": {"_type": "histogram", "values": [4, 8, 5, 6, 8, 3, 6, 6, 3, 8, 4, 10, 3, 3, 7, 2, 0, 5, 1, 1, 3, 0, 1, 1, 1, 0, 0, 0, 0, 0, 0, 1], "bins": [2.0, 3.625, 5.25, 6.875, 8.5, 10.125, 11.75, 13.375, 15.0, 16.625, 18.25, 19.875, 21.5, 23.125, 24.75, 26.375, 28.0, 29.625, 31.25, 32.875, 34.5, 36.125, 37.75, 39.375, 41.0, 42.625, 44.25, 45.875, 47.5, 49.125, 50.75, 52.375, 54.0]}, "_timestamp": 1682687311.877965, "_runtime": 43.891215085983276, "_step": 0, "_wandb": {"runtime": 42}}