{"accuracy": 0.16350028785261947, "classification_report": "              precision    recall  f1-score   support\n\n           0       0.29      0.25      0.27       180\n           1       0.14      0.20      0.16       142\n           2       0.12      0.14      0.13       181\n           3       0.12      0.09      0.11       190\n           4       0.15      0.10      0.12       201\n           5       0.08      0.04      0.05       150\n           6       0.18      0.15      0.16       178\n           7       0.16      0.15      0.15       171\n           8       0.16      0.19      0.18       171\n           9       0.19      0.33      0.24       173\n\n    accuracy                           0.16      1737\n   macro avg       0.16      0.16      0.16      1737\nweighted avg       0.16      0.16      0.16      1737\n", "confusion_matrix": {"_type": "histogram", "values": [5, 9, 4, 6, 12, 7, 7, 5, 7, 8, 6, 3, 6, 3, 1, 3, 1, 1, 0, 1, 0, 1, 0, 1, 1, 1, 0, 0, 0, 0, 0, 1], "bins": [4.0, 5.65625, 7.3125, 8.96875, 10.625, 12.28125, 13.9375, 15.59375, 17.25, 18.90625, 20.5625, 22.21875, 23.875, 25.53125, 27.1875, 28.84375, 30.5, 32.15625, 33.8125, 35.46875, 37.125, 38.78125, 40.4375, 42.09375, 43.75, 45.40625, 47.0625, 48.71875, 50.375, 52.03125, 53.6875, 55.34375, 57.0]}, "_timestamp": 1682603005.80384, "_runtime": 1.8889639377593994, "_step": 0, "_wandb": {"runtime": 0}}