{"accuracy": 0.17616580310880828, "classification_report": "              precision    recall  f1-score   support\n\n           0       0.29      0.46      0.35       180\n           1       0.15      0.18      0.16       142\n           2       0.12      0.02      0.04       181\n           3       0.11      0.13      0.12       190\n           4       0.43      0.01      0.03       201\n           5       0.00      0.00      0.00       150\n           6       0.12      0.34      0.17       178\n           7       0.13      0.06      0.09       171\n           8       0.33      0.02      0.04       171\n           9       0.22      0.53      0.31       173\n\n    accuracy                           0.18      1737\n   macro avg       0.19      0.18      0.13      1737\nweighted avg       0.20      0.18      0.13      1737\n", "confusion_matrix": {"_type": "histogram", "values": [30, 15, 3, 5, 6, 6, 0, 4, 4, 4, 1, 3, 3, 3, 2, 1, 0, 0, 2, 0, 1, 2, 0, 1, 2, 0, 0, 0, 0, 1, 0, 1], "bins": [0.0, 2.84375, 5.6875, 8.53125, 11.375, 14.21875, 17.0625, 19.90625, 22.75, 25.59375, 28.4375, 31.28125, 34.125, 36.96875, 39.8125, 42.65625, 45.5, 48.34375, 51.1875, 54.03125, 56.875, 59.71875, 62.5625, 65.40625, 68.25, 71.09375, 73.9375, 76.78125, 79.625, 82.46875, 85.3125, 88.15625, 91.0]}, "_timestamp": 1682602922.8520892, "_runtime": 1.7756452560424805, "_step": 0, "_wandb": {"runtime": 0}}