{"accuracy": 0.16062176165803108, "classification_report": "              precision    recall  f1-score   support\n\n           0       0.33      0.23      0.27       180\n           1       0.13      0.51      0.20       142\n           2       0.09      0.07      0.08       181\n           3       0.16      0.11      0.13       190\n           4       0.18      0.12      0.15       201\n           5       0.13      0.05      0.08       150\n           6       0.17      0.15      0.16       178\n           7       0.15      0.08      0.10       171\n           8       0.17      0.13      0.15       171\n           9       0.18      0.22      0.20       173\n\n    accuracy                           0.16      1737\n   macro avg       0.17      0.17      0.15      1737\nweighted avg       0.17      0.16      0.15      1737\n", "confusion_matrix": {"_type": "histogram", "values": [6, 13, 13, 18, 11, 9, 11, 4, 2, 0, 2, 2, 2, 1, 0, 0, 1, 0, 0, 1, 0, 0, 0, 2, 0, 1, 0, 0, 0, 0, 0, 1], "bins": [0.0, 3.09375, 6.1875, 9.28125, 12.375, 15.46875, 18.5625, 21.65625, 24.75, 27.84375, 30.9375, 34.03125, 37.125, 40.21875, 43.3125, 46.40625, 49.5, 52.59375, 55.6875, 58.78125, 61.875, 64.96875, 68.0625, 71.15625, 74.25, 77.34375, 80.4375, 83.53125, 86.625, 89.71875, 92.8125, 95.90625, 99.0]}, "_timestamp": 1682682037.222133, "_runtime": 3.8240599632263184, "_step": 0, "_wandb": {"runtime": 1}}