{"accuracy": 0.16983304548071387, "classification_report": "              precision    recall  f1-score   support\n\n           0       0.32      0.31      0.32       180\n           1       0.15      0.17      0.16       142\n           2       0.15      0.13      0.14       181\n           3       0.13      0.16      0.15       190\n           4       0.16      0.15      0.16       201\n           5       0.12      0.13      0.13       150\n           6       0.09      0.11      0.10       178\n           7       0.19      0.13      0.15       171\n           8       0.14      0.15      0.15       171\n           9       0.26      0.25      0.26       173\n\n    accuracy                           0.17      1737\n   macro avg       0.17      0.17      0.17      1737\nweighted avg       0.17      0.17      0.17      1737\n", "confusion_matrix": {"_type": "histogram", "values": [2, 3, 6, 3, 6, 7, 9, 6, 11, 6, 5, 5, 7, 6, 0, 8, 4, 1, 1, 2, 0, 0, 0, 0, 0, 1, 0, 0, 0, 0, 0, 1], "bins": [1.0, 2.71875, 4.4375, 6.15625, 7.875, 9.59375, 11.3125, 13.03125, 14.75, 16.46875, 18.1875, 19.90625, 21.625, 23.34375, 25.0625, 26.78125, 28.5, 30.21875, 31.9375, 33.65625, 35.375, 37.09375, 38.8125, 40.53125, 42.25, 43.96875, 45.6875, 47.40625, 49.125, 50.84375, 52.5625, 54.28125, 56.0]}, "_timestamp": 1682595540.239182, "_runtime": 6.336935043334961, "_step": 0, "_wandb": {"runtime": 4}}