{"accuracy": 0.2026482440990213, "classification_report": "              precision    recall  f1-score   support\n\n           0       0.35      0.50      0.41       180\n           1       0.19      0.23      0.20       142\n           2       0.19      0.19      0.19       181\n           3       0.12      0.13      0.13       190\n           4       0.21      0.11      0.15       201\n           5       0.13      0.03      0.05       150\n           6       0.13      0.16      0.14       178\n           7       0.20      0.23      0.21       171\n           8       0.12      0.09      0.10       171\n           9       0.24      0.35      0.29       173\n\n    accuracy                           0.20      1737\n   macro avg       0.19      0.20      0.19      1737\nweighted avg       0.19      0.20      0.19      1737\n", "confusion_matrix": {"_type": "histogram", "values": [4, 11, 16, 6, 9, 7, 8, 7, 12, 8, 4, 2, 1, 2, 0, 0, 1, 0, 0, 0, 0, 1, 0, 0, 0, 0, 0, 0, 0, 0, 0, 1], "bins": [0.0, 2.8125, 5.625, 8.4375, 11.25, 14.0625, 16.875, 19.6875, 22.5, 25.3125, 28.125, 30.9375, 33.75, 36.5625, 39.375, 42.1875, 45.0, 47.8125, 50.625, 53.4375, 56.25, 59.0625, 61.875, 64.6875, 67.5, 70.3125, 73.125, 75.9375, 78.75, 81.5625, 84.375, 87.1875, 90.0]}, "_timestamp": 1682686481.499826, "_runtime": 9.349756956100464, "_step": 0, "_wandb": {"runtime": 7}}