{"accuracy": 0.17789291882556132, "classification_report": "              precision    recall  f1-score   support\n\n           0       0.22      0.84      0.35       180\n           1       0.06      0.01      0.01       142\n           2       0.20      0.04      0.06       181\n           3       0.10      0.12      0.11       190\n           4       0.18      0.10      0.13       201\n           5       0.10      0.03      0.04       150\n           6       0.14      0.13      0.13       178\n           7       0.10      0.04      0.06       171\n           8       0.17      0.14      0.15       171\n           9       0.19      0.28      0.23       173\n\n    accuracy                           0.18      1737\n   macro avg       0.15      0.17      0.13      1737\nweighted avg       0.15      0.18      0.13      1737\n", "confusion_matrix": {"_type": "histogram", "values": [31, 17, 9, 9, 13, 6, 4, 1, 0, 4, 1, 0, 0, 0, 1, 0, 0, 0, 1, 1, 1, 0, 0, 0, 0, 0, 0, 0, 0, 0, 0, 1], "bins": [0.0, 4.71875, 9.4375, 14.15625, 18.875, 23.59375, 28.3125, 33.03125, 37.75, 42.46875, 47.1875, 51.90625, 56.625, 61.34375, 66.0625, 70.78125, 75.5, 80.21875, 84.9375, 89.65625, 94.375, 99.09375, 103.8125, 108.53125, 113.25, 117.96875, 122.6875, 127.40625, 132.125, 136.84375, 141.5625, 146.28125, 151.0]}, "_timestamp": 1682682199.611201, "_runtime": 2.435871124267578, "_step": 0, "_wandb": {"runtime": 0}}