{"accuracy": 0.15716753022452504, "classification_report": "              precision    recall  f1-score   support\n\n           0       0.38      0.29      0.33       180\n           1       0.13      0.04      0.06       142\n           2       0.17      0.15      0.16       181\n           3       0.14      0.48      0.21       190\n           4       0.00      0.00      0.00       201\n           5       0.11      0.34      0.16       150\n           6       0.25      0.01      0.02       178\n           7       0.19      0.02      0.03       171\n           8       0.00      0.00      0.00       171\n           9       0.19      0.24      0.21       173\n\n    accuracy                           0.16      1737\n   macro avg       0.15      0.16      0.12      1737\nweighted avg       0.15      0.16      0.12      1737\n", "confusion_matrix": {"_type": "histogram", "values": [44, 11, 2, 3, 3, 3, 3, 3, 2, 3, 1, 1, 0, 1, 1, 2, 1, 2, 2, 1, 4, 0, 1, 1, 2, 1, 0, 0, 0, 0, 0, 2], "bins": [0.0, 2.84375, 5.6875, 8.53125, 11.375, 14.21875, 17.0625, 19.90625, 22.75, 25.59375, 28.4375, 31.28125, 34.125, 36.96875, 39.8125, 42.65625, 45.5, 48.34375, 51.1875, 54.03125, 56.875, 59.71875, 62.5625, 65.40625, 68.25, 71.09375, 73.9375, 76.78125, 79.625, 82.46875, 85.3125, 88.15625, 91.0]}, "_timestamp": 1682689931.614441, "_runtime": 51.86384582519531, "_step": 0, "_wandb": {"runtime": 50}}