{"accuracy": 0.1629245826137018, "classification_report": "              precision    recall  f1-score   support\n\n           0       0.29      0.32      0.30       180\n           1       0.13      0.18      0.15       142\n           2       0.12      0.12      0.12       181\n           3       0.09      0.11      0.10       190\n           4       0.17      0.12      0.14       201\n           5       0.05      0.02      0.03       150\n           6       0.16      0.20      0.18       178\n           7       0.06      0.04      0.04       171\n           8       0.19      0.12      0.15       171\n           9       0.22      0.39      0.28       173\n\n    accuracy                           0.16      1737\n   macro avg       0.15      0.16      0.15      1737\nweighted avg       0.15      0.16      0.15      1737\n", "confusion_matrix": {"_type": "histogram", "values": [13, 6, 5, 7, 10, 8, 4, 5, 11, 7, 3, 5, 1, 3, 2, 0, 3, 1, 1, 2, 0, 0, 0, 0, 0, 0, 2, 0, 0, 0, 0, 1], "bins": [2.0, 4.0625, 6.125, 8.1875, 10.25, 12.3125, 14.375, 16.4375, 18.5, 20.5625, 22.625, 24.6875, 26.75, 28.8125, 30.875, 32.9375, 35.0, 37.0625, 39.125, 41.1875, 43.25, 45.3125, 47.375, 49.4375, 51.5, 53.5625, 55.625, 57.6875, 59.75, 61.8125, 63.875, 65.9375, 68.0]}, "_timestamp": 1682594959.704579, "_runtime": 1.9538030624389648, "_step": 0, "_wandb": {"runtime": 0}}