{"accuracy": 0.1824985607369027, "classification_report": "              precision    recall  f1-score   support\n\n           0       0.26      0.46      0.33       180\n           1       0.13      0.20      0.16       142\n           2       0.21      0.14      0.17       181\n           3       0.13      0.20      0.16       190\n           4       0.17      0.05      0.08       201\n           5       0.10      0.03      0.05       150\n           6       0.16      0.17      0.17       178\n           7       0.16      0.11      0.13       171\n           8       0.15      0.10      0.12       171\n           9       0.22      0.36      0.27       173\n\n    accuracy                           0.18      1737\n   macro avg       0.17      0.18      0.16      1737\nweighted avg       0.17      0.18      0.16      1737\n", "confusion_matrix": {"_type": "histogram", "values": [8, 13, 9, 11, 10, 6, 7, 6, 3, 4, 4, 6, 1, 4, 2, 2, 0, 1, 0, 1, 0, 0, 0, 0, 1, 0, 0, 0, 0, 0, 0, 1], "bins": [1.0, 3.53125, 6.0625, 8.59375, 11.125, 13.65625, 16.1875, 18.71875, 21.25, 23.78125, 26.3125, 28.84375, 31.375, 33.90625, 36.4375, 38.96875, 41.5, 44.03125, 46.5625, 49.09375, 51.625, 54.15625, 56.6875, 59.21875, 61.75, 64.28125, 66.8125, 69.34375, 71.875, 74.40625, 76.9375, 79.46875, 82.0]}, "_timestamp": 1682654948.7050838, "_runtime": 14.107225894927979, "_step": 0, "_wandb": {"runtime": 12}}