{"accuracy": 0.15831894070236038, "classification_report": "              precision    recall  f1-score   support\n\n           0       0.29      0.34      0.31       180\n           1       0.12      0.20      0.15       142\n           2       0.10      0.08      0.09       181\n           3       0.10      0.11      0.10       190\n           4       0.13      0.12      0.12       201\n           5       0.09      0.07      0.08       150\n           6       0.13      0.14      0.14       178\n           7       0.10      0.06      0.08       171\n           8       0.17      0.16      0.17       171\n           9       0.27      0.32      0.29       173\n\n    accuracy                           0.16      1737\n   macro avg       0.15      0.16      0.15      1737\nweighted avg       0.15      0.16      0.15      1737\n", "confusion_matrix": {"_type": "histogram", "values": [1, 2, 6, 3, 7, 11, 9, 10, 7, 10, 5, 7, 5, 6, 3, 1, 0, 1, 1, 2, 0, 0, 0, 0, 0, 0, 0, 0, 1, 1, 0, 1], "bins": [0.0, 1.90625, 3.8125, 5.71875, 7.625, 9.53125, 11.4375, 13.34375, 15.25, 17.15625, 19.0625, 20.96875, 22.875, 24.78125, 26.6875, 28.59375, 30.5, 32.40625, 34.3125, 36.21875, 38.125, 40.03125, 41.9375, 43.84375, 45.75, 47.65625, 49.5625, 51.46875, 53.375, 55.28125, 57.1875, 59.09375, 61.0]}, "_timestamp": 1682594477.604364, "_runtime": 2.7457668781280518, "_step": 0, "_wandb": {"runtime": 0}}