{"accuracy": 0.1692573402417962, "classification_report": "              precision    recall  f1-score   support\n\n           0       0.32      0.32      0.32       180\n           1       0.17      0.18      0.18       142\n           2       0.14      0.11      0.12       181\n           3       0.12      0.17      0.14       190\n           4       0.14      0.13      0.14       201\n           5       0.07      0.04      0.05       150\n           6       0.13      0.21      0.17       178\n           7       0.17      0.13      0.15       171\n           8       0.16      0.15      0.15       171\n           9       0.27      0.24      0.25       173\n\n    accuracy                           0.17      1737\n   macro avg       0.17      0.17      0.17      1737\nweighted avg       0.17      0.17      0.17      1737\n", "confusion_matrix": {"_type": "histogram", "values": [2, 4, 5, 5, 6, 12, 11, 0, 7, 9, 7, 2, 5, 6, 3, 2, 5, 1, 1, 1, 1, 1, 3, 0, 0, 0, 0, 0, 0, 0, 0, 1], "bins": [1.0, 2.75, 4.5, 6.25, 8.0, 9.75, 11.5, 13.25, 15.0, 16.75, 18.5, 20.25, 22.0, 23.75, 25.5, 27.25, 29.0, 30.75, 32.5, 34.25, 36.0, 37.75, 39.5, 41.25, 43.0, 44.75, 46.5, 48.25, 50.0, 51.75, 53.5, 55.25, 57.0]}, "_timestamp": 1682596479.5993128, "_runtime": 8.274436712265015, "_step": 0, "_wandb": {"runtime": 6}}