{"accuracy": 0.17040875071963155, "classification_report": "              precision    recall  f1-score   support\n\n           0       0.34      0.34      0.34       180\n           1       0.16      0.18      0.17       142\n           2       0.12      0.09      0.11       181\n           3       0.12      0.17      0.14       190\n           4       0.13      0.12      0.12       201\n           5       0.12      0.07      0.09       150\n           6       0.14      0.21      0.17       178\n           7       0.18      0.13      0.15       171\n           8       0.15      0.13      0.14       171\n           9       0.28      0.25      0.27       173\n\n    accuracy                           0.17      1737\n   macro avg       0.17      0.17      0.17      1737\nweighted avg       0.17      0.17      0.17      1737\n", "confusion_matrix": {"_type": "histogram", "values": [3, 3, 3, 9, 9, 14, 7, 1, 7, 9, 3, 9, 5, 3, 5, 0, 2, 3, 0, 2, 1, 0, 1, 0, 0, 0, 0, 0, 0, 0, 0, 1], "bins": [1.0, 2.875, 4.75, 6.625, 8.5, 10.375, 12.25, 14.125, 16.0, 17.875, 19.75, 21.625, 23.5, 25.375, 27.25, 29.125, 31.0, 32.875, 34.75, 36.625, 38.5, 40.375, 42.25, 44.125, 46.0, 47.875, 49.75, 51.625, 53.5, 55.375, 57.25, 59.125, 61.0]}, "_timestamp": 1682596491.878881, "_runtime": 8.439472913742065, "_step": 0, "_wandb": {"runtime": 6}}