{"accuracy": 0.16580310880829016, "classification_report": "              precision    recall  f1-score   support\n\n           0       0.27      0.32      0.30       180\n           1       0.50      0.01      0.03       142\n           2       1.00      0.01      0.01       181\n           3       0.12      0.55      0.20       190\n           4       0.35      0.04      0.07       201\n           5       0.00      0.00      0.00       150\n           6       0.13      0.21      0.16       178\n           7       0.00      0.00      0.00       171\n           8       0.05      0.01      0.01       171\n           9       0.22      0.44      0.29       173\n\n    accuracy                           0.17      1737\n   macro avg       0.26      0.16      0.11      1737\nweighted avg       0.27      0.17      0.11      1737\n", "confusion_matrix": {"_type": "histogram", "values": [58, 3, 5, 2, 1, 2, 1, 2, 3, 3, 1, 3, 1, 1, 0, 2, 0, 2, 2, 0, 0, 1, 1, 1, 0, 0, 1, 0, 0, 2, 1, 1], "bins": [0.0, 3.375, 6.75, 10.125, 13.5, 16.875, 20.25, 23.625, 27.0, 30.375, 33.75, 37.125, 40.5, 43.875, 47.25, 50.625, 54.0, 57.375, 60.75, 64.125, 67.5, 70.875, 74.25, 77.625, 81.0, 84.375, 87.75, 91.125, 94.5, 97.875, 101.25, 104.625, 108.0]}, "_timestamp": 1682681650.915275, "_runtime": 2.071777105331421, "_step": 0, "_wandb": {"runtime": 0}}