{"accuracy": 0.15428900402993667, "classification_report": "              precision    recall  f1-score   support\n\n           0       0.19      0.16      0.17       180\n           1       0.08      0.11      0.09       142\n           2       0.16      0.17      0.16       181\n           3       0.18      0.17      0.18       190\n           4       0.13      0.12      0.12       201\n           5       0.15      0.13      0.14       150\n           6       0.13      0.15      0.14       178\n           7       0.20      0.17      0.18       171\n           8       0.15      0.15      0.15       171\n           9       0.20      0.21      0.20       173\n\n    accuracy                           0.15      1737\n   macro avg       0.16      0.15      0.15      1737\nweighted avg       0.16      0.15      0.16      1737\n", "confusion_matrix": {"_type": "histogram", "values": [4, 2, 2, 0, 6, 7, 5, 12, 3, 4, 4, 5, 7, 3, 7, 5, 5, 5, 1, 2, 2, 1, 3, 1, 0, 0, 1, 0, 1, 1, 0, 1], "bins": [5.0, 6.0625, 7.125, 8.1875, 9.25, 10.3125, 11.375, 12.4375, 13.5, 14.5625, 15.625, 16.6875, 17.75, 18.8125, 19.875, 20.9375, 22.0, 23.0625, 24.125, 25.1875, 26.25, 27.3125, 28.375, 29.4375, 30.5, 31.5625, 32.625, 33.6875, 34.75, 35.8125, 36.875, 37.9375, 39.0]}, "_timestamp": 1682596763.920495, "_runtime": 2.3973140716552734, "_step": 0, "_wandb": {"runtime": 0}}