{"accuracy": 0.1669545192861255, "classification_report": "              precision    recall  f1-score   support\n\n           0       0.39      0.28      0.33       180\n           1       0.00      0.00      0.00       142\n           2       0.00      0.00      0.00       181\n           3       0.12      0.72      0.21       190\n           4       0.00      0.00      0.00       201\n           5       0.00      0.00      0.00       150\n           6       0.00      0.00      0.00       178\n           7       0.13      0.09      0.10       171\n           8       0.30      0.04      0.06       171\n           9       0.24      0.48      0.32       173\n\n    accuracy                           0.17      1737\n   macro avg       0.12      0.16      0.10      1737\nweighted avg       0.12      0.17      0.10      1737\n", "confusion_matrix": {"_type": "histogram", "values": [63, 8, 4, 3, 3, 2, 0, 2, 1, 0, 1, 2, 0, 0, 0, 1, 0, 0, 1, 1, 0, 0, 1, 1, 0, 1, 0, 2, 1, 0, 1, 1], "bins": [0.0, 4.46875, 8.9375, 13.40625, 17.875, 22.34375, 26.8125, 31.28125, 35.75, 40.21875, 44.6875, 49.15625, 53.625, 58.09375, 62.5625, 67.03125, 71.5, 75.96875, 80.4375, 84.90625, 89.375, 93.84375, 98.3125, 102.78125, 107.25, 111.71875, 116.1875, 120.65625, 125.125, 129.59375, 134.0625, 138.53125, 143.0]}, "_timestamp": 1682681635.678359, "_runtime": 2.7526631355285645, "_step": 0, "_wandb": {"runtime": 0}}