{"accuracy": 0.09326424870466321, "classification_report": "              precision    recall  f1-score   support\n\n           0       0.01      0.02      0.01       180\n           1       0.16      0.16      0.16       142\n           2       0.10      0.26      0.15       181\n           3       0.13      0.21      0.16       190\n           4       0.06      0.10      0.08       201\n           5       0.13      0.19      0.16       150\n           6       0.00      0.00      0.00       178\n           7       0.00      0.00      0.00       171\n           8       0.00      0.00      0.00       171\n           9       0.00      0.00      0.00       173\n\n    accuracy                           0.09      1737\n   macro avg       0.06      0.09      0.07      1737\nweighted avg       0.06      0.09      0.07      1737\n", "confusion_matrix": {"_type": "histogram", "values": [41, 1, 2, 8, 5, 2, 12, 3, 5, 3, 2, 3, 2, 1, 2, 2, 1, 0, 2, 0, 1, 0, 0, 0, 1, 0, 0, 0, 0, 0, 0, 1], "bins": [0.0, 3.3125, 6.625, 9.9375, 13.25, 16.5625, 19.875, 23.1875, 26.5, 29.8125, 33.125, 36.4375, 39.75, 43.0625, 46.375, 49.6875, 53.0, 56.3125, 59.625, 62.9375, 66.25, 69.5625, 72.875, 76.1875, 79.5, 82.8125, 86.125, 89.4375, 92.75, 96.0625, 99.375, 102.6875, 106.0]}, "_timestamp": 1682774805.4138398, "_runtime": 24.75840973854065, "_step": 0, "_wandb": {"runtime": 23}}