{"accuracy": 0.1692573402417962, "classification_report": "              precision    recall  f1-score   support\n\n           0       0.32      0.30      0.31       180\n           1       0.15      0.18      0.17       142\n           2       0.16      0.14      0.15       181\n           3       0.14      0.17      0.16       190\n           4       0.16      0.12      0.14       201\n           5       0.11      0.13      0.12       150\n           6       0.10      0.11      0.11       178\n           7       0.16      0.13      0.14       171\n           8       0.15      0.16      0.16       171\n           9       0.26      0.25      0.25       173\n\n    accuracy                           0.17      1737\n   macro avg       0.17      0.17      0.17      1737\nweighted avg       0.17      0.17      0.17      1737\n", "confusion_matrix": {"_type": "histogram", "values": [2, 4, 3, 9, 4, 3, 12, 3, 7, 12, 4, 9, 6, 1, 6, 4, 4, 2, 2, 0, 0, 0, 0, 1, 0, 1, 0, 0, 0, 0, 0, 1], "bins": [2.0, 3.625, 5.25, 6.875, 8.5, 10.125, 11.75, 13.375, 15.0, 16.625, 18.25, 19.875, 21.5, 23.125, 24.75, 26.375, 28.0, 29.625, 31.25, 32.875, 34.5, 36.125, 37.75, 39.375, 41.0, 42.625, 44.25, 45.875, 47.5, 49.125, 50.75, 52.375, 54.0]}, "_timestamp": 1682595977.7066681, "_runtime": 5.230968236923218, "_step": 0, "_wandb": {"runtime": 2}}