{"accuracy": 0.15889464594127806, "classification_report": "              precision    recall  f1-score   support\n\n           0       0.28      0.27      0.28       180\n           1       0.16      0.22      0.18       142\n           2       0.14      0.12      0.12       181\n           3       0.11      0.12      0.11       190\n           4       0.15      0.17      0.16       201\n           5       0.10      0.09      0.10       150\n           6       0.12      0.14      0.13       178\n           7       0.15      0.11      0.13       171\n           8       0.15      0.13      0.14       171\n           9       0.23      0.22      0.22       173\n\n    accuracy                           0.16      1737\n   macro avg       0.16      0.16      0.16      1737\nweighted avg       0.16      0.16      0.16      1737\n", "confusion_matrix": {"_type": "histogram", "values": [4, 0, 4, 1, 7, 4, 7, 4, 10, 3, 10, 6, 15, 3, 8, 5, 1, 1, 0, 3, 0, 1, 0, 1, 1, 0, 0, 0, 0, 0, 0, 1], "bins": [2.0, 3.46875, 4.9375, 6.40625, 7.875, 9.34375, 10.8125, 12.28125, 13.75, 15.21875, 16.6875, 18.15625, 19.625, 21.09375, 22.5625, 24.03125, 25.5, 26.96875, 28.4375, 29.90625, 31.375, 32.84375, 34.3125, 35.78125, 37.25, 38.71875, 40.1875, 41.65625, 43.125, 44.59375, 46.0625, 47.53125, 49.0]}, "_timestamp": 1682596054.810095, "_runtime": 5.545359134674072, "_step": 0, "_wandb": {"runtime": 3}}