{"accuracy": 0.20610247553252733, "classification_report": "              precision    recall  f1-score   support\n\n           0       0.41      0.50      0.45       180\n           1       0.21      0.30      0.25       142\n           2       0.17      0.14      0.15       181\n           3       0.21      0.16      0.18       190\n           4       0.17      0.10      0.13       201\n           5       0.13      0.09      0.11       150\n           6       0.12      0.13      0.12       178\n           7       0.16      0.16      0.16       171\n           8       0.13      0.12      0.12       171\n           9       0.24      0.37      0.29       173\n\n    accuracy                           0.21      1737\n   macro avg       0.19      0.21      0.20      1737\nweighted avg       0.19      0.21      0.20      1737\n", "confusion_matrix": {"_type": "histogram", "values": [5, 12, 9, 13, 12, 6, 13, 8, 8, 2, 3, 2, 2, 1, 0, 1, 0, 1, 0, 0, 0, 0, 1, 0, 0, 0, 0, 0, 0, 0, 0, 1], "bins": [1.0, 3.78125, 6.5625, 9.34375, 12.125, 14.90625, 17.6875, 20.46875, 23.25, 26.03125, 28.8125, 31.59375, 34.375, 37.15625, 39.9375, 42.71875, 45.5, 48.28125, 51.0625, 53.84375, 56.625, 59.40625, 62.1875, 64.96875, 67.75, 70.53125, 73.3125, 76.09375, 78.875, 81.65625, 84.4375, 87.21875, 90.0]}, "_timestamp": 1682605613.138688, "_runtime": 84.479905128479, "_step": 0, "_wandb": {"runtime": 82}}