{"accuracy": 0.14565342544617155, "classification_report": "              precision    recall  f1-score   support\n\n           0       0.28      0.23      0.25       180\n           1       0.16      0.18      0.17       142\n           2       0.13      0.11      0.12       181\n           3       0.11      0.12      0.12       190\n           4       0.15      0.13      0.14       201\n           5       0.10      0.11      0.11       150\n           6       0.12      0.13      0.13       178\n           7       0.08      0.08      0.08       171\n           8       0.16      0.17      0.17       171\n           9       0.16      0.18      0.17       173\n\n    accuracy                           0.15      1737\n   macro avg       0.15      0.15      0.15      1737\nweighted avg       0.15      0.15      0.15      1737\n", "confusion_matrix": {"_type": "histogram", "values": [3, 1, 1, 2, 3, 9, 3, 4, 6, 9, 13, 5, 7, 8, 0, 3, 13, 1, 3, 1, 0, 2, 0, 1, 1, 0, 0, 0, 0, 0, 0, 1], "bins": [4.0, 5.1875, 6.375, 7.5625, 8.75, 9.9375, 11.125, 12.3125, 13.5, 14.6875, 15.875, 17.0625, 18.25, 19.4375, 20.625, 21.8125, 23.0, 24.1875, 25.375, 26.5625, 27.75, 28.9375, 30.125, 31.3125, 32.5, 33.6875, 34.875, 36.0625, 37.25, 38.4375, 39.625, 40.8125, 42.0]}, "_timestamp": 1682594361.2917278, "_runtime": 4.303669691085815, "_step": 0, "_wandb": {"runtime": 0}}