{"accuracy": 0.08750719631548647, "classification_report": "              precision    recall  f1-score   support\n\n           0       0.01      0.03      0.02       180\n           1       0.09      0.28      0.14       142\n           2       0.10      0.27      0.15       181\n           3       0.12      0.31      0.18       190\n           4       0.00      0.00      0.00       201\n           5       0.00      0.00      0.00       150\n           6       0.00      0.00      0.00       178\n           7       0.00      0.00      0.00       171\n           8       0.00      0.00      0.00       171\n           9       0.00      0.00      0.00       173\n\n    accuracy                           0.09      1737\n   macro avg       0.03      0.09      0.05      1737\nweighted avg       0.03      0.09      0.05      1737\n", "confusion_matrix": {"_type": "histogram", "values": [60, 1, 0, 2, 4, 1, 4, 2, 1, 3, 4, 0, 4, 2, 1, 5, 2, 0, 1, 0, 2, 0, 0, 0, 0, 0, 0, 0, 0, 0, 0, 1], "bins": [0.0, 3.90625, 7.8125, 11.71875, 15.625, 19.53125, 23.4375, 27.34375, 31.25, 35.15625, 39.0625, 42.96875, 46.875, 50.78125, 54.6875, 58.59375, 62.5, 66.40625, 70.3125, 74.21875, 78.125, 82.03125, 85.9375, 89.84375, 93.75, 97.65625, 101.5625, 105.46875, 109.375, 113.28125, 117.1875, 121.09375, 125.0]}, "_timestamp": 1682774744.5476322, "_runtime": 19.062811136245728, "_step": 0, "_wandb": {"runtime": 17}}