{"accuracy": 0.20725388601036268, "classification_report": "              precision    recall  f1-score   support\n\n           0       0.37      0.59      0.46       180\n           1       0.15      0.08      0.11       142\n           2       0.28      0.09      0.14       181\n           3       0.13      0.28      0.18       190\n           4       0.16      0.06      0.09       201\n           5       0.00      0.00      0.00       150\n           6       0.16      0.28      0.20       178\n           7       0.33      0.01      0.01       171\n           8       0.33      0.01      0.01       171\n           9       0.21      0.62      0.32       173\n\n    accuracy                           0.21      1737\n   macro avg       0.21      0.20      0.15      1737\nweighted avg       0.22      0.21      0.15      1737\n", "confusion_matrix": {"_type": "histogram", "values": [35, 11, 15, 5, 3, 2, 1, 1, 2, 2, 2, 6, 3, 1, 1, 0, 4, 1, 0, 1, 1, 0, 0, 0, 0, 1, 0, 0, 0, 0, 0, 2], "bins": [0.0, 3.34375, 6.6875, 10.03125, 13.375, 16.71875, 20.0625, 23.40625, 26.75, 30.09375, 33.4375, 36.78125, 40.125, 43.46875, 46.8125, 50.15625, 53.5, 56.84375, 60.1875, 63.53125, 66.875, 70.21875, 73.5625, 76.90625, 80.25, 83.59375, 86.9375, 90.28125, 93.625, 96.96875, 100.3125, 103.65625, 107.0]}, "_timestamp": 1682607583.393059, "_runtime": 18.850488901138306, "_step": 0, "_wandb": {"runtime": 17}}