{"accuracy": 0.23258491652274035, "classification_report": "              precision    recall  f1-score   support\n\n           0       0.44      0.37      0.40       180\n           1       0.24      0.27      0.25       142\n           2       0.22      0.21      0.22       181\n           3       0.18      0.16      0.17       190\n           4       0.19      0.16      0.18       201\n           5       0.17      0.17      0.17       150\n           6       0.22      0.21      0.22       178\n           7       0.18      0.22      0.20       171\n           8       0.21      0.20      0.21       171\n           9       0.30      0.35      0.32       173\n\n    accuracy                           0.23      1737\n   macro avg       0.23      0.23      0.23      1737\nweighted avg       0.23      0.23      0.23      1737\n", "confusion_matrix": {"_type": "histogram", "values": [5, 12, 6, 7, 9, 8, 9, 3, 11, 6, 2, 6, 0, 3, 2, 4, 1, 3, 1, 0, 0, 0, 0, 0, 0, 0, 0, 0, 1, 0, 0, 1], "bins": [2.0, 4.03125, 6.0625, 8.09375, 10.125, 12.15625, 14.1875, 16.21875, 18.25, 20.28125, 22.3125, 24.34375, 26.375, 28.40625, 30.4375, 32.46875, 34.5, 36.53125, 38.5625, 40.59375, 42.625, 44.65625, 46.6875, 48.71875, 50.75, 52.78125, 54.8125, 56.84375, 58.875, 60.90625, 62.9375, 64.96875, 67.0]}, "_timestamp": 1682592228.201216, "_runtime": 6.931912899017334, "_step": 0, "_wandb": {"runtime": 5}}