{"accuracy": 0.1888313183649971, "classification_report": "              precision    recall  f1-score   support\n\n           0       0.37      0.33      0.35       180\n           1       0.13      0.13      0.13       142\n           2       0.19      0.14      0.16       181\n           3       0.16      0.29      0.20       190\n           4       0.23      0.18      0.20       201\n           5       0.10      0.15      0.12       150\n           6       0.12      0.11      0.11       178\n           7       0.20      0.14      0.16       171\n           8       0.13      0.08      0.10       171\n           9       0.34      0.30      0.32       173\n\n    accuracy                           0.19      1737\n   macro avg       0.19      0.19      0.19      1737\nweighted avg       0.20      0.19      0.19      1737\n", "confusion_matrix": {"_type": "histogram", "values": [11, 4, 13, 5, 5, 7, 5, 15, 3, 1, 6, 3, 2, 2, 4, 1, 4, 0, 0, 3, 2, 0, 0, 0, 0, 0, 0, 1, 1, 1, 0, 1], "bins": [3.0, 4.78125, 6.5625, 8.34375, 10.125, 11.90625, 13.6875, 15.46875, 17.25, 19.03125, 20.8125, 22.59375, 24.375, 26.15625, 27.9375, 29.71875, 31.5, 33.28125, 35.0625, 36.84375, 38.625, 40.40625, 42.1875, 43.96875, 45.75, 47.53125, 49.3125, 51.09375, 52.875, 54.65625, 56.4375, 58.21875, 60.0]}, "_timestamp": 1682688064.556237, "_runtime": 78.32560300827026, "_step": 0, "_wandb": {"runtime": 76}}