{"accuracy": 0.17904432930339667, "classification_report": "              precision    recall  f1-score   support\n\n           0       0.25      0.57      0.35       180\n           1       0.11      0.11      0.11       142\n           2       0.12      0.03      0.05       181\n           3       0.12      0.12      0.12       190\n           4       0.15      0.07      0.10       201\n           5       0.00      0.00      0.00       150\n           6       0.17      0.29      0.22       178\n           7       0.00      0.00      0.00       171\n           8       0.14      0.05      0.07       171\n           9       0.18      0.51      0.27       173\n\n    accuracy                           0.18      1737\n   macro avg       0.12      0.18      0.13      1737\nweighted avg       0.13      0.18      0.13      1737\n", "confusion_matrix": {"_type": "histogram", "values": [23, 16, 7, 6, 14, 3, 4, 4, 2, 4, 1, 0, 1, 6, 0, 1, 1, 2, 1, 0, 1, 0, 1, 0, 0, 0, 0, 1, 0, 0, 0, 1], "bins": [0.0, 3.21875, 6.4375, 9.65625, 12.875, 16.09375, 19.3125, 22.53125, 25.75, 28.96875, 32.1875, 35.40625, 38.625, 41.84375, 45.0625, 48.28125, 51.5, 54.71875, 57.9375, 61.15625, 64.375, 67.59375, 70.8125, 74.03125, 77.25, 80.46875, 83.6875, 86.90625, 90.125, 93.34375, 96.5625, 99.78125, 103.0]}, "_timestamp": 1682596700.38272, "_runtime": 1.7562971115112305, "_step": 0, "_wandb": {"runtime": 0}}