{"accuracy": 0.25273459988485897, "classification_report": "              precision    recall  f1-score   support\n\n           0       0.43      0.47      0.45       180\n           1       0.19      0.20      0.19       142\n           2       0.24      0.25      0.25       181\n           3       0.19      0.27      0.22       190\n           4       0.21      0.16      0.18       201\n           5       0.17      0.05      0.08       150\n           6       0.18      0.25      0.21       178\n           7       0.22      0.16      0.18       171\n           8       0.34      0.18      0.24       171\n           9       0.32      0.50      0.39       173\n\n    accuracy                           0.25      1737\n   macro avg       0.25      0.25      0.24      1737\nweighted avg       0.25      0.25      0.24      1737\n", "confusion_matrix": {"_type": "histogram", "values": [6, 11, 17, 8, 9, 7, 11, 3, 3, 7, 4, 3, 1, 1, 1, 2, 2, 0, 1, 1, 0, 0, 0, 0, 0, 0, 0, 0, 0, 0, 1, 1], "bins": [0.0, 2.71875, 5.4375, 8.15625, 10.875, 13.59375, 16.3125, 19.03125, 21.75, 24.46875, 27.1875, 29.90625, 32.625, 35.34375, 38.0625, 40.78125, 43.5, 46.21875, 48.9375, 51.65625, 54.375, 57.09375, 59.8125, 62.53125, 65.25, 67.96875, 70.6875, 73.40625, 76.125, 78.84375, 81.5625, 84.28125, 87.0]}, "_timestamp": 1682693633.3585868, "_runtime": 36.92956876754761, "_step": 0, "_wandb": {"runtime": 34}}