{"accuracy": 0.23431203223949337, "classification_report": "              precision    recall  f1-score   support\n\n           0       0.42      0.63      0.50       180\n           1       0.21      0.24      0.22       142\n           2       0.11      0.01      0.01       181\n           3       0.17      0.28      0.21       190\n           4       0.16      0.08      0.11       201\n           5       0.00      0.00      0.00       150\n           6       0.18      0.41      0.25       178\n           7       0.00      0.00      0.00       171\n           8       0.38      0.02      0.03       171\n           9       0.25      0.64      0.36       173\n\n    accuracy                           0.23      1737\n   macro avg       0.19      0.23      0.17      1737\nweighted avg       0.19      0.23      0.17      1737\n", "confusion_matrix": {"_type": "histogram", "values": [41, 9, 7, 7, 2, 1, 5, 5, 2, 2, 4, 1, 1, 1, 2, 2, 3, 0, 2, 0, 1, 0, 0, 0, 0, 0, 0, 0, 0, 0, 0, 2], "bins": [0.0, 3.5625, 7.125, 10.6875, 14.25, 17.8125, 21.375, 24.9375, 28.5, 32.0625, 35.625, 39.1875, 42.75, 46.3125, 49.875, 53.4375, 57.0, 60.5625, 64.125, 67.6875, 71.25, 74.8125, 78.375, 81.9375, 85.5, 89.0625, 92.625, 96.1875, 99.75, 103.3125, 106.875, 110.4375, 114.0]}, "_timestamp": 1682694648.415767, "_runtime": 23.774152994155884, "_step": 0, "_wandb": {"runtime": 20}}