{"accuracy": 0.16465169833045482, "classification_report": "              precision    recall  f1-score   support\n\n           0       0.24      0.23      0.23       180\n           1       0.15      0.18      0.16       142\n           2       0.15      0.17      0.16       181\n           3       0.10      0.11      0.10       190\n           4       0.13      0.11      0.12       201\n           5       0.17      0.05      0.07       150\n           6       0.15      0.17      0.16       178\n           7       0.07      0.03      0.04       171\n           8       0.17      0.27      0.21       171\n           9       0.25      0.32      0.28       173\n\n    accuracy                           0.16      1737\n   macro avg       0.16      0.16      0.15      1737\nweighted avg       0.16      0.16      0.16      1737\n", "confusion_matrix": {"_type": "histogram", "values": [3, 7, 11, 1, 9, 7, 4, 2, 3, 7, 2, 9, 10, 2, 5, 5, 3, 3, 1, 1, 0, 0, 1, 1, 0, 1, 1, 0, 0, 0, 0, 1], "bins": [1.0, 2.71875, 4.4375, 6.15625, 7.875, 9.59375, 11.3125, 13.03125, 14.75, 16.46875, 18.1875, 19.90625, 21.625, 23.34375, 25.0625, 26.78125, 28.5, 30.21875, 31.9375, 33.65625, 35.375, 37.09375, 38.8125, 40.53125, 42.25, 43.96875, 45.6875, 47.40625, 49.125, 50.84375, 52.5625, 54.28125, 56.0]}, "_timestamp": 1682602968.004917, "_runtime": 1.834244966506958, "_step": 0, "_wandb": {"runtime": 0}}