{"accuracy": 0.16637881404720783, "classification_report": "              precision    recall  f1-score   support\n\n           0       0.22      0.24      0.23       180\n           1       0.13      0.17      0.15       142\n           2       0.16      0.18      0.17       181\n           3       0.11      0.12      0.12       190\n           4       0.15      0.14      0.14       201\n           5       0.13      0.11      0.12       150\n           6       0.14      0.15      0.14       178\n           7       0.21      0.14      0.17       171\n           8       0.21      0.16      0.18       171\n           9       0.22      0.24      0.23       173\n\n    accuracy                           0.17      1737\n   macro avg       0.17      0.17      0.17      1737\nweighted avg       0.17      0.17      0.17      1737\n", "confusion_matrix": {"_type": "histogram", "values": [2, 1, 1, 6, 6, 7, 4, 4, 6, 6, 14, 6, 5, 6, 6, 3, 2, 3, 1, 4, 0, 0, 2, 1, 0, 0, 1, 0, 0, 0, 1, 2], "bins": [3.0, 4.28125, 5.5625, 6.84375, 8.125, 9.40625, 10.6875, 11.96875, 13.25, 14.53125, 15.8125, 17.09375, 18.375, 19.65625, 20.9375, 22.21875, 23.5, 24.78125, 26.0625, 27.34375, 28.625, 29.90625, 31.1875, 32.46875, 33.75, 35.03125, 36.3125, 37.59375, 38.875, 40.15625, 41.4375, 42.71875, 44.0]}, "_timestamp": 1682596267.38734, "_runtime": 1.9288570880889893, "_step": 0, "_wandb": {"runtime": 0}}