{"accuracy": 0.23661485319516407, "classification_report": "              precision    recall  f1-score   support\n\n           0       0.45      0.42      0.43       180\n           1       0.24      0.30      0.27       142\n           2       0.21      0.20      0.21       181\n           3       0.20      0.17      0.18       190\n           4       0.21      0.17      0.19       201\n           5       0.14      0.11      0.12       150\n           6       0.23      0.24      0.23       178\n           7       0.19      0.21      0.20       171\n           8       0.18      0.20      0.19       171\n           9       0.28      0.36      0.32       173\n\n    accuracy                           0.24      1737\n   macro avg       0.23      0.24      0.23      1737\nweighted avg       0.23      0.24      0.23      1737\n", "confusion_matrix": {"_type": "histogram", "values": [3, 4, 14, 8, 5, 10, 10, 9, 13, 5, 1, 3, 1, 2, 5, 3, 0, 2, 0, 0, 0, 0, 0, 0, 0, 0, 1, 0, 0, 0, 0, 1], "bins": [0.0, 2.34375, 4.6875, 7.03125, 9.375, 11.71875, 14.0625, 16.40625, 18.75, 21.09375, 23.4375, 25.78125, 28.125, 30.46875, 32.8125, 35.15625, 37.5, 39.84375, 42.1875, 44.53125, 46.875, 49.21875, 51.5625, 53.90625, 56.25, 58.59375, 60.9375, 63.28125, 65.625, 67.96875, 70.3125, 72.65625, 75.0]}, "_timestamp": 1682592366.937423, "_runtime": 7.221805095672607, "_step": 0, "_wandb": {"runtime": 5}}