{"accuracy": 0.16810592976396085, "classification_report": "              precision    recall  f1-score   support\n\n           0       0.32      0.43      0.37       180\n           1       0.13      0.15      0.14       142\n           2       0.12      0.31      0.17       181\n           3       0.15      0.01      0.02       190\n           4       0.67      0.01      0.02       201\n           5       0.11      0.05      0.07       150\n           6       0.12      0.05      0.07       178\n           7       0.15      0.19      0.17       171\n           8       0.12      0.10      0.11       171\n           9       0.19      0.39      0.26       173\n\n    accuracy                           0.17      1737\n   macro avg       0.21      0.17      0.14      1737\nweighted avg       0.22      0.17      0.14      1737\n", "confusion_matrix": {"_type": "histogram", "values": [22, 5, 12, 7, 7, 5, 6, 3, 2, 3, 0, 5, 2, 5, 1, 2, 0, 4, 1, 2, 0, 1, 1, 0, 1, 0, 1, 1, 0, 0, 0, 1], "bins": [0.0, 2.4375, 4.875, 7.3125, 9.75, 12.1875, 14.625, 17.0625, 19.5, 21.9375, 24.375, 26.8125, 29.25, 31.6875, 34.125, 36.5625, 39.0, 41.4375, 43.875, 46.3125, 48.75, 51.1875, 53.625, 56.0625, 58.5, 60.9375, 63.375, 65.8125, 68.25, 70.6875, 73.125, 75.5625, 78.0]}, "_timestamp": 1682602942.427965, "_runtime": 1.8065128326416016, "_step": 0, "_wandb": {"runtime": 0}}