{"accuracy": 0.1669545192861255, "classification_report": "              precision    recall  f1-score   support\n\n           0       0.33      0.23      0.27       180\n           1       0.13      0.51      0.21       142\n           2       0.14      0.09      0.11       181\n           3       0.15      0.10      0.12       190\n           4       0.20      0.12      0.15       201\n           5       0.10      0.05      0.06       150\n           6       0.18      0.17      0.18       178\n           7       0.16      0.08      0.11       171\n           8       0.16      0.14      0.15       171\n           9       0.21      0.24      0.22       173\n\n    accuracy                           0.17      1737\n   macro avg       0.17      0.17      0.16      1737\nweighted avg       0.18      0.17      0.16      1737\n", "confusion_matrix": {"_type": "histogram", "values": [11, 10, 13, 22, 12, 9, 4, 5, 0, 2, 2, 1, 1, 2, 0, 0, 1, 0, 0, 1, 0, 0, 1, 1, 0, 1, 0, 0, 0, 0, 0, 1], "bins": [1.0, 4.0625, 7.125, 10.1875, 13.25, 16.3125, 19.375, 22.4375, 25.5, 28.5625, 31.625, 34.6875, 37.75, 40.8125, 43.875, 46.9375, 50.0, 53.0625, 56.125, 59.1875, 62.25, 65.3125, 68.375, 71.4375, 74.5, 77.5625, 80.625, 83.6875, 86.75, 89.8125, 92.875, 95.9375, 99.0]}, "_timestamp": 1682682018.672835, "_runtime": 4.088659048080444, "_step": 0, "_wandb": {"runtime": 1}}