{"accuracy": 0.1445020149683362, "classification_report": "              precision    recall  f1-score   support\n\n           0       0.24      0.21      0.22       180\n           1       0.09      0.13      0.11       142\n           2       0.09      0.09      0.09       181\n           3       0.16      0.16      0.16       190\n           4       0.16      0.13      0.15       201\n           5       0.10      0.09      0.10       150\n           6       0.09      0.10      0.09       178\n           7       0.16      0.18      0.17       171\n           8       0.14      0.13      0.14       171\n           9       0.21      0.20      0.21       173\n\n    accuracy                           0.14      1737\n   macro avg       0.15      0.14      0.14      1737\nweighted avg       0.15      0.14      0.15      1737\n", "confusion_matrix": {"_type": "histogram", "values": [4, 4, 3, 7, 4, 5, 14, 4, 6, 6, 3, 6, 8, 3, 5, 6, 2, 2, 1, 1, 1, 1, 0, 0, 0, 1, 0, 2, 0, 0, 0, 1], "bins": [6.0, 7.15625, 8.3125, 9.46875, 10.625, 11.78125, 12.9375, 14.09375, 15.25, 16.40625, 17.5625, 18.71875, 19.875, 21.03125, 22.1875, 23.34375, 24.5, 25.65625, 26.8125, 27.96875, 29.125, 30.28125, 31.4375, 32.59375, 33.75, 34.90625, 36.0625, 37.21875, 38.375, 39.53125, 40.6875, 41.84375, 43.0]}, "_timestamp": 1682603576.129007, "_runtime": 2.0356380939483643, "_step": 0, "_wandb": {"runtime": 0}}