{"accuracy": 0.18767990788716177, "classification_report": "              precision    recall  f1-score   support\n\n           0       0.24      0.70      0.36       180\n           1       0.13      0.04      0.06       142\n           2       0.13      0.14      0.14       181\n           3       0.19      0.09      0.12       190\n           4       0.17      0.14      0.15       201\n           5       0.10      0.01      0.02       150\n           6       0.13      0.22      0.16       178\n           7       0.15      0.09      0.11       171\n           8       0.17      0.15      0.16       171\n           9       0.30      0.24      0.27       173\n\n    accuracy                           0.19      1737\n   macro avg       0.17      0.18      0.16      1737\nweighted avg       0.17      0.19      0.16      1737\n", "confusion_matrix": {"_type": "histogram", "values": [20, 12, 16, 9, 13, 4, 7, 6, 2, 2, 3, 1, 0, 1, 0, 2, 0, 0, 1, 0, 0, 0, 0, 0, 0, 0, 0, 0, 0, 0, 0, 1], "bins": [0.0, 3.9375, 7.875, 11.8125, 15.75, 19.6875, 23.625, 27.5625, 31.5, 35.4375, 39.375, 43.3125, 47.25, 51.1875, 55.125, 59.0625, 63.0, 66.9375, 70.875, 74.8125, 78.75, 82.6875, 86.625, 90.5625, 94.5, 98.4375, 102.375, 106.3125, 110.25, 114.1875, 118.125, 122.0625, 126.0]}, "_timestamp": 1682681596.002193, "_runtime": 2.7944588661193848, "_step": 0, "_wandb": {"runtime": 0}}