{"accuracy": 0.1848013816925734, "classification_report": "              precision    recall  f1-score   support\n\n           0       0.22      0.61      0.32       180\n           1       0.14      0.08      0.11       142\n           2       0.12      0.13      0.12       181\n           3       0.22      0.09      0.13       190\n           4       0.16      0.13      0.14       201\n           5       0.13      0.02      0.03       150\n           6       0.15      0.26      0.19       178\n           7       0.14      0.11      0.12       171\n           8       0.22      0.17      0.19       171\n           9       0.31      0.20      0.24       173\n\n    accuracy                           0.18      1737\n   macro avg       0.18      0.18      0.16      1737\nweighted avg       0.18      0.18      0.16      1737\n", "confusion_matrix": {"_type": "histogram", "values": [16, 15, 10, 10, 9, 9, 5, 6, 3, 6, 2, 2, 0, 2, 1, 0, 1, 1, 0, 0, 0, 1, 0, 0, 0, 0, 0, 0, 0, 0, 0, 1], "bins": [0.0, 3.40625, 6.8125, 10.21875, 13.625, 17.03125, 20.4375, 23.84375, 27.25, 30.65625, 34.0625, 37.46875, 40.875, 44.28125, 47.6875, 51.09375, 54.5, 57.90625, 61.3125, 64.71875, 68.125, 71.53125, 74.9375, 78.34375, 81.75, 85.15625, 88.5625, 91.96875, 95.375, 98.78125, 102.1875, 105.59375, 109.0]}, "_timestamp": 1682681539.342112, "_runtime": 2.960932970046997, "_step": 0, "_wandb": {"runtime": 0}}