{"accuracy": 0.21243523316062177, "classification_report": "              precision    recall  f1-score   support\n\n           0       0.37      0.48      0.42       180\n           1       0.14      0.18      0.16       142\n           2       0.19      0.18      0.18       181\n           3       0.18      0.17      0.18       190\n           4       0.15      0.12      0.14       201\n           5       0.12      0.09      0.11       150\n           6       0.17      0.19      0.18       178\n           7       0.14      0.11      0.12       171\n           8       0.22      0.17      0.19       171\n           9       0.32      0.41      0.36       173\n\n    accuracy                           0.21      1737\n   macro avg       0.20      0.21      0.20      1737\nweighted avg       0.20      0.21      0.20      1737\n", "confusion_matrix": {"_type": "histogram", "values": [2, 11, 14, 6, 15, 11, 10, 8, 5, 3, 5, 4, 1, 1, 2, 0, 0, 0, 0, 0, 0, 0, 0, 0, 0, 0, 1, 0, 0, 0, 0, 1], "bins": [1.0, 3.6875, 6.375, 9.0625, 11.75, 14.4375, 17.125, 19.8125, 22.5, 25.1875, 27.875, 30.5625, 33.25, 35.9375, 38.625, 41.3125, 44.0, 46.6875, 49.375, 52.0625, 54.75, 57.4375, 60.125, 62.8125, 65.5, 68.1875, 70.875, 73.5625, 76.25, 78.9375, 81.625, 84.3125, 87.0]}, "_timestamp": 1682693501.9478111, "_runtime": 28.180958032608032, "_step": 0, "_wandb": {"runtime": 25}}