{"accuracy": 0.18134715025906736, "classification_report": "              precision    recall  f1-score   support\n\n           0       0.24      0.74      0.36       180\n           1       0.05      0.01      0.02       142\n           2       0.09      0.07      0.08       181\n           3       0.15      0.19      0.17       190\n           4       0.24      0.05      0.09       201\n           5       0.07      0.01      0.02       150\n           6       0.13      0.23      0.17       178\n           7       0.14      0.06      0.08       171\n           8       0.21      0.12      0.15       171\n           9       0.26      0.26      0.26       173\n\n    accuracy                           0.18      1737\n   macro avg       0.16      0.18      0.14      1737\nweighted avg       0.16      0.18      0.14      1737\n", "confusion_matrix": {"_type": "histogram", "values": [27, 14, 12, 12, 3, 8, 5, 4, 4, 3, 3, 0, 1, 0, 0, 1, 0, 1, 0, 1, 0, 0, 0, 0, 0, 0, 0, 0, 0, 0, 0, 1], "bins": [0.0, 4.1875, 8.375, 12.5625, 16.75, 20.9375, 25.125, 29.3125, 33.5, 37.6875, 41.875, 46.0625, 50.25, 54.4375, 58.625, 62.8125, 67.0, 71.1875, 75.375, 79.5625, 83.75, 87.9375, 92.125, 96.3125, 100.5, 104.6875, 108.875, 113.0625, 117.25, 121.4375, 125.625, 129.8125, 134.0]}, "_timestamp": 1682681748.372372, "_runtime": 2.3390989303588867, "_step": 0, "_wandb": {"runtime": 0}}