{"accuracy": 0.09614277489925158, "classification_report": "              precision    recall  f1-score   support\n\n           0       0.08      0.05      0.06       180\n           1       0.03      0.10      0.04       142\n           2       0.16      0.49      0.24       181\n           3       0.10      0.29      0.15       190\n           4       0.00      0.00      0.00       201\n           5       0.00      0.00      0.00       150\n           6       0.00      0.00      0.00       178\n           7       0.00      0.00      0.00       171\n           8       0.00      0.00      0.00       171\n           9       0.00      0.00      0.00       173\n\n    accuracy                           0.10      1737\n   macro avg       0.04      0.09      0.05      1737\nweighted avg       0.04      0.10      0.05      1737\n", "confusion_matrix": {"_type": "histogram", "values": [60, 0, 6, 4, 3, 0, 1, 2, 2, 2, 2, 1, 1, 2, 3, 0, 2, 1, 2, 0, 3, 0, 1, 1, 0, 0, 0, 0, 0, 0, 0, 1], "bins": [0.0, 3.9375, 7.875, 11.8125, 15.75, 19.6875, 23.625, 27.5625, 31.5, 35.4375, 39.375, 43.3125, 47.25, 51.1875, 55.125, 59.0625, 63.0, 66.9375, 70.875, 74.8125, 78.75, 82.6875, 86.625, 90.5625, 94.5, 98.4375, 102.375, 106.3125, 110.25, 114.1875, 118.125, 122.0625, 126.0]}, "_timestamp": 1682841541.185588, "_runtime": 73.27471780776978, "_step": 0, "_wandb": {"runtime": 72}}