{"accuracy": 0.17674150834772595, "classification_report": "              precision    recall  f1-score   support\n\n           0       0.19      0.65      0.29       180\n           1       0.14      0.11      0.12       142\n           2       0.33      0.02      0.03       181\n           3       0.30      0.02      0.03       190\n           4       0.56      0.02      0.05       201\n           5       0.21      0.02      0.04       150\n           6       0.14      0.50      0.22       178\n           7       0.18      0.03      0.05       171\n           8       0.16      0.16      0.16       171\n           9       0.31      0.23      0.26       173\n\n    accuracy                           0.18      1737\n   macro avg       0.25      0.18      0.13      1737\nweighted avg       0.26      0.18      0.12      1737\n", "confusion_matrix": {"_type": "histogram", "values": [50, 9, 5, 3, 3, 4, 3, 1, 1, 2, 4, 0, 0, 2, 1, 0, 2, 1, 0, 1, 3, 2, 0, 0, 2, 0, 0, 0, 0, 0, 0, 1], "bins": [0.0, 3.65625, 7.3125, 10.96875, 14.625, 18.28125, 21.9375, 25.59375, 29.25, 32.90625, 36.5625, 40.21875, 43.875, 47.53125, 51.1875, 54.84375, 58.5, 62.15625, 65.8125, 69.46875, 73.125, 76.78125, 80.4375, 84.09375, 87.75, 91.40625, 95.0625, 98.71875, 102.375, 106.03125, 109.6875, 113.34375, 117.0]}, "_timestamp": 1682681706.757484, "_runtime": 2.153679847717285, "_step": 0, "_wandb": {"runtime": 0}}