{"accuracy": 0.1577432354634427, "classification_report": "              precision    recall  f1-score   support\n\n           0       0.24      0.24      0.24       180\n           1       0.15      0.19      0.17       142\n           2       0.15      0.15      0.15       181\n           3       0.12      0.12      0.12       190\n           4       0.16      0.15      0.15       201\n           5       0.10      0.09      0.09       150\n           6       0.11      0.12      0.12       178\n           7       0.15      0.13      0.14       171\n           8       0.13      0.12      0.12       171\n           9       0.24      0.27      0.25       173\n\n    accuracy                           0.16      1737\n   macro avg       0.15      0.16      0.16      1737\nweighted avg       0.16      0.16      0.16      1737\n", "confusion_matrix": {"_type": "histogram", "values": [2, 0, 5, 2, 5, 10, 4, 3, 10, 5, 14, 7, 7, 10, 4, 1, 1, 2, 1, 1, 1, 2, 0, 0, 0, 0, 0, 0, 0, 1, 0, 2], "bins": [3.0, 4.375, 5.75, 7.125, 8.5, 9.875, 11.25, 12.625, 14.0, 15.375, 16.75, 18.125, 19.5, 20.875, 22.25, 23.625, 25.0, 26.375, 27.75, 29.125, 30.5, 31.875, 33.25, 34.625, 36.0, 37.375, 38.75, 40.125, 41.5, 42.875, 44.25, 45.625, 47.0]}, "_timestamp": 1682603369.200812, "_runtime": 9.442995071411133, "_step": 0, "_wandb": {"runtime": 7}}