{"accuracy": 0.1560161197466897, "classification_report": "              precision    recall  f1-score   support\n\n           0       0.21      0.30      0.25       180\n           1       0.14      0.25      0.18       142\n           2       0.17      0.20      0.18       181\n           3       0.08      0.05      0.06       190\n           4       0.17      0.02      0.04       201\n           5       0.00      0.00      0.00       150\n           6       0.13      0.25      0.17       178\n           7       0.12      0.12      0.12       171\n           8       0.17      0.15      0.16       171\n           9       0.19      0.24      0.21       173\n\n    accuracy                           0.16      1737\n   macro avg       0.14      0.16      0.14      1737\nweighted avg       0.14      0.16      0.14      1737\n", "confusion_matrix": {"_type": "histogram", "values": [14, 6, 5, 0, 3, 9, 2, 5, 7, 4, 6, 5, 1, 5, 5, 0, 1, 3, 2, 0, 3, 5, 2, 0, 2, 0, 2, 0, 0, 0, 1, 2], "bins": [0.0, 1.6875, 3.375, 5.0625, 6.75, 8.4375, 10.125, 11.8125, 13.5, 15.1875, 16.875, 18.5625, 20.25, 21.9375, 23.625, 25.3125, 27.0, 28.6875, 30.375, 32.0625, 33.75, 35.4375, 37.125, 38.8125, 40.5, 42.1875, 43.875, 45.5625, 47.25, 48.9375, 50.625, 52.3125, 54.0]}, "_timestamp": 1682596650.613523, "_runtime": 1.770608901977539, "_step": 0, "_wandb": {"runtime": 0}}