{"accuracy": 0.1715601611974669, "classification_report": "              precision    recall  f1-score   support\n\n           0       0.34      0.23      0.27       180\n           1       0.13      0.50      0.20       142\n           2       0.13      0.10      0.11       181\n           3       0.16      0.11      0.13       190\n           4       0.21      0.11      0.15       201\n           5       0.15      0.07      0.10       150\n           6       0.19      0.17      0.18       178\n           7       0.16      0.08      0.11       171\n           8       0.17      0.15      0.16       171\n           9       0.21      0.25      0.23       173\n\n    accuracy                           0.17      1737\n   macro avg       0.18      0.18      0.16      1737\nweighted avg       0.19      0.17      0.16      1737\n", "confusion_matrix": {"_type": "histogram", "values": [6, 14, 12, 15, 13, 16, 4, 3, 3, 1, 2, 2, 0, 2, 1, 1, 0, 0, 0, 1, 0, 0, 0, 1, 1, 0, 1, 0, 0, 0, 0, 1], "bins": [1.0, 3.96875, 6.9375, 9.90625, 12.875, 15.84375, 18.8125, 21.78125, 24.75, 27.71875, 30.6875, 33.65625, 36.625, 39.59375, 42.5625, 45.53125, 48.5, 51.46875, 54.4375, 57.40625, 60.375, 63.34375, 66.3125, 69.28125, 72.25, 75.21875, 78.1875, 81.15625, 84.125, 87.09375, 90.0625, 93.03125, 96.0]}, "_timestamp": 1682681975.052106, "_runtime": 4.031678915023804, "_step": 0, "_wandb": {"runtime": 1}}