{"accuracy": 0.16119746689694875, "classification_report": "              precision    recall  f1-score   support\n\n           0       0.25      0.24      0.24       180\n           1       0.15      0.17      0.16       142\n           2       0.13      0.13      0.13       181\n           3       0.14      0.13      0.13       190\n           4       0.15      0.14      0.14       201\n           5       0.12      0.11      0.12       150\n           6       0.16      0.15      0.15       178\n           7       0.18      0.17      0.17       171\n           8       0.15      0.15      0.15       171\n           9       0.19      0.22      0.21       173\n\n    accuracy                           0.16      1737\n   macro avg       0.16      0.16      0.16      1737\nweighted avg       0.16      0.16      0.16      1737\n", "confusion_matrix": {"_type": "histogram", "values": [4, 2, 2, 10, 4, 3, 14, 7, 5, 8, 13, 3, 6, 1, 2, 2, 7, 1, 1, 1, 0, 0, 0, 0, 0, 1, 1, 0, 1, 0, 0, 1], "bins": [5.0, 6.3125, 7.625, 8.9375, 10.25, 11.5625, 12.875, 14.1875, 15.5, 16.8125, 18.125, 19.4375, 20.75, 22.0625, 23.375, 24.6875, 26.0, 27.3125, 28.625, 29.9375, 31.25, 32.5625, 33.875, 35.1875, 36.5, 37.8125, 39.125, 40.4375, 41.75, 43.0625, 44.375, 45.6875, 47.0]}, "_timestamp": 1682603297.133197, "_runtime": 10.135130167007446, "_step": 0, "_wandb": {"runtime": 8}}