{"accuracy": 0.21128382268278642, "classification_report": "              precision    recall  f1-score   support\n\n           0       0.37      0.27      0.31       180\n           1       0.16      0.21      0.18       142\n           2       0.19      0.22      0.21       181\n           3       0.21      0.15      0.18       190\n           4       0.18      0.23      0.20       201\n           5       0.20      0.05      0.08       150\n           6       0.16      0.22      0.19       178\n           7       0.20      0.18      0.19       171\n           8       0.20      0.19      0.19       171\n           9       0.29      0.37      0.32       173\n\n    accuracy                           0.21      1737\n   macro avg       0.22      0.21      0.20      1737\nweighted avg       0.22      0.21      0.21      1737\n", "confusion_matrix": {"_type": "histogram", "values": [5, 5, 10, 5, 8, 4, 6, 4, 7, 8, 8, 4, 3, 5, 4, 3, 2, 0, 1, 0, 4, 0, 0, 1, 1, 1, 0, 0, 0, 0, 0, 1], "bins": [0.0, 2.0, 4.0, 6.0, 8.0, 10.0, 12.0, 14.0, 16.0, 18.0, 20.0, 22.0, 24.0, 26.0, 28.0, 30.0, 32.0, 34.0, 36.0, 38.0, 40.0, 42.0, 44.0, 46.0, 48.0, 50.0, 52.0, 54.0, 56.0, 58.0, 60.0, 62.0, 64.0]}, "_timestamp": 1682687898.993609, "_runtime": 75.90262985229492, "_step": 0, "_wandb": {"runtime": 73}}