{"accuracy": 0.14795624640184227, "classification_report": "              precision    recall  f1-score   support\n\n           0       0.27      0.24      0.26       180\n           1       0.11      0.13      0.12       142\n           2       0.17      0.18      0.17       181\n           3       0.10      0.13      0.12       190\n           4       0.14      0.10      0.12       201\n           5       0.10      0.08      0.09       150\n           6       0.10      0.11      0.10       178\n           7       0.16      0.15      0.15       171\n           8       0.18      0.14      0.16       171\n           9       0.18      0.20      0.19       173\n\n    accuracy                           0.15      1737\n   macro avg       0.15      0.15      0.15      1737\nweighted avg       0.15      0.15      0.15      1737\n", "confusion_matrix": {"_type": "histogram", "values": [1, 4, 2, 7, 2, 6, 5, 9, 3, 6, 12, 3, 3, 2, 9, 3, 2, 8, 2, 2, 3, 1, 0, 2, 1, 1, 0, 0, 0, 0, 0, 1], "bins": [3.0, 4.28125, 5.5625, 6.84375, 8.125, 9.40625, 10.6875, 11.96875, 13.25, 14.53125, 15.8125, 17.09375, 18.375, 19.65625, 20.9375, 22.21875, 23.5, 24.78125, 26.0625, 27.34375, 28.625, 29.90625, 31.1875, 32.46875, 33.75, 35.03125, 36.3125, 37.59375, 38.875, 40.15625, 41.4375, 42.71875, 44.0]}, "_timestamp": 1682603049.928837, "_runtime": 2.1898560523986816, "_step": 0, "_wandb": {"runtime": 0}}