{"accuracy": 0.16868163500287853, "classification_report": "              precision    recall  f1-score   support\n\n           0       0.33      0.37      0.35       180\n           1       0.08      0.05      0.06       142\n           2       0.16      0.23      0.19       181\n           3       0.13      0.18      0.15       190\n           4       0.11      0.02      0.03       201\n           5       0.00      0.00      0.00       150\n           6       0.11      0.12      0.12       178\n           7       0.00      0.00      0.00       171\n           8       0.11      0.19      0.14       171\n           9       0.21      0.49      0.30       173\n\n    accuracy                           0.17      1737\n   macro avg       0.12      0.17      0.13      1737\nweighted avg       0.13      0.17      0.14      1737\n", "confusion_matrix": {"_type": "histogram", "values": [23, 8, 5, 6, 7, 3, 4, 6, 11, 1, 2, 3, 7, 1, 6, 2, 1, 0, 0, 0, 0, 0, 1, 0, 1, 1, 0, 0, 0, 0, 0, 1], "bins": [0.0, 2.625, 5.25, 7.875, 10.5, 13.125, 15.75, 18.375, 21.0, 23.625, 26.25, 28.875, 31.5, 34.125, 36.75, 39.375, 42.0, 44.625, 47.25, 49.875, 52.5, 55.125, 57.75, 60.375, 63.0, 65.625, 68.25, 70.875, 73.5, 76.125, 78.75, 81.375, 84.0]}, "_timestamp": 1682596142.673679, "_runtime": 2.8903372287750244, "_step": 0, "_wandb": {"runtime": 0}}