{"accuracy": 0.15831894070236038, "classification_report": "              precision    recall  f1-score   support\n\n           0       0.26      0.36      0.30       180\n           1       0.11      0.18      0.14       142\n           2       0.11      0.10      0.10       181\n           3       0.11      0.09      0.10       190\n           4       0.14      0.10      0.12       201\n           5       0.09      0.06      0.07       150\n           6       0.15      0.15      0.15       178\n           7       0.07      0.05      0.06       171\n           8       0.18      0.16      0.17       171\n           9       0.24      0.33      0.28       173\n\n    accuracy                           0.16      1737\n   macro avg       0.15      0.16      0.15      1737\nweighted avg       0.15      0.16      0.15      1737\n", "confusion_matrix": {"_type": "histogram", "values": [3, 4, 4, 4, 8, 9, 7, 12, 17, 4, 5, 7, 6, 4, 0, 1, 0, 0, 1, 0, 0, 0, 0, 0, 1, 0, 0, 0, 1, 0, 1, 1], "bins": [1.0, 2.96875, 4.9375, 6.90625, 8.875, 10.84375, 12.8125, 14.78125, 16.75, 18.71875, 20.6875, 22.65625, 24.625, 26.59375, 28.5625, 30.53125, 32.5, 34.46875, 36.4375, 38.40625, 40.375, 42.34375, 44.3125, 46.28125, 48.25, 50.21875, 52.1875, 54.15625, 56.125, 58.09375, 60.0625, 62.03125, 64.0]}, "_timestamp": 1682594605.025401, "_runtime": 2.8868370056152344, "_step": 0, "_wandb": {"runtime": 0}}