{"accuracy": 0.18422567645365573, "classification_report": "              precision    recall  f1-score   support\n\n           0       0.28      0.44      0.34       180\n           1       0.18      0.16      0.17       142\n           2       0.13      0.07      0.09       181\n           3       0.09      0.10      0.10       190\n           4       0.14      0.09      0.11       201\n           5       0.00      0.00      0.00       150\n           6       0.17      0.39      0.24       178\n           7       0.13      0.02      0.03       171\n           8       0.27      0.02      0.03       171\n           9       0.21      0.53      0.30       173\n\n    accuracy                           0.18      1737\n   macro avg       0.16      0.18      0.14      1737\nweighted avg       0.16      0.18      0.14      1737\n", "confusion_matrix": {"_type": "histogram", "values": [25, 10, 8, 8, 10, 5, 4, 3, 4, 0, 4, 1, 2, 0, 3, 2, 3, 0, 1, 1, 1, 1, 1, 0, 1, 0, 0, 1, 0, 0, 0, 1], "bins": [0.0, 2.84375, 5.6875, 8.53125, 11.375, 14.21875, 17.0625, 19.90625, 22.75, 25.59375, 28.4375, 31.28125, 34.125, 36.96875, 39.8125, 42.65625, 45.5, 48.34375, 51.1875, 54.03125, 56.875, 59.71875, 62.5625, 65.40625, 68.25, 71.09375, 73.9375, 76.78125, 79.625, 82.46875, 85.3125, 88.15625, 91.0]}, "_timestamp": 1682594753.269556, "_runtime": 2.699294090270996, "_step": 0, "_wandb": {"runtime": 0}}