{"accuracy": 0.18019573978123202, "classification_report": "              precision    recall  f1-score   support\n\n           0       0.28      0.50      0.36       180\n           1       0.18      0.08      0.11       142\n           2       0.11      0.21      0.15       181\n           3       0.11      0.01      0.02       190\n           4       0.15      0.21      0.18       201\n           5       0.33      0.02      0.04       150\n           6       0.14      0.29      0.19       178\n           7       0.00      0.00      0.00       171\n           8       0.17      0.02      0.04       171\n           9       0.21      0.42      0.28       173\n\n    accuracy                           0.18      1737\n   macro avg       0.17      0.18      0.14      1737\nweighted avg       0.17      0.18      0.14      1737\n", "confusion_matrix": {"_type": "histogram", "values": [32, 13, 3, 6, 6, 0, 2, 3, 2, 5, 3, 2, 2, 4, 7, 1, 1, 2, 3, 1, 0, 0, 0, 0, 0, 1, 0, 0, 0, 0, 0, 1], "bins": [0.0, 2.8125, 5.625, 8.4375, 11.25, 14.0625, 16.875, 19.6875, 22.5, 25.3125, 28.125, 30.9375, 33.75, 36.5625, 39.375, 42.1875, 45.0, 47.8125, 50.625, 53.4375, 56.25, 59.0625, 61.875, 64.6875, 67.5, 70.3125, 73.125, 75.9375, 78.75, 81.5625, 84.375, 87.1875, 90.0]}, "_timestamp": 1682603437.94809, "_runtime": 1.7010421752929688, "_step": 0, "_wandb": {"runtime": 0}}