{"accuracy": 0.17040875071963155, "classification_report": "              precision    recall  f1-score   support\n\n           0       0.34      0.14      0.20       180\n           1       0.24      0.07      0.11       142\n           2       0.33      0.09      0.14       181\n           3       0.31      0.08      0.13       190\n           4       0.13      0.82      0.22       201\n           5       0.26      0.06      0.10       150\n           6       0.26      0.06      0.09       178\n           7       0.26      0.09      0.14       171\n           8       0.46      0.09      0.16       171\n           9       0.34      0.08      0.12       173\n\n    accuracy                           0.17      1737\n   macro avg       0.29      0.16      0.14      1737\nweighted avg       0.29      0.17      0.14      1737\n", "confusion_matrix": {"_type": "histogram", "values": [63, 20, 2, 4, 1, 0, 0, 0, 0, 0, 0, 0, 0, 0, 0, 0, 0, 0, 0, 0, 1, 1, 0, 1, 1, 1, 3, 1, 0, 0, 0, 1], "bins": [0.0, 5.15625, 10.3125, 15.46875, 20.625, 25.78125, 30.9375, 36.09375, 41.25, 46.40625, 51.5625, 56.71875, 61.875, 67.03125, 72.1875, 77.34375, 82.5, 87.65625, 92.8125, 97.96875, 103.125, 108.28125, 113.4375, 118.59375, 123.75, 128.90625, 134.0625, 139.21875, 144.375, 149.53125, 154.6875, 159.84375, 165.0]}, "_timestamp": 1682653283.9561338, "_runtime": 9.721792936325073, "_step": 0, "_wandb": {"runtime": 7}}