{"accuracy": 0.16868163500287853, "classification_report": "              precision    recall  f1-score   support\n\n           0       0.33      0.31      0.32       180\n           1       0.16      0.19      0.17       142\n           2       0.15      0.13      0.14       181\n           3       0.14      0.17      0.15       190\n           4       0.15      0.12      0.13       201\n           5       0.11      0.13      0.12       150\n           6       0.10      0.11      0.10       178\n           7       0.16      0.13      0.15       171\n           8       0.14      0.16      0.15       171\n           9       0.26      0.25      0.25       173\n\n    accuracy                           0.17      1737\n   macro avg       0.17      0.17      0.17      1737\nweighted avg       0.17      0.17      0.17      1737\n", "confusion_matrix": {"_type": "histogram", "values": [3, 3, 7, 4, 5, 11, 5, 6, 8, 8, 8, 7, 3, 3, 8, 3, 3, 2, 0, 0, 0, 1, 0, 0, 1, 0, 0, 0, 0, 0, 0, 1], "bins": [2.0, 3.6875, 5.375, 7.0625, 8.75, 10.4375, 12.125, 13.8125, 15.5, 17.1875, 18.875, 20.5625, 22.25, 23.9375, 25.625, 27.3125, 29.0, 30.6875, 32.375, 34.0625, 35.75, 37.4375, 39.125, 40.8125, 42.5, 44.1875, 45.875, 47.5625, 49.25, 50.9375, 52.625, 54.3125, 56.0]}, "_timestamp": 1682602806.573188, "_runtime": 4.536642074584961, "_step": 0, "_wandb": {"runtime": 2}}