{"accuracy": 0.09268854346574554, "classification_report": "              precision    recall  f1-score   support\n\n           0       0.08      0.02      0.03       180\n           1       0.00      0.00      0.00       142\n           2       0.09      0.10      0.10       181\n           3       0.00      0.00      0.00       190\n           4       0.09      0.13      0.11       201\n           5       0.12      0.33      0.18       150\n           6       0.05      0.05      0.05       178\n           7       0.09      0.24      0.13       171\n           8       0.09      0.08      0.08       171\n           9       0.00      0.00      0.00       173\n\n    accuracy                           0.09      1737\n   macro avg       0.06      0.09      0.07      1737\nweighted avg       0.06      0.09      0.07      1737\n", "confusion_matrix": {"_type": "histogram", "values": [32, 5, 9, 5, 8, 1, 5, 2, 8, 2, 0, 4, 2, 3, 3, 2, 1, 1, 0, 1, 0, 0, 2, 1, 0, 2, 0, 0, 0, 0, 0, 1], "bins": [0.0, 2.8125, 5.625, 8.4375, 11.25, 14.0625, 16.875, 19.6875, 22.5, 25.3125, 28.125, 30.9375, 33.75, 36.5625, 39.375, 42.1875, 45.0, 47.8125, 50.625, 53.4375, 56.25, 59.0625, 61.875, 64.6875, 67.5, 70.3125, 73.125, 75.9375, 78.75, 81.5625, 84.375, 87.1875, 90.0]}, "_timestamp": 1682841920.289005, "_runtime": 46.184996128082275, "_step": 0, "_wandb": {"runtime": 44}}