{"accuracy": 0.17616580310880828, "classification_report": "              precision    recall  f1-score   support\n\n           0       0.32      0.19      0.24       180\n           1       0.09      0.48      0.15       142\n           2       0.16      0.15      0.15       181\n           3       0.25      0.13      0.17       190\n           4       0.24      0.15      0.19       201\n           5       0.19      0.09      0.12       150\n           6       0.19      0.12      0.15       178\n           7       0.19      0.12      0.15       171\n           8       0.28      0.16      0.21       171\n           9       0.38      0.23      0.28       173\n\n    accuracy                           0.18      1737\n   macro avg       0.23      0.18      0.18      1737\nweighted avg       0.23      0.18      0.18      1737\n", "confusion_matrix": {"_type": "histogram", "values": [8, 20, 14, 17, 13, 6, 2, 3, 1, 2, 1, 2, 0, 1, 0, 0, 0, 0, 0, 1, 0, 0, 1, 3, 1, 0, 1, 0, 1, 0, 1, 1], "bins": [1.0, 3.84375, 6.6875, 9.53125, 12.375, 15.21875, 18.0625, 20.90625, 23.75, 26.59375, 29.4375, 32.28125, 35.125, 37.96875, 40.8125, 43.65625, 46.5, 49.34375, 52.1875, 55.03125, 57.875, 60.71875, 63.5625, 66.40625, 69.25, 72.09375, 74.9375, 77.78125, 80.625, 83.46875, 86.3125, 89.15625, 92.0]}, "_timestamp": 1682653381.873774, "_runtime": 2.2025070190429688, "_step": 0, "_wandb": {"runtime": 0}}