{"accuracy": 0.05814622913068509, "classification_report": "              precision    recall  f1-score   support\n\n           0       0.00      0.00      0.00       180\n           1       0.04      0.27      0.08       142\n           2       0.00      0.00      0.00       181\n           3       0.00      0.00      0.00       190\n           4       0.00      0.00      0.00       201\n           5       0.07      0.41      0.13       150\n           6       0.00      0.00      0.00       178\n           7       0.00      0.00      0.00       171\n           8       0.00      0.00      0.00       171\n           9       0.00      0.00      0.00       173\n\n    accuracy                           0.06      1737\n   macro avg       0.01      0.07      0.02      1737\nweighted avg       0.01      0.06      0.02      1737\n", "confusion_matrix": {"_type": "histogram", "values": [78, 2, 0, 0, 0, 1, 0, 1, 2, 0, 0, 0, 3, 0, 1, 0, 0, 1, 2, 0, 3, 1, 1, 1, 0, 0, 1, 0, 1, 0, 0, 1], "bins": [0.0, 4.8125, 9.625, 14.4375, 19.25, 24.0625, 28.875, 33.6875, 38.5, 43.3125, 48.125, 52.9375, 57.75, 62.5625, 67.375, 72.1875, 77.0, 81.8125, 86.625, 91.4375, 96.25, 101.0625, 105.875, 110.6875, 115.5, 120.3125, 125.125, 129.9375, 134.75, 139.5625, 144.375, 149.1875, 154.0]}, "_timestamp": 1682604485.174717, "_runtime": 19.279685974121094, "_step": 0, "_wandb": {"runtime": 17}}