{"accuracy": 0.09211283822682786, "classification_report": "              precision    recall  f1-score   support\n\n           0       0.01      0.03      0.02       180\n           1       0.00      0.00      0.00       142\n           2       0.12      0.76      0.21       181\n           3       0.00      0.00      0.00       190\n           4       0.00      0.00      0.00       201\n           5       0.00      0.00      0.00       150\n           6       0.00      0.00      0.00       178\n           7       0.00      0.00      0.00       171\n           8       0.00      0.00      0.00       171\n           9       0.09      0.10      0.09       173\n\n    accuracy                           0.09      1737\n   macro avg       0.02      0.09      0.03      1737\nweighted avg       0.02      0.09      0.03      1737\n", "confusion_matrix": {"_type": "histogram", "values": [70, 4, 0, 4, 3, 1, 1, 1, 1, 2, 1, 0, 2, 1, 0, 0, 1, 2, 0, 0, 0, 1, 0, 1, 1, 1, 1, 0, 0, 0, 0, 1], "bins": [0.0, 5.1875, 10.375, 15.5625, 20.75, 25.9375, 31.125, 36.3125, 41.5, 46.6875, 51.875, 57.0625, 62.25, 67.4375, 72.625, 77.8125, 83.0, 88.1875, 93.375, 98.5625, 103.75, 108.9375, 114.125, 119.3125, 124.5, 129.6875, 134.875, 140.0625, 145.25, 150.4375, 155.625, 160.8125, 166.0]}, "_timestamp": 1682605346.857289, "_runtime": 67.19928097724915, "_step": 0, "_wandb": {"runtime": 65}}