{"accuracy": 0.22452504317789293, "classification_report": "              precision    recall  f1-score   support\n\n           0       0.33      0.52      0.40       180\n           1       0.22      0.39      0.28       142\n           2       0.14      0.18      0.15       181\n           3       0.16      0.16      0.16       190\n           4       0.19      0.12      0.15       201\n           5       0.18      0.15      0.16       150\n           6       0.25      0.19      0.21       178\n           7       0.19      0.14      0.16       171\n           8       0.24      0.17      0.20       171\n           9       0.34      0.27      0.30       173\n\n    accuracy                           0.22      1737\n   macro avg       0.22      0.23      0.22      1737\nweighted avg       0.22      0.22      0.22      1737\n", "confusion_matrix": {"_type": "histogram", "values": [6, 9, 11, 14, 10, 17, 6, 4, 6, 3, 6, 2, 1, 2, 0, 0, 1, 0, 1, 0, 0, 0, 0, 0, 0, 0, 0, 0, 0, 0, 0, 1], "bins": [1.0, 3.875, 6.75, 9.625, 12.5, 15.375, 18.25, 21.125, 24.0, 26.875, 29.75, 32.625, 35.5, 38.375, 41.25, 44.125, 47.0, 49.875, 52.75, 55.625, 58.5, 61.375, 64.25, 67.125, 70.0, 72.875, 75.75, 78.625, 81.5, 84.375, 87.25, 90.125, 93.0]}, "_timestamp": 1682592217.4011478, "_runtime": 2.0619609355926514, "_step": 0, "_wandb": {"runtime": 0}}