{"accuracy": 0.17616580310880828, "classification_report": "              precision    recall  f1-score   support\n\n           0       0.29      0.44      0.35       180\n           1       0.18      0.18      0.18       142\n           2       0.13      0.07      0.09       181\n           3       0.13      0.06      0.08       190\n           4       0.13      0.28      0.17       201\n           5       0.00      0.00      0.00       150\n           6       0.12      0.12      0.12       178\n           7       0.00      0.00      0.00       171\n           8       0.16      0.14      0.15       171\n           9       0.22      0.43      0.29       173\n\n    accuracy                           0.18      1737\n   macro avg       0.13      0.17      0.14      1737\nweighted avg       0.14      0.18      0.15      1737\n", "confusion_matrix": {"_type": "histogram", "values": [22, 6, 8, 3, 11, 3, 10, 3, 5, 4, 5, 1, 2, 1, 2, 3, 0, 1, 1, 3, 0, 1, 0, 3, 0, 0, 0, 0, 0, 1, 0, 1], "bins": [0.0, 2.46875, 4.9375, 7.40625, 9.875, 12.34375, 14.8125, 17.28125, 19.75, 22.21875, 24.6875, 27.15625, 29.625, 32.09375, 34.5625, 37.03125, 39.5, 41.96875, 44.4375, 46.90625, 49.375, 51.84375, 54.3125, 56.78125, 59.25, 61.71875, 64.1875, 66.65625, 69.125, 71.59375, 74.0625, 76.53125, 79.0]}, "_timestamp": 1682596126.084192, "_runtime": 3.0587899684906006, "_step": 0, "_wandb": {"runtime": 0}}