{"accuracy": 0.17904432930339667, "classification_report": "              precision    recall  f1-score   support\n\n           0       0.30      0.42      0.35       180\n           1       0.14      0.17      0.15       142\n           2       0.15      0.09      0.11       181\n           3       0.18      0.23      0.20       190\n           4       0.14      0.07      0.10       201\n           5       0.10      0.15      0.12       150\n           6       0.14      0.12      0.13       178\n           7       0.16      0.16      0.16       171\n           8       0.18      0.15      0.17       171\n           9       0.24      0.23      0.24       173\n\n    accuracy                           0.18      1737\n   macro avg       0.17      0.18      0.17      1737\nweighted avg       0.17      0.18      0.17      1737\n", "confusion_matrix": {"_type": "histogram", "values": [4, 4, 14, 7, 12, 11, 8, 4, 6, 11, 4, 4, 0, 2, 4, 1, 1, 1, 0, 1, 0, 0, 0, 0, 0, 0, 0, 0, 0, 0, 0, 1], "bins": [1.0, 3.34375, 5.6875, 8.03125, 10.375, 12.71875, 15.0625, 17.40625, 19.75, 22.09375, 24.4375, 26.78125, 29.125, 31.46875, 33.8125, 36.15625, 38.5, 40.84375, 43.1875, 45.53125, 47.875, 50.21875, 52.5625, 54.90625, 57.25, 59.59375, 61.9375, 64.28125, 66.625, 68.96875, 71.3125, 73.65625, 76.0]}, "_timestamp": 1682689818.346207, "_runtime": 49.9890718460083, "_step": 0, "_wandb": {"runtime": 48}}