{"accuracy": 0.15889464594127806, "classification_report": "              precision    recall  f1-score   support\n\n           0       0.29      0.34      0.31       180\n           1       0.12      0.20      0.15       142\n           2       0.10      0.08      0.09       181\n           3       0.10      0.11      0.10       190\n           4       0.13      0.12      0.12       201\n           5       0.09      0.07      0.08       150\n           6       0.13      0.14      0.14       178\n           7       0.10      0.06      0.08       171\n           8       0.18      0.16      0.17       171\n           9       0.27      0.32      0.29       173\n\n    accuracy                           0.16      1737\n   macro avg       0.15      0.16      0.15      1737\nweighted avg       0.15      0.16      0.15      1737\n", "confusion_matrix": {"_type": "histogram", "values": [1, 6, 3, 5, 8, 8, 14, 4, 7, 10, 8, 6, 8, 1, 4, 0, 0, 1, 2, 1, 0, 0, 0, 0, 0, 0, 0, 0, 1, 1, 0, 1], "bins": [1.0, 2.875, 4.75, 6.625, 8.5, 10.375, 12.25, 14.125, 16.0, 17.875, 19.75, 21.625, 23.5, 25.375, 27.25, 29.125, 31.0, 32.875, 34.75, 36.625, 38.5, 40.375, 42.25, 44.125, 46.0, 47.875, 49.75, 51.625, 53.5, 55.375, 57.25, 59.125, 61.0]}, "_timestamp": 1682594540.400806, "_runtime": 3.4958138465881348, "_step": 0, "_wandb": {"runtime": 0}}