{"accuracy": 0.21013241220495107, "classification_report": "              precision    recall  f1-score   support\n\n           0       0.44      0.39      0.41       180\n           1       0.15      0.19      0.17       142\n           2       0.21      0.21      0.21       181\n           3       0.20      0.17      0.18       190\n           4       0.16      0.16      0.16       201\n           5       0.14      0.05      0.07       150\n           6       0.14      0.22      0.17       178\n           7       0.18      0.16      0.17       171\n           8       0.22      0.20      0.21       171\n           9       0.28      0.32      0.30       173\n\n    accuracy                           0.21      1737\n   macro avg       0.21      0.21      0.21      1737\nweighted avg       0.21      0.21      0.21      1737\n", "confusion_matrix": {"_type": "histogram", "values": [4, 5, 6, 16, 5, 5, 10, 5, 10, 3, 5, 7, 5, 1, 1, 4, 1, 3, 1, 0, 1, 0, 0, 0, 0, 1, 0, 0, 0, 0, 0, 1], "bins": [0.0, 2.1875, 4.375, 6.5625, 8.75, 10.9375, 13.125, 15.3125, 17.5, 19.6875, 21.875, 24.0625, 26.25, 28.4375, 30.625, 32.8125, 35.0, 37.1875, 39.375, 41.5625, 43.75, 45.9375, 48.125, 50.3125, 52.5, 54.6875, 56.875, 59.0625, 61.25, 63.4375, 65.625, 67.8125, 70.0]}, "_timestamp": 1682687695.858884, "_runtime": 55.54087805747986, "_step": 0, "_wandb": {"runtime": 52}}