{"accuracy": 0.16580310880829016, "classification_report": "              precision    recall  f1-score   support\n\n           0       0.34      0.28      0.31       180\n           1       0.15      0.27      0.19       142\n           2       0.10      0.16      0.13       181\n           3       0.10      0.07      0.08       190\n           4       0.16      0.17      0.16       201\n           5       0.09      0.03      0.04       150\n           6       0.18      0.12      0.14       178\n           7       0.14      0.11      0.13       171\n           8       0.19      0.13      0.15       171\n           9       0.20      0.33      0.25       173\n\n    accuracy                           0.17      1737\n   macro avg       0.16      0.17      0.16      1737\nweighted avg       0.17      0.17      0.16      1737\n", "confusion_matrix": {"_type": "histogram", "values": [1, 9, 8, 4, 8, 9, 4, 6, 6, 7, 6, 5, 2, 2, 5, 1, 6, 1, 2, 1, 0, 1, 0, 1, 0, 1, 1, 0, 2, 0, 0, 1], "bins": [1.0, 2.75, 4.5, 6.25, 8.0, 9.75, 11.5, 13.25, 15.0, 16.75, 18.5, 20.25, 22.0, 23.75, 25.5, 27.25, 29.0, 30.75, 32.5, 34.25, 36.0, 37.75, 39.5, 41.25, 43.0, 44.75, 46.5, 48.25, 50.0, 51.75, 53.5, 55.25, 57.0]}, "_timestamp": 1682602999.644223, "_runtime": 1.9248170852661133, "_step": 0, "_wandb": {"runtime": 0}}