{"accuracy": 0.16465169833045482, "classification_report": "              precision    recall  f1-score   support\n\n           0       0.30      0.29      0.30       180\n           1       0.16      0.22      0.19       142\n           2       0.14      0.12      0.13       181\n           3       0.13      0.14      0.14       190\n           4       0.15      0.17      0.16       201\n           5       0.10      0.09      0.10       150\n           6       0.14      0.15      0.14       178\n           7       0.12      0.09      0.11       171\n           8       0.16      0.16      0.16       171\n           9       0.25      0.21      0.23       173\n\n    accuracy                           0.16      1737\n   macro avg       0.16      0.16      0.16      1737\nweighted avg       0.16      0.16      0.16      1737\n", "confusion_matrix": {"_type": "histogram", "values": [3, 2, 3, 10, 1, 3, 4, 20, 11, 7, 4, 5, 10, 2, 5, 2, 0, 4, 0, 2, 0, 1, 0, 0, 0, 0, 0, 0, 0, 0, 0, 1], "bins": [3.0, 4.5625, 6.125, 7.6875, 9.25, 10.8125, 12.375, 13.9375, 15.5, 17.0625, 18.625, 20.1875, 21.75, 23.3125, 24.875, 26.4375, 28.0, 29.5625, 31.125, 32.6875, 34.25, 35.8125, 37.375, 38.9375, 40.5, 42.0625, 43.625, 45.1875, 46.75, 48.3125, 49.875, 51.4375, 53.0]}, "_timestamp": 1682602853.283607, "_runtime": 4.866322994232178, "_step": 0, "_wandb": {"runtime": 3}}