{"accuracy": 0.24352331606217617, "classification_report": "              precision    recall  f1-score   support\n\n           0       0.44      0.56      0.49       180\n           1       0.20      0.23      0.21       142\n           2       0.25      0.25      0.25       181\n           3       0.20      0.22      0.21       190\n           4       0.17      0.13      0.15       201\n           5       0.16      0.05      0.07       150\n           6       0.15      0.21      0.18       178\n           7       0.16      0.13      0.14       171\n           8       0.23      0.14      0.18       171\n           9       0.31      0.50      0.38       173\n\n    accuracy                           0.24      1737\n   macro avg       0.23      0.24      0.23      1737\nweighted avg       0.23      0.24      0.23      1737\n", "confusion_matrix": {"_type": "histogram", "values": [7, 14, 16, 8, 11, 7, 12, 6, 4, 2, 4, 1, 3, 0, 2, 1, 0, 0, 0, 0, 0, 0, 0, 0, 0, 0, 0, 1, 0, 0, 0, 1], "bins": [0.0, 3.15625, 6.3125, 9.46875, 12.625, 15.78125, 18.9375, 22.09375, 25.25, 28.40625, 31.5625, 34.71875, 37.875, 41.03125, 44.1875, 47.34375, 50.5, 53.65625, 56.8125, 59.96875, 63.125, 66.28125, 69.4375, 72.59375, 75.75, 78.90625, 82.0625, 85.21875, 88.375, 91.53125, 94.6875, 97.84375, 101.0]}, "_timestamp": 1682693835.4493, "_runtime": 33.894312143325806, "_step": 0, "_wandb": {"runtime": 31}}