{"accuracy": 0.21991940126655152, "classification_report": "              precision    recall  f1-score   support\n\n           0       0.37      0.62      0.46       180\n           1       0.18      0.24      0.21       142\n           2       0.20      0.18      0.19       181\n           3       0.14      0.07      0.10       190\n           4       0.20      0.11      0.14       201\n           5       0.10      0.07      0.08       150\n           6       0.18      0.12      0.14       178\n           7       0.19      0.23      0.21       171\n           8       0.15      0.13      0.14       171\n           9       0.26      0.42      0.32       173\n\n    accuracy                           0.22      1737\n   macro avg       0.20      0.22      0.20      1737\nweighted avg       0.20      0.22      0.20      1737\n", "confusion_matrix": {"_type": "histogram", "values": [4, 11, 20, 14, 14, 7, 11, 3, 5, 3, 2, 2, 0, 1, 1, 0, 0, 0, 0, 0, 1, 0, 0, 0, 0, 0, 0, 0, 0, 0, 0, 1], "bins": [0.0, 3.5, 7.0, 10.5, 14.0, 17.5, 21.0, 24.5, 28.0, 31.5, 35.0, 38.5, 42.0, 45.5, 49.0, 52.5, 56.0, 59.5, 63.0, 66.5, 70.0, 73.5, 77.0, 80.5, 84.0, 87.5, 91.0, 94.5, 98.0, 101.5, 105.0, 108.5, 112.0]}, "_timestamp": 1682653829.190419, "_runtime": 1.9133479595184326, "_step": 0, "_wandb": {"runtime": 0}}