{"accuracy": 0.1421991940126655, "classification_report": "              precision    recall  f1-score   support\n\n           0       0.31      0.09      0.15       180\n           1       0.09      0.87      0.16       142\n           2       0.31      0.08      0.13       181\n           3       0.31      0.05      0.09       190\n           4       0.36      0.07      0.12       201\n           5       0.25      0.04      0.07       150\n           6       0.30      0.06      0.10       178\n           7       0.29      0.11      0.15       171\n           8       0.55      0.10      0.17       171\n           9       0.43      0.09      0.14       173\n\n    accuracy                           0.14      1737\n   macro avg       0.32      0.16      0.13      1737\nweighted avg       0.32      0.14      0.13      1737\n", "confusion_matrix": {"_type": "histogram", "values": [68, 14, 2, 6, 0, 0, 0, 0, 0, 0, 0, 0, 0, 0, 0, 0, 0, 0, 0, 0, 0, 0, 0, 1, 1, 1, 1, 0, 2, 1, 1, 2], "bins": [0.0, 4.875, 9.75, 14.625, 19.5, 24.375, 29.25, 34.125, 39.0, 43.875, 48.75, 53.625, 58.5, 63.375, 68.25, 73.125, 78.0, 82.875, 87.75, 92.625, 97.5, 102.375, 107.25, 112.125, 117.0, 121.875, 126.75, 131.625, 136.5, 141.375, 146.25, 151.125, 156.0]}, "_timestamp": 1682653462.992478, "_runtime": 9.600748777389526, "_step": 0, "_wandb": {"runtime": 7}}