{"accuracy": 0.1692573402417962, "classification_report": "              precision    recall  f1-score   support\n\n           0       0.32      0.33      0.33       180\n           1       0.11      0.16      0.13       142\n           2       0.14      0.10      0.12       181\n           3       0.10      0.15      0.12       190\n           4       0.16      0.11      0.13       201\n           5       0.09      0.03      0.04       150\n           6       0.16      0.22      0.19       178\n           7       0.15      0.09      0.11       171\n           8       0.23      0.08      0.11       171\n           9       0.20      0.40      0.27       173\n\n    accuracy                           0.17      1737\n   macro avg       0.17      0.17      0.16      1737\nweighted avg       0.17      0.17      0.16      1737\n", "confusion_matrix": {"_type": "histogram", "values": [3, 13, 6, 13, 4, 10, 8, 5, 4, 3, 3, 4, 3, 4, 3, 4, 4, 0, 1, 0, 0, 1, 1, 1, 0, 0, 0, 1, 0, 0, 0, 1], "bins": [0.0, 2.1875, 4.375, 6.5625, 8.75, 10.9375, 13.125, 15.3125, 17.5, 19.6875, 21.875, 24.0625, 26.25, 28.4375, 30.625, 32.8125, 35.0, 37.1875, 39.375, 41.5625, 43.75, 45.9375, 48.125, 50.3125, 52.5, 54.6875, 56.875, 59.0625, 61.25, 63.4375, 65.625, 67.8125, 70.0]}, "_timestamp": 1682594921.98324, "_runtime": 2.9864699840545654, "_step": 0, "_wandb": {"runtime": 0}}