{"accuracy": 0.17040875071963155, "classification_report": "              precision    recall  f1-score   support\n\n           0       0.17      0.63      0.26       180\n           1       0.18      0.13      0.15       142\n           2       0.13      0.02      0.03       181\n           3       0.06      0.02      0.03       190\n           4       0.13      0.16      0.15       201\n           5       0.14      0.11      0.12       150\n           6       0.19      0.03      0.05       178\n           7       0.18      0.13      0.15       171\n           8       0.17      0.11      0.13       171\n           9       0.25      0.36      0.30       173\n\n    accuracy                           0.17      1737\n   macro avg       0.16      0.17      0.14      1737\nweighted avg       0.16      0.17      0.14      1737\n", "confusion_matrix": {"_type": "histogram", "values": [22, 19, 8, 12, 4, 10, 6, 4, 0, 4, 0, 1, 0, 2, 0, 1, 1, 1, 0, 0, 1, 1, 1, 0, 0, 0, 1, 0, 0, 0, 0, 1], "bins": [0.0, 3.53125, 7.0625, 10.59375, 14.125, 17.65625, 21.1875, 24.71875, 28.25, 31.78125, 35.3125, 38.84375, 42.375, 45.90625, 49.4375, 52.96875, 56.5, 60.03125, 63.5625, 67.09375, 70.625, 74.15625, 77.6875, 81.21875, 84.75, 88.28125, 91.8125, 95.34375, 98.875, 102.40625, 105.9375, 109.46875, 113.0]}, "_timestamp": 1682681674.826674, "_runtime": 2.8680548667907715, "_step": 0, "_wandb": {"runtime": 0}}