{"accuracy": 0.07887161773172136, "classification_report": "              precision    recall  f1-score   support\n\n           0       0.01      0.02      0.01       180\n           1       0.06      0.11      0.08       142\n           2       0.10      0.26      0.15       181\n           3       0.12      0.22      0.15       190\n           4       0.07      0.15      0.10       201\n           5       0.00      0.00      0.00       150\n           6       0.00      0.00      0.00       178\n           7       0.00      0.00      0.00       171\n           8       0.00      0.00      0.00       171\n           9       0.00      0.00      0.00       173\n\n    accuracy                           0.08      1737\n   macro avg       0.04      0.08      0.05      1737\nweighted avg       0.04      0.08      0.05      1737\n", "confusion_matrix": {"_type": "histogram", "values": [51, 0, 0, 5, 4, 7, 3, 3, 8, 1, 1, 1, 3, 5, 2, 0, 2, 0, 2, 0, 1, 0, 0, 0, 0, 0, 0, 0, 0, 0, 0, 1], "bins": [0.0, 3.6875, 7.375, 11.0625, 14.75, 18.4375, 22.125, 25.8125, 29.5, 33.1875, 36.875, 40.5625, 44.25, 47.9375, 51.625, 55.3125, 59.0, 62.6875, 66.375, 70.0625, 73.75, 77.4375, 81.125, 84.8125, 88.5, 92.1875, 95.875, 99.5625, 103.25, 106.9375, 110.625, 114.3125, 118.0]}, "_timestamp": 1682774776.152537, "_runtime": 27.51872205734253, "_step": 0, "_wandb": {"runtime": 25}}