{"accuracy": 0.23200921128382268, "classification_report": "              precision    recall  f1-score   support\n\n           0       0.43      0.38      0.40       180\n           1       0.24      0.28      0.26       142\n           2       0.20      0.19      0.19       181\n           3       0.18      0.16      0.17       190\n           4       0.18      0.16      0.17       201\n           5       0.17      0.15      0.16       150\n           6       0.22      0.22      0.22       178\n           7       0.18      0.21      0.19       171\n           8       0.20      0.20      0.20       171\n           9       0.32      0.37      0.34       173\n\n    accuracy                           0.23      1737\n   macro avg       0.23      0.23      0.23      1737\nweighted avg       0.23      0.23      0.23      1737\n", "confusion_matrix": {"_type": "histogram", "values": [1, 8, 10, 7, 5, 3, 15, 10, 4, 8, 6, 5, 3, 2, 5, 0, 4, 0, 2, 0, 0, 0, 0, 0, 0, 0, 0, 0, 0, 1, 0, 1], "bins": [0.0, 2.15625, 4.3125, 6.46875, 8.625, 10.78125, 12.9375, 15.09375, 17.25, 19.40625, 21.5625, 23.71875, 25.875, 28.03125, 30.1875, 32.34375, 34.5, 36.65625, 38.8125, 40.96875, 43.125, 45.28125, 47.4375, 49.59375, 51.75, 53.90625, 56.0625, 58.21875, 60.375, 62.53125, 64.6875, 66.84375, 69.0]}, "_timestamp": 1682592262.562279, "_runtime": 6.818926095962524, "_step": 0, "_wandb": {"runtime": 5}}