{"accuracy": 0.23719055843408174, "classification_report": "              precision    recall  f1-score   support\n\n           0       0.45      0.41      0.43       180\n           1       0.24      0.29      0.26       142\n           2       0.21      0.22      0.21       181\n           3       0.19      0.15      0.17       190\n           4       0.21      0.16      0.18       201\n           5       0.16      0.12      0.14       150\n           6       0.23      0.24      0.24       178\n           7       0.18      0.20      0.19       171\n           8       0.18      0.20      0.19       171\n           9       0.30      0.38      0.34       173\n\n    accuracy                           0.24      1737\n   macro avg       0.23      0.24      0.23      1737\nweighted avg       0.24      0.24      0.23      1737\n", "confusion_matrix": {"_type": "histogram", "values": [5, 4, 12, 10, 7, 12, 4, 15, 6, 5, 4, 2, 0, 2, 5, 1, 1, 2, 1, 0, 0, 0, 0, 0, 0, 0, 0, 0, 1, 0, 0, 1], "bins": [1.0, 3.28125, 5.5625, 7.84375, 10.125, 12.40625, 14.6875, 16.96875, 19.25, 21.53125, 23.8125, 26.09375, 28.375, 30.65625, 32.9375, 35.21875, 37.5, 39.78125, 42.0625, 44.34375, 46.625, 48.90625, 51.1875, 53.46875, 55.75, 58.03125, 60.3125, 62.59375, 64.875, 67.15625, 69.4375, 71.71875, 74.0]}, "_timestamp": 1682592372.782642, "_runtime": 1.995417833328247, "_step": 0, "_wandb": {"runtime": 0}}