{"accuracy": 0.2222222222222222, "classification_report": "              precision    recall  f1-score   support\n\n           0       0.41      0.44      0.43       180\n           1       0.20      0.19      0.20       142\n           2       0.17      0.20      0.19       181\n           3       0.18      0.21      0.19       190\n           4       0.20      0.20      0.20       201\n           5       0.16      0.07      0.10       150\n           6       0.17      0.29      0.21       178\n           7       0.11      0.06      0.08       171\n           8       0.25      0.18      0.21       171\n           9       0.34      0.34      0.34       173\n\n    accuracy                           0.22      1737\n   macro avg       0.22      0.22      0.21      1737\nweighted avg       0.22      0.22      0.22      1737\n", "confusion_matrix": {"_type": "histogram", "values": [8, 4, 17, 3, 16, 9, 7, 6, 6, 3, 4, 3, 2, 3, 2, 3, 1, 0, 0, 0, 1, 0, 0, 1, 0, 0, 0, 0, 0, 0, 0, 1], "bins": [1.0, 3.46875, 5.9375, 8.40625, 10.875, 13.34375, 15.8125, 18.28125, 20.75, 23.21875, 25.6875, 28.15625, 30.625, 33.09375, 35.5625, 38.03125, 40.5, 42.96875, 45.4375, 47.90625, 50.375, 52.84375, 55.3125, 57.78125, 60.25, 62.71875, 65.1875, 67.65625, 70.125, 72.59375, 75.0625, 77.53125, 80.0]}, "_timestamp": 1682687112.501648, "_runtime": 19.174409866333008, "_step": 0, "_wandb": {"runtime": 17}}