{"accuracy": 0.17962003454231434, "classification_report": "              precision    recall  f1-score   support\n\n           0       0.22      0.59      0.32       180\n           1       0.12      0.08      0.10       142\n           2       0.13      0.14      0.14       181\n           3       0.19      0.08      0.12       190\n           4       0.16      0.13      0.14       201\n           5       0.07      0.01      0.02       150\n           6       0.14      0.25      0.18       178\n           7       0.14      0.11      0.12       171\n           8       0.20      0.15      0.17       171\n           9       0.31      0.20      0.24       173\n\n    accuracy                           0.18      1737\n   macro avg       0.17      0.18      0.16      1737\nweighted avg       0.17      0.18      0.16      1737\n", "confusion_matrix": {"_type": "histogram", "values": [14, 18, 8, 9, 13, 8, 4, 4, 6, 5, 1, 3, 0, 1, 2, 0, 1, 1, 0, 0, 0, 1, 0, 0, 0, 0, 0, 0, 0, 0, 0, 1], "bins": [0.0, 3.34375, 6.6875, 10.03125, 13.375, 16.71875, 20.0625, 23.40625, 26.75, 30.09375, 33.4375, 36.78125, 40.125, 43.46875, 46.8125, 50.15625, 53.5, 56.84375, 60.1875, 63.53125, 66.875, 70.21875, 73.5625, 76.90625, 80.25, 83.59375, 86.9375, 90.28125, 93.625, 96.96875, 100.3125, 103.65625, 107.0]}, "_timestamp": 1682681562.886027, "_runtime": 2.8376100063323975, "_step": 0, "_wandb": {"runtime": 0}}