{"accuracy": 0.16465169833045482, "classification_report": "              precision    recall  f1-score   support\n\n           0       0.28      0.38      0.32       180\n           1       0.08      0.11      0.09       142\n           2       0.14      0.04      0.06       181\n           3       0.12      0.24      0.16       190\n           4       0.12      0.02      0.04       201\n           5       0.00      0.00      0.00       150\n           6       0.15      0.37      0.21       178\n           7       0.22      0.02      0.04       171\n           8       0.19      0.04      0.06       171\n           9       0.21      0.41      0.28       173\n\n    accuracy                           0.16      1737\n   macro avg       0.15      0.16      0.13      1737\nweighted avg       0.15      0.16      0.13      1737\n", "confusion_matrix": {"_type": "histogram", "values": [24, 12, 11, 3, 6, 2, 4, 2, 1, 1, 0, 5, 2, 6, 3, 1, 1, 0, 1, 1, 2, 2, 3, 2, 0, 1, 0, 0, 0, 2, 1, 1], "bins": [0.0, 2.21875, 4.4375, 6.65625, 8.875, 11.09375, 13.3125, 15.53125, 17.75, 19.96875, 22.1875, 24.40625, 26.625, 28.84375, 31.0625, 33.28125, 35.5, 37.71875, 39.9375, 42.15625, 44.375, 46.59375, 48.8125, 51.03125, 53.25, 55.46875, 57.6875, 59.90625, 62.125, 64.34375, 66.5625, 68.78125, 71.0]}, "_timestamp": 1682596187.999531, "_runtime": 1.8509020805358887, "_step": 0, "_wandb": {"runtime": 0}}