{"accuracy": 0.19689119170984457, "classification_report": "              precision    recall  f1-score   support\n\n           0       0.35      0.38      0.36       180\n           1       0.19      0.18      0.18       142\n           2       0.18      0.18      0.18       181\n           3       0.16      0.22      0.18       190\n           4       0.17      0.17      0.17       201\n           5       0.11      0.09      0.10       150\n           6       0.14      0.19      0.16       178\n           7       0.15      0.09      0.11       171\n           8       0.21      0.16      0.18       171\n           9       0.33      0.29      0.31       173\n\n    accuracy                           0.20      1737\n   macro avg       0.20      0.19      0.19      1737\nweighted avg       0.20      0.20      0.20      1737\n", "confusion_matrix": {"_type": "histogram", "values": [8, 10, 4, 9, 6, 9, 10, 4, 4, 7, 6, 8, 3, 0, 2, 4, 1, 1, 1, 0, 1, 0, 0, 1, 0, 0, 0, 0, 0, 0, 0, 1], "bins": [2.0, 4.0625, 6.125, 8.1875, 10.25, 12.3125, 14.375, 16.4375, 18.5, 20.5625, 22.625, 24.6875, 26.75, 28.8125, 30.875, 32.9375, 35.0, 37.0625, 39.125, 41.1875, 43.25, 45.3125, 47.375, 49.4375, 51.5, 53.5625, 55.625, 57.6875, 59.75, 61.8125, 63.875, 65.9375, 68.0]}, "_timestamp": 1682687981.438394, "_runtime": 77.58106899261475, "_step": 0, "_wandb": {"runtime": 75}}