{"accuracy": 0.1940126655152562, "classification_report": "              precision    recall  f1-score   support\n\n           0       0.23      0.67      0.34       180\n           1       0.13      0.08      0.10       142\n           2       0.15      0.06      0.09       181\n           3       0.20      0.19      0.20       190\n           4       0.18      0.18      0.18       201\n           5       0.16      0.07      0.09       150\n           6       0.14      0.17      0.15       178\n           7       0.16      0.11      0.13       171\n           8       0.17      0.11      0.13       171\n           9       0.26      0.26      0.26       173\n\n    accuracy                           0.19      1737\n   macro avg       0.18      0.19      0.17      1737\nweighted avg       0.18      0.19      0.17      1737\n", "confusion_matrix": {"_type": "histogram", "values": [11, 20, 15, 16, 10, 6, 6, 5, 0, 5, 0, 1, 1, 0, 0, 0, 1, 1, 1, 0, 0, 0, 0, 0, 0, 0, 0, 0, 0, 0, 0, 1], "bins": [1.0, 4.71875, 8.4375, 12.15625, 15.875, 19.59375, 23.3125, 27.03125, 30.75, 34.46875, 38.1875, 41.90625, 45.625, 49.34375, 53.0625, 56.78125, 60.5, 64.21875, 67.9375, 71.65625, 75.375, 79.09375, 82.8125, 86.53125, 90.25, 93.96875, 97.6875, 101.40625, 105.125, 108.84375, 112.5625, 116.28125, 120.0]}, "_timestamp": 1682682224.7404978, "_runtime": 2.7664668560028076, "_step": 0, "_wandb": {"runtime": 0}}