{"accuracy": 0.13989637305699482, "classification_report": "              precision    recall  f1-score   support\n\n           0       0.33      0.16      0.22       180\n           1       0.09      0.74      0.16       142\n           2       0.10      0.05      0.07       181\n           3       0.19      0.06      0.09       190\n           4       0.24      0.09      0.13       201\n           5       0.21      0.03      0.06       150\n           6       0.19      0.08      0.11       178\n           7       0.19      0.07      0.10       171\n           8       0.22      0.06      0.09       171\n           9       0.51      0.17      0.26       173\n\n    accuracy                           0.14      1737\n   macro avg       0.23      0.15      0.13      1737\nweighted avg       0.23      0.14      0.13      1737\n", "confusion_matrix": {"_type": "histogram", "values": [36, 35, 11, 6, 0, 0, 2, 0, 0, 0, 0, 0, 0, 0, 0, 0, 0, 0, 0, 0, 0, 2, 2, 1, 0, 1, 0, 1, 1, 1, 0, 1], "bins": [0.0, 4.53125, 9.0625, 13.59375, 18.125, 22.65625, 27.1875, 31.71875, 36.25, 40.78125, 45.3125, 49.84375, 54.375, 58.90625, 63.4375, 67.96875, 72.5, 77.03125, 81.5625, 86.09375, 90.625, 95.15625, 99.6875, 104.21875, 108.75, 113.28125, 117.8125, 122.34375, 126.875, 131.40625, 135.9375, 140.46875, 145.0]}, "_timestamp": 1682653533.5733068, "_runtime": 2.1290738582611084, "_step": 0, "_wandb": {"runtime": 0}}