{"accuracy": 0.23085780080598733, "classification_report": "              precision    recall  f1-score   support\n\n           0       0.40      0.50      0.45       180\n           1       0.22      0.33      0.26       142\n           2       0.18      0.21      0.20       181\n           3       0.17      0.16      0.16       190\n           4       0.21      0.17      0.19       201\n           5       0.16      0.11      0.13       150\n           6       0.20      0.19      0.19       178\n           7       0.20      0.18      0.19       171\n           8       0.20      0.18      0.19       171\n           9       0.30      0.29      0.30       173\n\n    accuracy                           0.23      1737\n   macro avg       0.22      0.23      0.23      1737\nweighted avg       0.22      0.23      0.23      1737\n", "confusion_matrix": {"_type": "histogram", "values": [5, 8, 14, 12, 10, 13, 10, 6, 4, 2, 6, 4, 0, 1, 2, 0, 1, 1, 0, 0, 0, 0, 0, 0, 0, 0, 0, 0, 0, 0, 0, 1], "bins": [1.0, 3.78125, 6.5625, 9.34375, 12.125, 14.90625, 17.6875, 20.46875, 23.25, 26.03125, 28.8125, 31.59375, 34.375, 37.15625, 39.9375, 42.71875, 45.5, 48.28125, 51.0625, 53.84375, 56.625, 59.40625, 62.1875, 64.96875, 67.75, 70.53125, 73.3125, 76.09375, 78.875, 81.65625, 84.4375, 87.21875, 90.0]}, "_timestamp": 1682592349.287734, "_runtime": 6.829052925109863, "_step": 0, "_wandb": {"runtime": 5}}