{"accuracy": 0.17962003454231434, "classification_report": "              precision    recall  f1-score   support\n\n           0       0.34      0.45      0.39       180\n           1       0.16      0.24      0.19       142\n           2       0.20      0.13      0.16       181\n           3       0.15      0.11      0.12       190\n           4       0.17      0.08      0.11       201\n           5       0.13      0.11      0.12       150\n           6       0.09      0.08      0.08       178\n           7       0.17      0.19      0.18       171\n           8       0.11      0.12      0.12       171\n           9       0.18      0.31      0.23       173\n\n    accuracy                           0.18      1737\n   macro avg       0.17      0.18      0.17      1737\nweighted avg       0.17      0.18      0.17      1737\n", "confusion_matrix": {"_type": "histogram", "values": [7, 12, 19, 9, 6, 8, 9, 4, 3, 4, 4, 5, 3, 2, 0, 0, 2, 0, 0, 1, 1, 0, 0, 0, 0, 0, 0, 0, 0, 0, 0, 1], "bins": [3.0, 5.4375, 7.875, 10.3125, 12.75, 15.1875, 17.625, 20.0625, 22.5, 24.9375, 27.375, 29.8125, 32.25, 34.6875, 37.125, 39.5625, 42.0, 44.4375, 46.875, 49.3125, 51.75, 54.1875, 56.625, 59.0625, 61.5, 63.9375, 66.375, 68.8125, 71.25, 73.6875, 76.125, 78.5625, 81.0]}, "_timestamp": 1682605702.045703, "_runtime": 84.8621518611908, "_step": 0, "_wandb": {"runtime": 83}}