{"accuracy": 0.07829591249280368, "classification_report": "              precision    recall  f1-score   support\n\n           0       0.02      0.09      0.03       180\n           1       0.12      0.61      0.20       142\n           2       0.16      0.18      0.17       181\n           3       0.00      0.00      0.00       190\n           4       0.00      0.00      0.00       201\n           5       0.00      0.00      0.00       150\n           6       0.00      0.00      0.00       178\n           7       0.00      0.00      0.00       171\n           8       0.00      0.00      0.00       171\n           9       0.00      0.00      0.00       173\n\n    accuracy                           0.08      1737\n   macro avg       0.03      0.09      0.04      1737\nweighted avg       0.03      0.08      0.04      1737\n", "confusion_matrix": {"_type": "histogram", "values": [70, 0, 2, 4, 1, 4, 3, 0, 2, 1, 1, 0, 0, 0, 1, 0, 1, 0, 1, 2, 1, 1, 0, 1, 2, 1, 0, 0, 0, 0, 0, 1], "bins": [0.0, 4.78125, 9.5625, 14.34375, 19.125, 23.90625, 28.6875, 33.46875, 38.25, 43.03125, 47.8125, 52.59375, 57.375, 62.15625, 66.9375, 71.71875, 76.5, 81.28125, 86.0625, 90.84375, 95.625, 100.40625, 105.1875, 109.96875, 114.75, 119.53125, 124.3125, 129.09375, 133.875, 138.65625, 143.4375, 148.21875, 153.0]}, "_timestamp": 1682772920.163392, "_runtime": 2.976367950439453, "_step": 0, "_wandb": {"runtime": 1}}