{"accuracy": 0.1715601611974669, "classification_report": "              precision    recall  f1-score   support\n\n           0       0.35      0.34      0.34       180\n           1       0.16      0.16      0.16       142\n           2       0.13      0.09      0.11       181\n           3       0.12      0.17      0.14       190\n           4       0.12      0.11      0.11       201\n           5       0.11      0.07      0.08       150\n           6       0.14      0.22      0.17       178\n           7       0.19      0.15      0.17       171\n           8       0.14      0.13      0.13       171\n           9       0.27      0.26      0.27       173\n\n    accuracy                           0.17      1737\n   macro avg       0.17      0.17      0.17      1737\nweighted avg       0.17      0.17      0.17      1737\n", "confusion_matrix": {"_type": "histogram", "values": [3, 4, 6, 7, 13, 9, 3, 9, 8, 7, 4, 4, 5, 6, 2, 0, 4, 2, 0, 1, 1, 0, 0, 1, 0, 0, 0, 0, 0, 0, 0, 1], "bins": [2.0, 3.84375, 5.6875, 7.53125, 9.375, 11.21875, 13.0625, 14.90625, 16.75, 18.59375, 20.4375, 22.28125, 24.125, 25.96875, 27.8125, 29.65625, 31.5, 33.34375, 35.1875, 37.03125, 38.875, 40.71875, 42.5625, 44.40625, 46.25, 48.09375, 49.9375, 51.78125, 53.625, 55.46875, 57.3125, 59.15625, 61.0]}, "_timestamp": 1682603167.013838, "_runtime": 9.47701907157898, "_step": 0, "_wandb": {"runtime": 7}}