{"accuracy": 0.2118595279217041, "classification_report": "              precision    recall  f1-score   support\n\n           0       0.26      0.72      0.38       180\n           1       0.16      0.19      0.18       142\n           2       0.12      0.09      0.10       181\n           3       0.17      0.10      0.13       190\n           4       0.16      0.07      0.10       201\n           5       0.12      0.05      0.07       150\n           6       0.18      0.11      0.13       178\n           7       0.17      0.16      0.16       171\n           8       0.17      0.12      0.14       171\n           9       0.29      0.51      0.37       173\n\n    accuracy                           0.21      1737\n   macro avg       0.18      0.21      0.18      1737\nweighted avg       0.18      0.21      0.18      1737\n", "confusion_matrix": {"_type": "histogram", "values": [15, 13, 24, 13, 9, 7, 7, 2, 1, 2, 1, 0, 1, 1, 0, 1, 0, 1, 0, 0, 0, 1, 0, 0, 0, 0, 0, 0, 0, 0, 0, 1], "bins": [0.0, 4.03125, 8.0625, 12.09375, 16.125, 20.15625, 24.1875, 28.21875, 32.25, 36.28125, 40.3125, 44.34375, 48.375, 52.40625, 56.4375, 60.46875, 64.5, 68.53125, 72.5625, 76.59375, 80.625, 84.65625, 88.6875, 92.71875, 96.75, 100.78125, 104.8125, 108.84375, 112.875, 116.90625, 120.9375, 124.96875, 129.0]}, "_timestamp": 1682654000.098572, "_runtime": 2.1092259883880615, "_step": 0, "_wandb": {"runtime": 0}}