{"accuracy": 0.17040875071963155, "classification_report": "              precision    recall  f1-score   support\n\n           0       0.32      0.29      0.31       180\n           1       0.16      0.20      0.18       142\n           2       0.16      0.14      0.15       181\n           3       0.14      0.17      0.15       190\n           4       0.16      0.12      0.14       201\n           5       0.11      0.13      0.12       150\n           6       0.10      0.11      0.10       178\n           7       0.16      0.13      0.14       171\n           8       0.15      0.16      0.15       171\n           9       0.27      0.26      0.27       173\n\n    accuracy                           0.17      1737\n   macro avg       0.17      0.17      0.17      1737\nweighted avg       0.17      0.17      0.17      1737\n", "confusion_matrix": {"_type": "histogram", "values": [2, 5, 2, 9, 3, 2, 13, 6, 6, 6, 10, 9, 4, 3, 4, 4, 5, 1, 3, 0, 0, 0, 0, 1, 0, 0, 1, 0, 0, 0, 0, 1], "bins": [2.0, 3.59375, 5.1875, 6.78125, 8.375, 9.96875, 11.5625, 13.15625, 14.75, 16.34375, 17.9375, 19.53125, 21.125, 22.71875, 24.3125, 25.90625, 27.5, 29.09375, 30.6875, 32.28125, 33.875, 35.46875, 37.0625, 38.65625, 40.25, 41.84375, 43.4375, 45.03125, 46.625, 48.21875, 49.8125, 51.40625, 53.0]}, "_timestamp": 1682602779.076472, "_runtime": 4.519906997680664, "_step": 0, "_wandb": {"runtime": 2}}