{"accuracy": 0.15313759355210133, "classification_report": "              precision    recall  f1-score   support\n\n           0       0.25      0.24      0.24       180\n           1       0.16      0.18      0.17       142\n           2       0.12      0.14      0.13       181\n           3       0.12      0.12      0.12       190\n           4       0.13      0.13      0.13       201\n           5       0.10      0.09      0.10       150\n           6       0.12      0.11      0.11       178\n           7       0.15      0.13      0.14       171\n           8       0.13      0.12      0.13       171\n           9       0.24      0.27      0.25       173\n\n    accuracy                           0.15      1737\n   macro avg       0.15      0.15      0.15      1737\nweighted avg       0.15      0.15      0.15      1737\n", "confusion_matrix": {"_type": "histogram", "values": [4, 2, 7, 3, 3, 7, 4, 7, 10, 2, 9, 15, 4, 4, 5, 4, 2, 0, 2, 3, 0, 0, 0, 0, 0, 0, 0, 0, 0, 1, 0, 2], "bins": [4.0, 5.34375, 6.6875, 8.03125, 9.375, 10.71875, 12.0625, 13.40625, 14.75, 16.09375, 17.4375, 18.78125, 20.125, 21.46875, 22.8125, 24.15625, 25.5, 26.84375, 28.1875, 29.53125, 30.875, 32.21875, 33.5625, 34.90625, 36.25, 37.59375, 38.9375, 40.28125, 41.625, 42.96875, 44.3125, 45.65625, 47.0]}, "_timestamp": 1682596616.726503, "_runtime": 9.376791954040527, "_step": 0, "_wandb": {"runtime": 7}}