{"accuracy": 0.21128382268278642, "classification_report": "              precision    recall  f1-score   support\n\n           0       0.42      0.41      0.41       180\n           1       0.18      0.27      0.22       142\n           2       0.16      0.14      0.15       181\n           3       0.15      0.15      0.15       190\n           4       0.22      0.16      0.19       201\n           5       0.12      0.04      0.06       150\n           6       0.16      0.21      0.18       178\n           7       0.18      0.14      0.16       171\n           8       0.19      0.15      0.16       171\n           9       0.26      0.43      0.33       173\n\n    accuracy                           0.21      1737\n   macro avg       0.20      0.21      0.20      1737\nweighted avg       0.20      0.21      0.20      1737\n", "confusion_matrix": {"_type": "histogram", "values": [3, 9, 17, 4, 6, 12, 4, 6, 7, 7, 4, 5, 4, 3, 3, 0, 2, 0, 0, 0, 0, 0, 1, 1, 0, 0, 0, 0, 0, 0, 0, 2], "bins": [0.0, 2.34375, 4.6875, 7.03125, 9.375, 11.71875, 14.0625, 16.40625, 18.75, 21.09375, 23.4375, 25.78125, 28.125, 30.46875, 32.8125, 35.15625, 37.5, 39.84375, 42.1875, 44.53125, 46.875, 49.21875, 51.5625, 53.90625, 56.25, 58.59375, 60.9375, 63.28125, 65.625, 67.96875, 70.3125, 72.65625, 75.0]}, "_timestamp": 1682605122.731318, "_runtime": 68.42719507217407, "_step": 0, "_wandb": {"runtime": 66}}