{"accuracy": 0.2158894645941278, "classification_report": "              precision    recall  f1-score   support\n\n           0       0.42      0.31      0.36       180\n           1       0.17      0.27      0.21       142\n           2       0.19      0.18      0.18       181\n           3       0.20      0.17      0.18       190\n           4       0.20      0.21      0.21       201\n           5       0.21      0.06      0.09       150\n           6       0.16      0.26      0.19       178\n           7       0.17      0.15      0.16       171\n           8       0.22      0.19      0.21       171\n           9       0.31      0.35      0.33       173\n\n    accuracy                           0.22      1737\n   macro avg       0.22      0.21      0.21      1737\nweighted avg       0.22      0.22      0.21      1737\n", "confusion_matrix": {"_type": "histogram", "values": [4, 9, 9, 9, 4, 6, 7, 3, 6, 5, 13, 2, 5, 3, 0, 0, 2, 2, 1, 2, 0, 2, 1, 1, 1, 0, 0, 1, 0, 1, 0, 1], "bins": [1.0, 2.875, 4.75, 6.625, 8.5, 10.375, 12.25, 14.125, 16.0, 17.875, 19.75, 21.625, 23.5, 25.375, 27.25, 29.125, 31.0, 32.875, 34.75, 36.625, 38.5, 40.375, 42.25, 44.125, 46.0, 47.875, 49.75, 51.625, 53.5, 55.375, 57.25, 59.125, 61.0]}, "_timestamp": 1682687384.385393, "_runtime": 67.38531589508057, "_step": 0, "_wandb": {"runtime": 65}}