{"accuracy": 0.1692573402417962, "classification_report": "              precision    recall  f1-score   support\n\n           0       0.26      0.54      0.35       180\n           1       0.13      0.20      0.15       142\n           2       0.14      0.08      0.10       181\n           3       0.05      0.02      0.02       190\n           4       0.12      0.11      0.12       201\n           5       0.13      0.05      0.07       150\n           6       0.12      0.24      0.16       178\n           7       0.06      0.01      0.01       171\n           8       0.16      0.18      0.17       171\n           9       0.26      0.27      0.27       173\n\n    accuracy                           0.17      1737\n   macro avg       0.14      0.17      0.14      1737\nweighted avg       0.14      0.17      0.14      1737\n", "confusion_matrix": {"_type": "histogram", "values": [15, 11, 11, 11, 7, 8, 4, 5, 6, 5, 5, 2, 3, 1, 1, 1, 2, 1, 0, 0, 0, 0, 0, 0, 0, 0, 0, 0, 0, 0, 0, 1], "bins": [0.0, 3.0625, 6.125, 9.1875, 12.25, 15.3125, 18.375, 21.4375, 24.5, 27.5625, 30.625, 33.6875, 36.75, 39.8125, 42.875, 45.9375, 49.0, 52.0625, 55.125, 58.1875, 61.25, 64.3125, 67.375, 70.4375, 73.5, 76.5625, 79.625, 82.6875, 85.75, 88.8125, 91.875, 94.9375, 98.0]}, "_timestamp": 1682608742.583041, "_runtime": 28.8960919380188, "_step": 0, "_wandb": {"runtime": 27}}