{"accuracy": 0.17731721358664365, "classification_report": "              precision    recall  f1-score   support\n\n           0       0.35      0.19      0.24       180\n           1       0.19      0.13      0.16       142\n           2       0.18      0.09      0.12       181\n           3       0.22      0.13      0.16       190\n           4       0.24      0.15      0.19       201\n           5       0.18      0.10      0.13       150\n           6       0.22      0.13      0.16       178\n           7       0.17      0.11      0.13       171\n           8       0.28      0.17      0.21       171\n           9       0.12      0.57      0.20       173\n\n    accuracy                           0.18      1737\n   macro avg       0.21      0.18      0.17      1737\nweighted avg       0.22      0.18      0.17      1737\n", "confusion_matrix": {"_type": "histogram", "values": [15, 13, 26, 14, 11, 4, 2, 2, 0, 2, 1, 0, 0, 0, 0, 0, 0, 0, 1, 0, 0, 0, 1, 1, 2, 0, 0, 1, 0, 2, 1, 1], "bins": [2.0, 5.0, 8.0, 11.0, 14.0, 17.0, 20.0, 23.0, 26.0, 29.0, 32.0, 35.0, 38.0, 41.0, 44.0, 47.0, 50.0, 53.0, 56.0, 59.0, 62.0, 65.0, 68.0, 71.0, 74.0, 77.0, 80.0, 83.0, 86.0, 89.0, 92.0, 95.0, 98.0]}, "_timestamp": 1682653203.1958232, "_runtime": 2.076606273651123, "_step": 0, "_wandb": {"runtime": 0}}