{"accuracy": 0.15831894070236038, "classification_report": "              precision    recall  f1-score   support\n\n           0       0.27      0.32      0.29       180\n           1       0.12      0.17      0.14       142\n           2       0.11      0.09      0.10       181\n           3       0.13      0.12      0.13       190\n           4       0.16      0.12      0.14       201\n           5       0.08      0.07      0.07       150\n           6       0.15      0.14      0.15       178\n           7       0.13      0.13      0.13       171\n           8       0.16      0.17      0.17       171\n           9       0.21      0.24      0.23       173\n\n    accuracy                           0.16      1737\n   macro avg       0.15      0.16      0.15      1737\nweighted avg       0.15      0.16      0.16      1737\n", "confusion_matrix": {"_type": "histogram", "values": [5, 4, 8, 3, 7, 11, 4, 13, 12, 5, 12, 4, 3, 1, 2, 1, 0, 0, 1, 0, 0, 1, 2, 0, 0, 0, 0, 0, 0, 0, 0, 1], "bins": [4.0, 5.6875, 7.375, 9.0625, 10.75, 12.4375, 14.125, 15.8125, 17.5, 19.1875, 20.875, 22.5625, 24.25, 25.9375, 27.625, 29.3125, 31.0, 32.6875, 34.375, 36.0625, 37.75, 39.4375, 41.125, 42.8125, 44.5, 46.1875, 47.875, 49.5625, 51.25, 52.9375, 54.625, 56.3125, 58.0]}, "_timestamp": 1682594571.2890198, "_runtime": 4.79043984413147, "_step": 0, "_wandb": {"runtime": 0}}