{"accuracy": 0.1669545192861255, "classification_report": "              precision    recall  f1-score   support\n\n           0       0.17      0.78      0.28       180\n           1       0.00      0.00      0.00       142\n           2       0.17      0.04      0.06       181\n           3       0.12      0.02      0.03       190\n           4       0.00      0.00      0.00       201\n           5       0.00      0.00      0.00       150\n           6       0.06      0.01      0.01       178\n           7       0.13      0.29      0.18       171\n           8       0.17      0.11      0.13       171\n           9       0.23      0.40      0.29       173\n\n    accuracy                           0.17      1737\n   macro avg       0.11      0.16      0.10      1737\nweighted avg       0.11      0.17      0.10      1737\n", "confusion_matrix": {"_type": "histogram", "values": [58, 8, 2, 1, 4, 1, 3, 4, 2, 2, 3, 2, 1, 0, 1, 1, 0, 2, 0, 0, 1, 1, 1, 0, 1, 0, 0, 0, 0, 0, 0, 1], "bins": [0.0, 4.40625, 8.8125, 13.21875, 17.625, 22.03125, 26.4375, 30.84375, 35.25, 39.65625, 44.0625, 48.46875, 52.875, 57.28125, 61.6875, 66.09375, 70.5, 74.90625, 79.3125, 83.71875, 88.125, 92.53125, 96.9375, 101.34375, 105.75, 110.15625, 114.5625, 118.96875, 123.375, 127.78125, 132.1875, 136.59375, 141.0]}, "_timestamp": 1682682062.13428, "_runtime": 1.9203760623931885, "_step": 0, "_wandb": {"runtime": 0}}