{"accuracy": 0.16177317213586645, "classification_report": "              precision    recall  f1-score   support\n\n           0       0.36      0.33      0.34       180\n           1       0.17      0.37      0.23       142\n           2       0.11      0.22      0.14       181\n           3       0.00      0.00      0.00       190\n           4       0.00      0.00      0.00       201\n           5       0.14      0.33      0.19       150\n           6       0.00      0.00      0.00       178\n           7       0.15      0.46      0.23       171\n           8       0.00      0.00      0.00       171\n           9       0.29      0.01      0.02       173\n\n    accuracy                           0.16      1737\n   macro avg       0.12      0.17      0.12      1737\nweighted avg       0.12      0.16      0.11      1737\n", "confusion_matrix": {"_type": "histogram", "values": [50, 0, 3, 3, 6, 3, 3, 2, 1, 1, 1, 1, 2, 2, 3, 2, 2, 2, 2, 2, 1, 1, 2, 1, 0, 0, 0, 0, 1, 2, 0, 1], "bins": [0.0, 2.71875, 5.4375, 8.15625, 10.875, 13.59375, 16.3125, 19.03125, 21.75, 24.46875, 27.1875, 29.90625, 32.625, 35.34375, 38.0625, 40.78125, 43.5, 46.21875, 48.9375, 51.65625, 54.375, 57.09375, 59.8125, 62.53125, 65.25, 67.96875, 70.6875, 73.40625, 76.125, 78.84375, 81.5625, 84.28125, 87.0]}, "_timestamp": 1682652233.086823, "_runtime": 19.819724082946777, "_step": 0, "_wandb": {"runtime": 18}}