{"accuracy": 0.17962003454231434, "classification_report": "              precision    recall  f1-score   support\n\n           0       0.36      0.40      0.38       180\n           1       0.18      0.26      0.21       142\n           2       0.14      0.20      0.16       181\n           3       0.09      0.11      0.10       190\n           4       0.17      0.11      0.13       201\n           5       0.11      0.07      0.08       150\n           6       0.16      0.15      0.15       178\n           7       0.14      0.12      0.13       171\n           8       0.17      0.16      0.17       171\n           9       0.28      0.23      0.25       173\n\n    accuracy                           0.18      1737\n   macro avg       0.18      0.18      0.18      1737\nweighted avg       0.18      0.18      0.18      1737\n", "confusion_matrix": {"_type": "histogram", "values": [7, 5, 7, 9, 12, 9, 7, 8, 7, 5, 5, 7, 3, 2, 0, 1, 5, 0, 0, 0, 0, 0, 0, 0, 0, 0, 0, 0, 0, 0, 0, 1], "bins": [2.0, 4.1875, 6.375, 8.5625, 10.75, 12.9375, 15.125, 17.3125, 19.5, 21.6875, 23.875, 26.0625, 28.25, 30.4375, 32.625, 34.8125, 37.0, 39.1875, 41.375, 43.5625, 45.75, 47.9375, 50.125, 52.3125, 54.5, 56.6875, 58.875, 61.0625, 63.25, 65.4375, 67.625, 69.8125, 72.0]}, "_timestamp": 1682596206.682574, "_runtime": 1.9659440517425537, "_step": 0, "_wandb": {"runtime": 0}}