{"accuracy": 0.1755900978698906, "classification_report": "              precision    recall  f1-score   support\n\n           0       0.29      0.54      0.38       180\n           1       0.17      0.30      0.22       142\n           2       0.12      0.15      0.13       181\n           3       0.00      0.00      0.00       190\n           4       0.00      0.00      0.00       201\n           5       0.14      0.30      0.19       150\n           6       0.00      0.00      0.00       178\n           7       0.15      0.54      0.23       171\n           8       0.00      0.00      0.00       171\n           9       0.33      0.01      0.01       173\n\n    accuracy                           0.18      1737\n   macro avg       0.12      0.18      0.12      1737\nweighted avg       0.12      0.18      0.11      1737\n", "confusion_matrix": {"_type": "histogram", "values": [50, 1, 1, 6, 4, 7, 2, 2, 2, 1, 2, 4, 4, 4, 2, 1, 0, 1, 1, 0, 0, 0, 0, 0, 0, 0, 0, 1, 1, 1, 1, 1], "bins": [0.0, 3.25, 6.5, 9.75, 13.0, 16.25, 19.5, 22.75, 26.0, 29.25, 32.5, 35.75, 39.0, 42.25, 45.5, 48.75, 52.0, 55.25, 58.5, 61.75, 65.0, 68.25, 71.5, 74.75, 78.0, 81.25, 84.5, 87.75, 91.0, 94.25, 97.5, 100.75, 104.0]}, "_timestamp": 1682652168.911881, "_runtime": 12.145340919494629, "_step": 0, "_wandb": {"runtime": 9}}