{"accuracy": 0.2135866436384571, "classification_report": "              precision    recall  f1-score   support\n\n           0       0.39      0.57      0.46       180\n           1       0.18      0.27      0.22       142\n           2       0.15      0.08      0.11       181\n           3       0.09      0.05      0.07       190\n           4       0.15      0.12      0.13       201\n           5       0.19      0.07      0.11       150\n           6       0.20      0.13      0.16       178\n           7       0.18      0.18      0.18       171\n           8       0.17      0.16      0.16       171\n           9       0.23      0.52      0.32       173\n\n    accuracy                           0.21      1737\n   macro avg       0.19      0.22      0.19      1737\nweighted avg       0.19      0.21      0.19      1737\n", "confusion_matrix": {"_type": "histogram", "values": [11, 16, 19, 4, 11, 12, 6, 3, 4, 2, 2, 3, 1, 1, 2, 0, 0, 1, 0, 0, 0, 0, 0, 0, 0, 0, 0, 1, 0, 0, 0, 1], "bins": [1.0, 4.1875, 7.375, 10.5625, 13.75, 16.9375, 20.125, 23.3125, 26.5, 29.6875, 32.875, 36.0625, 39.25, 42.4375, 45.625, 48.8125, 52.0, 55.1875, 58.375, 61.5625, 64.75, 67.9375, 71.125, 74.3125, 77.5, 80.6875, 83.875, 87.0625, 90.25, 93.4375, 96.625, 99.8125, 103.0]}, "_timestamp": 1682602367.3342452, "_runtime": 1.9236361980438232, "_step": 0, "_wandb": {"runtime": 0}}