{"accuracy": 0.08405296488198043, "classification_report": "              precision    recall  f1-score   support\n\n           0       0.07      0.16      0.10       180\n           1       0.03      0.15      0.05       142\n           2       0.15      0.53      0.24       181\n           3       0.00      0.00      0.00       190\n           4       0.00      0.00      0.00       201\n           5       0.00      0.00      0.00       150\n           6       0.00      0.00      0.00       178\n           7       0.00      0.00      0.00       171\n           8       0.00      0.00      0.00       171\n           9       0.00      0.00      0.00       173\n\n    accuracy                           0.08      1737\n   macro avg       0.03      0.08      0.04      1737\nweighted avg       0.03      0.08      0.04      1737\n", "confusion_matrix": {"_type": "histogram", "values": [70, 0, 0, 0, 1, 2, 1, 3, 4, 3, 2, 0, 1, 1, 1, 1, 0, 0, 0, 1, 2, 2, 1, 1, 1, 1, 0, 0, 0, 0, 0, 1], "bins": [0.0, 4.1875, 8.375, 12.5625, 16.75, 20.9375, 25.125, 29.3125, 33.5, 37.6875, 41.875, 46.0625, 50.25, 54.4375, 58.625, 62.8125, 67.0, 71.1875, 75.375, 79.5625, 83.75, 87.9375, 92.125, 96.3125, 100.5, 104.6875, 108.875, 113.0625, 117.25, 121.4375, 125.625, 129.8125, 134.0]}, "_timestamp": 1682841462.990227, "_runtime": 60.12125086784363, "_step": 0, "_wandb": {"runtime": 58}}