{"accuracy": 0.19861830742659758, "classification_report": "              precision    recall  f1-score   support\n\n           0       0.38      0.50      0.43       180\n           1       0.18      0.23      0.20       142\n           2       0.13      0.10      0.12       181\n           3       0.11      0.12      0.12       190\n           4       0.20      0.11      0.15       201\n           5       0.20      0.01      0.03       150\n           6       0.18      0.25      0.21       178\n           7       0.13      0.09      0.10       171\n           8       0.17      0.09      0.12       171\n           9       0.21      0.46      0.29       173\n\n    accuracy                           0.20      1737\n   macro avg       0.19      0.20      0.18      1737\nweighted avg       0.19      0.20      0.18      1737\n", "confusion_matrix": {"_type": "histogram", "values": [12, 10, 10, 12, 8, 6, 8, 5, 6, 6, 1, 4, 3, 2, 1, 2, 1, 0, 0, 0, 0, 0, 0, 1, 0, 0, 0, 0, 1, 0, 0, 1], "bins": [0.0, 2.8125, 5.625, 8.4375, 11.25, 14.0625, 16.875, 19.6875, 22.5, 25.3125, 28.125, 30.9375, 33.75, 36.5625, 39.375, 42.1875, 45.0, 47.8125, 50.625, 53.4375, 56.25, 59.0625, 61.875, 64.6875, 67.5, 70.3125, 73.125, 75.9375, 78.75, 81.5625, 84.375, 87.1875, 90.0]}, "_timestamp": 1682604412.296413, "_runtime": 20.294843912124634, "_step": 0, "_wandb": {"runtime": 18}}