{"accuracy": 0.17098445595854922, "classification_report": "              precision    recall  f1-score   support\n\n           0       0.34      0.36      0.35       180\n           1       0.18      0.15      0.17       142\n           2       0.18      0.16      0.17       181\n           3       0.09      0.12      0.10       190\n           4       0.14      0.15      0.15       201\n           5       0.15      0.11      0.12       150\n           6       0.16      0.22      0.18       178\n           7       0.15      0.12      0.13       171\n           8       0.10      0.06      0.08       171\n           9       0.22      0.24      0.23       173\n\n    accuracy                           0.17      1737\n   macro avg       0.17      0.17      0.17      1737\nweighted avg       0.17      0.17      0.17      1737\n", "confusion_matrix": {"_type": "histogram", "values": [3, 6, 7, 5, 11, 7, 9, 9, 9, 4, 7, 4, 5, 3, 2, 2, 2, 1, 0, 2, 1, 0, 0, 0, 0, 0, 0, 0, 0, 0, 0, 1], "bins": [2.0, 3.9375, 5.875, 7.8125, 9.75, 11.6875, 13.625, 15.5625, 17.5, 19.4375, 21.375, 23.3125, 25.25, 27.1875, 29.125, 31.0625, 33.0, 34.9375, 36.875, 38.8125, 40.75, 42.6875, 44.625, 46.5625, 48.5, 50.4375, 52.375, 54.3125, 56.25, 58.1875, 60.125, 62.0625, 64.0]}, "_timestamp": 1682603519.608665, "_runtime": 2.215471029281616, "_step": 0, "_wandb": {"runtime": 0}}