{"accuracy": 0.16177317213586645, "classification_report": "              precision    recall  f1-score   support\n\n           0       0.31      0.33      0.32       180\n           1       0.14      0.18      0.16       142\n           2       0.12      0.12      0.12       181\n           3       0.12      0.12      0.12       190\n           4       0.12      0.11      0.11       201\n           5       0.11      0.11      0.11       150\n           6       0.17      0.19      0.18       178\n           7       0.15      0.12      0.13       171\n           8       0.13      0.11      0.12       171\n           9       0.24      0.21      0.22       173\n\n    accuracy                           0.16      1737\n   macro avg       0.16      0.16      0.16      1737\nweighted avg       0.16      0.16      0.16      1737\n", "confusion_matrix": {"_type": "histogram", "values": [2, 7, 5, 5, 2, 14, 14, 12, 4, 1, 9, 7, 4, 6, 2, 1, 1, 2, 0, 1, 0, 0, 0, 0, 0, 0, 0, 0, 0, 0, 0, 1], "bins": [3.0, 4.78125, 6.5625, 8.34375, 10.125, 11.90625, 13.6875, 15.46875, 17.25, 19.03125, 20.8125, 22.59375, 24.375, 26.15625, 27.9375, 29.71875, 31.5, 33.28125, 35.0625, 36.84375, 38.625, 40.40625, 42.1875, 43.96875, 45.75, 47.53125, 49.3125, 51.09375, 52.875, 54.65625, 56.4375, 58.21875, 60.0]}, "_timestamp": 1682596273.46418, "_runtime": 1.9163398742675781, "_step": 0, "_wandb": {"runtime": 0}}