{"accuracy": 0.18767990788716177, "classification_report": "              precision    recall  f1-score   support\n\n           0       0.32      0.31      0.31       180\n           1       0.18      0.25      0.21       142\n           2       0.15      0.15      0.15       181\n           3       0.14      0.14      0.14       190\n           4       0.18      0.20      0.19       201\n           5       0.07      0.03      0.05       150\n           6       0.16      0.24      0.19       178\n           7       0.17      0.17      0.17       171\n           8       0.20      0.17      0.18       171\n           9       0.30      0.20      0.24       173\n\n    accuracy                           0.19      1737\n   macro avg       0.19      0.19      0.18      1737\nweighted avg       0.19      0.19      0.19      1737\n", "confusion_matrix": {"_type": "histogram", "values": [2, 6, 9, 4, 5, 8, 2, 6, 14, 5, 2, 4, 2, 3, 8, 2, 6, 5, 0, 0, 3, 0, 1, 1, 1, 0, 0, 0, 0, 0, 0, 1], "bins": [1.0, 2.6875, 4.375, 6.0625, 7.75, 9.4375, 11.125, 12.8125, 14.5, 16.1875, 17.875, 19.5625, 21.25, 22.9375, 24.625, 26.3125, 28.0, 29.6875, 31.375, 33.0625, 34.75, 36.4375, 38.125, 39.8125, 41.5, 43.1875, 44.875, 46.5625, 48.25, 49.9375, 51.625, 53.3125, 55.0]}, "_timestamp": 1682687601.170888, "_runtime": 29.24078893661499, "_step": 0, "_wandb": {"runtime": 26}}