{"accuracy": 0.18767990788716177, "classification_report": "              precision    recall  f1-score   support\n\n           0       0.26      0.71      0.38       180\n           1       0.10      0.06      0.07       142\n           2       0.13      0.07      0.09       181\n           3       0.21      0.14      0.17       190\n           4       0.15      0.09      0.11       201\n           5       0.12      0.09      0.10       150\n           6       0.13      0.22      0.16       178\n           7       0.19      0.05      0.08       171\n           8       0.24      0.14      0.18       171\n           9       0.18      0.29      0.23       173\n\n    accuracy                           0.19      1737\n   macro avg       0.17      0.18      0.16      1737\nweighted avg       0.17      0.19      0.16      1737\n", "confusion_matrix": {"_type": "histogram", "values": [9, 18, 23, 17, 4, 6, 5, 2, 3, 4, 1, 2, 2, 0, 1, 0, 0, 2, 0, 0, 0, 0, 0, 0, 0, 0, 0, 0, 0, 0, 0, 1], "bins": [0.0, 3.96875, 7.9375, 11.90625, 15.875, 19.84375, 23.8125, 27.78125, 31.75, 35.71875, 39.6875, 43.65625, 47.625, 51.59375, 55.5625, 59.53125, 63.5, 67.46875, 71.4375, 75.40625, 79.375, 83.34375, 87.3125, 91.28125, 95.25, 99.21875, 103.1875, 107.15625, 111.125, 115.09375, 119.0625, 123.03125, 127.0]}, "_timestamp": 1682682254.056473, "_runtime": 2.124861001968384, "_step": 0, "_wandb": {"runtime": 0}}