{"accuracy": 0.16062176165803108, "classification_report": "              precision    recall  f1-score   support\n\n           0       0.31      0.36      0.34       180\n           1       0.14      0.18      0.16       142\n           2       0.11      0.12      0.11       181\n           3       0.13      0.14      0.13       190\n           4       0.10      0.07      0.08       201\n           5       0.10      0.07      0.09       150\n           6       0.11      0.13      0.12       178\n           7       0.14      0.15      0.15       171\n           8       0.19      0.15      0.17       171\n           9       0.25      0.24      0.25       173\n\n    accuracy                           0.16      1737\n   macro avg       0.16      0.16      0.16      1737\nweighted avg       0.16      0.16      0.16      1737\n", "confusion_matrix": {"_type": "histogram", "values": [2, 0, 5, 7, 7, 12, 10, 10, 8, 5, 6, 6, 11, 4, 2, 2, 0, 0, 1, 0, 1, 0, 0, 0, 0, 0, 0, 0, 0, 0, 0, 1], "bins": [0.0, 2.03125, 4.0625, 6.09375, 8.125, 10.15625, 12.1875, 14.21875, 16.25, 18.28125, 20.3125, 22.34375, 24.375, 26.40625, 28.4375, 30.46875, 32.5, 34.53125, 36.5625, 38.59375, 40.625, 42.65625, 44.6875, 46.71875, 48.75, 50.78125, 52.8125, 54.84375, 56.875, 58.90625, 60.9375, 62.96875, 65.0]}, "_timestamp": 1682596292.780087, "_runtime": 1.9092960357666016, "_step": 0, "_wandb": {"runtime": 0}}