{"accuracy": 0.1577432354634427, "classification_report": "              precision    recall  f1-score   support\n\n           0       0.27      0.31      0.28       180\n           1       0.15      0.20      0.17       142\n           2       0.15      0.12      0.13       181\n           3       0.12      0.11      0.11       190\n           4       0.16      0.16      0.16       201\n           5       0.10      0.10      0.10       150\n           6       0.12      0.13      0.12       178\n           7       0.14      0.11      0.12       171\n           8       0.16      0.16      0.16       171\n           9       0.21      0.18      0.19       173\n\n    accuracy                           0.16      1737\n   macro avg       0.16      0.16      0.16      1737\nweighted avg       0.16      0.16      0.16      1737\n", "confusion_matrix": {"_type": "histogram", "values": [2, 0, 3, 7, 7, 1, 7, 12, 13, 12, 7, 6, 5, 6, 2, 4, 2, 0, 2, 0, 0, 0, 0, 1, 0, 0, 0, 0, 0, 0, 0, 1], "bins": [2.0, 3.65625, 5.3125, 6.96875, 8.625, 10.28125, 11.9375, 13.59375, 15.25, 16.90625, 18.5625, 20.21875, 21.875, 23.53125, 25.1875, 26.84375, 28.5, 30.15625, 31.8125, 33.46875, 35.125, 36.78125, 38.4375, 40.09375, 41.75, 43.40625, 45.0625, 46.71875, 48.375, 50.03125, 51.6875, 53.34375, 55.0]}, "_timestamp": 1682596075.43003, "_runtime": 5.161092042922974, "_step": 0, "_wandb": {"runtime": 3}}