{"accuracy": 0.16465169833045482, "classification_report": "              precision    recall  f1-score   support\n\n           0       0.31      0.22      0.26       180\n           1       0.13      0.07      0.09       142\n           2       0.10      0.02      0.04       181\n           3       0.13      0.54      0.21       190\n           4       0.18      0.03      0.05       201\n           5       0.06      0.01      0.01       150\n           6       0.15      0.27      0.19       178\n           7       0.15      0.08      0.11       171\n           8       0.20      0.14      0.16       171\n           9       0.30      0.21      0.25       173\n\n    accuracy                           0.16      1737\n   macro avg       0.17      0.16      0.14      1737\nweighted avg       0.17      0.16      0.14      1737\n", "confusion_matrix": {"_type": "histogram", "values": [27, 19, 12, 8, 4, 4, 2, 3, 2, 0, 2, 3, 2, 1, 1, 1, 1, 0, 0, 0, 2, 0, 0, 0, 1, 1, 0, 1, 0, 0, 0, 3], "bins": [0.0, 3.1875, 6.375, 9.5625, 12.75, 15.9375, 19.125, 22.3125, 25.5, 28.6875, 31.875, 35.0625, 38.25, 41.4375, 44.625, 47.8125, 51.0, 54.1875, 57.375, 60.5625, 63.75, 66.9375, 70.125, 73.3125, 76.5, 79.6875, 82.875, 86.0625, 89.25, 92.4375, 95.625, 98.8125, 102.0]}, "_timestamp": 1682681476.429172, "_runtime": 2.6414411067962646, "_step": 0, "_wandb": {"runtime": 0}}