{"accuracy": 0.2158894645941278, "classification_report": "              precision    recall  f1-score   support\n\n           0       0.43      0.49      0.46       180\n           1       0.17      0.18      0.17       142\n           2       0.19      0.15      0.17       181\n           3       0.14      0.22      0.17       190\n           4       0.17      0.12      0.14       201\n           5       0.00      0.00      0.00       150\n           6       0.19      0.32      0.24       178\n           7       0.14      0.05      0.07       171\n           8       0.17      0.08      0.11       171\n           9       0.25      0.51      0.33       173\n\n    accuracy                           0.22      1737\n   macro avg       0.19      0.21      0.19      1737\nweighted avg       0.19      0.22      0.19      1737\n", "confusion_matrix": {"_type": "histogram", "values": [13, 18, 11, 4, 4, 8, 4, 4, 5, 8, 4, 3, 1, 1, 5, 1, 1, 1, 0, 0, 1, 0, 1, 0, 0, 0, 0, 0, 0, 0, 0, 2], "bins": [0.0, 2.75, 5.5, 8.25, 11.0, 13.75, 16.5, 19.25, 22.0, 24.75, 27.5, 30.25, 33.0, 35.75, 38.5, 41.25, 44.0, 46.75, 49.5, 52.25, 55.0, 57.75, 60.5, 63.25, 66.0, 68.75, 71.5, 74.25, 77.0, 79.75, 82.5, 85.25, 88.0]}, "_timestamp": 1682605435.598471, "_runtime": 84.43189191818237, "_step": 0, "_wandb": {"runtime": 82}}