{"accuracy": 0.1888313183649971, "classification_report": "              precision    recall  f1-score   support\n\n           0       0.48      0.31      0.38       180\n           1       0.15      0.15      0.15       142\n           2       0.19      0.18      0.18       181\n           3       0.16      0.22      0.19       190\n           4       0.17      0.20      0.19       201\n           5       0.11      0.08      0.09       150\n           6       0.12      0.18      0.15       178\n           7       0.19      0.16      0.17       171\n           8       0.17      0.15      0.16       171\n           9       0.29      0.23      0.25       173\n\n    accuracy                           0.19      1737\n   macro avg       0.20      0.19      0.19      1737\nweighted avg       0.20      0.19      0.19      1737\n", "confusion_matrix": {"_type": "histogram", "values": [3, 9, 5, 2, 7, 9, 8, 4, 6, 9, 2, 3, 7, 3, 3, 2, 2, 0, 7, 4, 1, 0, 1, 2, 0, 0, 0, 0, 0, 0, 0, 1], "bins": [1.0, 2.71875, 4.4375, 6.15625, 7.875, 9.59375, 11.3125, 13.03125, 14.75, 16.46875, 18.1875, 19.90625, 21.625, 23.34375, 25.0625, 26.78125, 28.5, 30.21875, 31.9375, 33.65625, 35.375, 37.09375, 38.8125, 40.53125, 42.25, 43.96875, 45.6875, 47.40625, 49.125, 50.84375, 52.5625, 54.28125, 56.0]}, "_timestamp": 1682687457.453228, "_runtime": 68.1156849861145, "_step": 0, "_wandb": {"runtime": 66}}