{"accuracy": 0.16350028785261947, "classification_report": "              precision    recall  f1-score   support\n\n           0       0.28      0.37      0.32       180\n           1       0.11      0.15      0.13       142\n           2       0.12      0.12      0.12       181\n           3       0.13      0.11      0.12       190\n           4       0.15      0.12      0.13       201\n           5       0.11      0.09      0.10       150\n           6       0.12      0.11      0.11       178\n           7       0.13      0.11      0.12       171\n           8       0.20      0.20      0.20       171\n           9       0.22      0.25      0.23       173\n\n    accuracy                           0.16      1737\n   macro avg       0.16      0.16      0.16      1737\nweighted avg       0.16      0.16      0.16      1737\n", "confusion_matrix": {"_type": "histogram", "values": [3, 8, 4, 4, 10, 10, 10, 15, 7, 8, 9, 3, 1, 1, 1, 1, 1, 0, 0, 1, 1, 1, 0, 0, 0, 0, 0, 0, 0, 0, 0, 1], "bins": [3.0, 5.0, 7.0, 9.0, 11.0, 13.0, 15.0, 17.0, 19.0, 21.0, 23.0, 25.0, 27.0, 29.0, 31.0, 33.0, 35.0, 37.0, 39.0, 41.0, 43.0, 45.0, 47.0, 49.0, 51.0, 53.0, 55.0, 57.0, 59.0, 61.0, 63.0, 65.0, 67.0]}, "_timestamp": 1682594579.106735, "_runtime": 2.2503440380096436, "_step": 0, "_wandb": {"runtime": 0}}