{"accuracy": 0.206678180771445, "classification_report": "              precision    recall  f1-score   support\n\n           0       0.37      0.51      0.43       180\n           1       0.17      0.19      0.18       142\n           2       0.20      0.23      0.22       181\n           3       0.16      0.15      0.16       190\n           4       0.21      0.13      0.16       201\n           5       0.13      0.05      0.08       150\n           6       0.13      0.12      0.13       178\n           7       0.15      0.20      0.17       171\n           8       0.14      0.13      0.14       171\n           9       0.27      0.34      0.30       173\n\n    accuracy                           0.21      1737\n   macro avg       0.20      0.20      0.20      1737\nweighted avg       0.20      0.21      0.20      1737\n", "confusion_matrix": {"_type": "histogram", "values": [1, 9, 18, 10, 13, 4, 5, 10, 8, 9, 4, 4, 1, 1, 1, 0, 0, 0, 0, 0, 1, 0, 0, 0, 0, 0, 0, 0, 0, 0, 0, 1], "bins": [0.0, 2.84375, 5.6875, 8.53125, 11.375, 14.21875, 17.0625, 19.90625, 22.75, 25.59375, 28.4375, 31.28125, 34.125, 36.96875, 39.8125, 42.65625, 45.5, 48.34375, 51.1875, 54.03125, 56.875, 59.71875, 62.5625, 65.40625, 68.25, 71.09375, 73.9375, 76.78125, 79.625, 82.46875, 85.3125, 88.15625, 91.0]}, "_timestamp": 1682655043.233021, "_runtime": 20.706988096237183, "_step": 0, "_wandb": {"runtime": 18}}