{"accuracy": 0.15716753022452504, "classification_report": "              precision    recall  f1-score   support\n\n           0       0.26      0.25      0.25       180\n           1       0.14      0.16      0.15       142\n           2       0.13      0.14      0.13       181\n           3       0.11      0.12      0.11       190\n           4       0.14      0.14      0.14       201\n           5       0.11      0.10      0.10       150\n           6       0.12      0.11      0.12       178\n           7       0.15      0.14      0.15       171\n           8       0.15      0.13      0.14       171\n           9       0.26      0.28      0.27       173\n\n    accuracy                           0.16      1737\n   macro avg       0.16      0.16      0.16      1737\nweighted avg       0.16      0.16      0.16      1737\n", "confusion_matrix": {"_type": "histogram", "values": [3, 2, 8, 3, 3, 5, 4, 8, 13, 6, 8, 8, 5, 10, 3, 1, 2, 2, 3, 0, 0, 0, 0, 0, 0, 0, 0, 0, 0, 1, 0, 2], "bins": [4.0, 5.375, 6.75, 8.125, 9.5, 10.875, 12.25, 13.625, 15.0, 16.375, 17.75, 19.125, 20.5, 21.875, 23.25, 24.625, 26.0, 27.375, 28.75, 30.125, 31.5, 32.875, 34.25, 35.625, 37.0, 38.375, 39.75, 41.125, 42.5, 43.875, 45.25, 46.625, 48.0]}, "_timestamp": 1682596630.713822, "_runtime": 9.36255693435669, "_step": 0, "_wandb": {"runtime": 7}}