{"accuracy": 0.23200921128382268, "classification_report": "              precision    recall  f1-score   support\n\n           0       0.43      0.57      0.49       180\n           1       0.20      0.27      0.23       142\n           2       0.13      0.11      0.12       181\n           3       0.13      0.15      0.14       190\n           4       0.18      0.15      0.16       201\n           5       0.13      0.02      0.03       150\n           6       0.19      0.22      0.21       178\n           7       0.21      0.15      0.18       171\n           8       0.21      0.13      0.16       171\n           9       0.29      0.53      0.38       173\n\n    accuracy                           0.23      1737\n   macro avg       0.21      0.23      0.21      1737\nweighted avg       0.21      0.23      0.21      1737\n", "confusion_matrix": {"_type": "histogram", "values": [11, 15, 12, 10, 9, 6, 7, 7, 7, 4, 4, 2, 2, 1, 0, 0, 1, 0, 0, 0, 0, 0, 0, 0, 0, 0, 0, 0, 1, 0, 0, 1], "bins": [0.0, 3.21875, 6.4375, 9.65625, 12.875, 16.09375, 19.3125, 22.53125, 25.75, 28.96875, 32.1875, 35.40625, 38.625, 41.84375, 45.0625, 48.28125, 51.5, 54.71875, 57.9375, 61.15625, 64.375, 67.59375, 70.8125, 74.03125, 77.25, 80.46875, 83.6875, 86.90625, 90.125, 93.34375, 96.5625, 99.78125, 103.0]}, "_timestamp": 1682694294.24913, "_runtime": 19.09918212890625, "_step": 0, "_wandb": {"runtime": 17}}