{"accuracy": 0.11226252158894647, "classification_report": "              precision    recall  f1-score   support\n\n           0       0.07      0.04      0.06       180\n           1       0.03      0.08      0.04       142\n           2       0.15      0.36      0.21       181\n           3       0.15      0.14      0.14       190\n           4       0.14      0.41      0.21       201\n           5       0.00      0.00      0.00       150\n           6       0.00      0.00      0.00       178\n           7       0.00      0.00      0.00       171\n           8       0.00      0.00      0.00       171\n           9       0.00      0.00      0.00       173\n\n    accuracy                           0.11      1737\n   macro avg       0.05      0.10      0.07      1737\nweighted avg       0.06      0.11      0.07      1737\n", "confusion_matrix": {"_type": "histogram", "values": [50, 4, 5, 4, 3, 7, 2, 1, 3, 1, 3, 1, 1, 1, 0, 3, 2, 0, 4, 1, 0, 1, 1, 0, 0, 1, 0, 0, 0, 0, 0, 1], "bins": [0.0, 3.59375, 7.1875, 10.78125, 14.375, 17.96875, 21.5625, 25.15625, 28.75, 32.34375, 35.9375, 39.53125, 43.125, 46.71875, 50.3125, 53.90625, 57.5, 61.09375, 64.6875, 68.28125, 71.875, 75.46875, 79.0625, 82.65625, 86.25, 89.84375, 93.4375, 97.03125, 100.625, 104.21875, 107.8125, 111.40625, 115.0]}, "_timestamp": 1682841590.2748978, "_runtime": 43.96026682853699, "_step": 0, "_wandb": {"runtime": 42}}