{"accuracy": 0.16177317213586645, "classification_report": "              precision    recall  f1-score   support\n\n           0       0.29      0.37      0.32       180\n           1       0.13      0.20      0.16       142\n           2       0.11      0.10      0.10       181\n           3       0.11      0.08      0.10       190\n           4       0.15      0.12      0.14       201\n           5       0.10      0.09      0.09       150\n           6       0.11      0.10      0.10       178\n           7       0.14      0.13      0.14       171\n           8       0.19      0.18      0.18       171\n           9       0.23      0.25      0.24       173\n\n    accuracy                           0.16      1737\n   macro avg       0.15      0.16      0.16      1737\nweighted avg       0.16      0.16      0.16      1737\n", "confusion_matrix": {"_type": "histogram", "values": [2, 2, 9, 7, 4, 7, 15, 12, 10, 5, 13, 5, 1, 1, 1, 1, 0, 1, 0, 0, 1, 1, 1, 0, 0, 0, 0, 0, 0, 0, 0, 1], "bins": [2.0, 4.0, 6.0, 8.0, 10.0, 12.0, 14.0, 16.0, 18.0, 20.0, 22.0, 24.0, 26.0, 28.0, 30.0, 32.0, 34.0, 36.0, 38.0, 40.0, 42.0, 44.0, 46.0, 48.0, 50.0, 52.0, 54.0, 56.0, 58.0, 60.0, 62.0, 64.0, 66.0]}, "_timestamp": 1682594633.829718, "_runtime": 3.427288055419922, "_step": 0, "_wandb": {"runtime": 0}}