{"accuracy": 0.19746689694876224, "classification_report": "              precision    recall  f1-score   support\n\n           0       0.36      0.45      0.40       180\n           1       0.19      0.29      0.23       142\n           2       0.15      0.13      0.14       181\n           3       0.21      0.17      0.19       190\n           4       0.14      0.08      0.10       201\n           5       0.12      0.06      0.08       150\n           6       0.17      0.17      0.17       178\n           7       0.13      0.11      0.12       171\n           8       0.14      0.13      0.14       171\n           9       0.22      0.39      0.28       173\n\n    accuracy                           0.20      1737\n   macro avg       0.18      0.20      0.18      1737\nweighted avg       0.18      0.20      0.18      1737\n", "confusion_matrix": {"_type": "histogram", "values": [4, 8, 15, 8, 13, 3, 8, 10, 9, 6, 3, 1, 4, 2, 1, 0, 1, 1, 0, 0, 0, 0, 0, 1, 0, 0, 1, 0, 0, 0, 0, 1], "bins": [1.0, 3.5, 6.0, 8.5, 11.0, 13.5, 16.0, 18.5, 21.0, 23.5, 26.0, 28.5, 31.0, 33.5, 36.0, 38.5, 41.0, 43.5, 46.0, 48.5, 51.0, 53.5, 56.0, 58.5, 61.0, 63.5, 66.0, 68.5, 71.0, 73.5, 76.0, 78.5, 81.0]}, "_timestamp": 1682604862.620811, "_runtime": 52.789977073669434, "_step": 0, "_wandb": {"runtime": 51}}