{"accuracy": 0.23488773747841105, "classification_report": "              precision    recall  f1-score   support\n\n           0       0.45      0.42      0.43       180\n           1       0.22      0.28      0.25       142\n           2       0.19      0.20      0.19       181\n           3       0.17      0.13      0.15       190\n           4       0.20      0.16      0.18       201\n           5       0.18      0.14      0.16       150\n           6       0.23      0.24      0.23       178\n           7       0.18      0.20      0.19       171\n           8       0.18      0.20      0.19       171\n           9       0.33      0.39      0.35       173\n\n    accuracy                           0.23      1737\n   macro avg       0.23      0.24      0.23      1737\nweighted avg       0.23      0.23      0.23      1737\n", "confusion_matrix": {"_type": "histogram", "values": [6, 6, 9, 11, 5, 7, 15, 5, 8, 8, 6, 1, 0, 2, 5, 2, 1, 1, 0, 0, 0, 0, 0, 0, 0, 0, 0, 0, 1, 0, 0, 1], "bins": [1.0, 3.3125, 5.625, 7.9375, 10.25, 12.5625, 14.875, 17.1875, 19.5, 21.8125, 24.125, 26.4375, 28.75, 31.0625, 33.375, 35.6875, 38.0, 40.3125, 42.625, 44.9375, 47.25, 49.5625, 51.875, 54.1875, 56.5, 58.8125, 61.125, 63.4375, 65.75, 68.0625, 70.375, 72.6875, 75.0]}, "_timestamp": 1682592338.386855, "_runtime": 1.9585387706756592, "_step": 0, "_wandb": {"runtime": 0}}