{"accuracy": 0.11226252158894647, "classification_report": "              precision    recall  f1-score   support\n\n           0       0.00      0.00      0.00       180\n           1       0.00      0.00      0.00       142\n           2       0.00      0.00      0.00       181\n           3       0.12      0.87      0.21       190\n           4       0.00      0.00      0.00       201\n           5       0.08      0.19      0.11       150\n           6       0.00      0.00      0.00       178\n           7       0.00      0.00      0.00       171\n           8       0.50      0.01      0.01       171\n           9       0.00      0.00      0.00       173\n\n    accuracy                           0.11      1737\n   macro avg       0.07      0.11      0.03      1737\nweighted avg       0.07      0.11      0.03      1737\n", "confusion_matrix": {"_type": "histogram", "values": [81, 0, 0, 1, 3, 1, 0, 1, 1, 0, 0, 1, 0, 1, 0, 0, 0, 1, 0, 1, 0, 0, 3, 0, 0, 0, 0, 1, 1, 1, 1, 1], "bins": [0.0, 5.46875, 10.9375, 16.40625, 21.875, 27.34375, 32.8125, 38.28125, 43.75, 49.21875, 54.6875, 60.15625, 65.625, 71.09375, 76.5625, 82.03125, 87.5, 92.96875, 98.4375, 103.90625, 109.375, 114.84375, 120.3125, 125.78125, 131.25, 136.71875, 142.1875, 147.65625, 153.125, 158.59375, 164.0625, 169.53125, 175.0]}, "_timestamp": 1682690124.7253802, "_runtime": 9.713563203811646, "_step": 0, "_wandb": {"runtime": 8}}