{"accuracy": 0.24006908462867013, "classification_report": "              precision    recall  f1-score   support\n\n           0       0.42      0.63      0.50       180\n           1       0.23      0.25      0.24       142\n           2       0.18      0.02      0.04       181\n           3       0.17      0.28      0.21       190\n           4       0.18      0.12      0.14       201\n           5       0.00      0.00      0.00       150\n           6       0.19      0.40      0.26       178\n           7       0.50      0.01      0.01       171\n           8       0.24      0.05      0.08       171\n           9       0.25      0.61      0.35       173\n\n    accuracy                           0.24      1737\n   macro avg       0.24      0.24      0.18      1737\nweighted avg       0.24      0.24      0.19      1737\n", "confusion_matrix": {"_type": "histogram", "values": [35, 10, 13, 3, 3, 1, 10, 1, 4, 4, 2, 1, 1, 3, 1, 2, 1, 1, 1, 0, 1, 0, 0, 0, 0, 0, 0, 0, 0, 1, 0, 1], "bins": [0.0, 3.53125, 7.0625, 10.59375, 14.125, 17.65625, 21.1875, 24.71875, 28.25, 31.78125, 35.3125, 38.84375, 42.375, 45.90625, 49.4375, 52.96875, 56.5, 60.03125, 63.5625, 67.09375, 70.625, 74.15625, 77.6875, 81.21875, 84.75, 88.28125, 91.8125, 95.34375, 98.875, 102.40625, 105.9375, 109.46875, 113.0]}, "_timestamp": 1682694244.952097, "_runtime": 19.931637048721313, "_step": 0, "_wandb": {"runtime": 19}}