{"accuracy": 0.18595279217040875, "classification_report": "              precision    recall  f1-score   support\n\n           0       0.35      0.46      0.40       180\n           1       0.15      0.21      0.18       142\n           2       0.17      0.13      0.15       181\n           3       0.17      0.12      0.14       190\n           4       0.23      0.10      0.14       201\n           5       0.19      0.13      0.16       150\n           6       0.06      0.04      0.05       178\n           7       0.15      0.16      0.16       171\n           8       0.14      0.17      0.16       171\n           9       0.19      0.34      0.24       173\n\n    accuracy                           0.19      1737\n   macro avg       0.18      0.19      0.18      1737\nweighted avg       0.18      0.19      0.18      1737\n", "confusion_matrix": {"_type": "histogram", "values": [3, 12, 11, 12, 9, 12, 5, 6, 6, 4, 6, 6, 3, 0, 0, 0, 1, 0, 1, 0, 0, 1, 1, 0, 0, 0, 0, 0, 0, 0, 0, 1], "bins": [1.0, 3.5625, 6.125, 8.6875, 11.25, 13.8125, 16.375, 18.9375, 21.5, 24.0625, 26.625, 29.1875, 31.75, 34.3125, 36.875, 39.4375, 42.0, 44.5625, 47.125, 49.6875, 52.25, 54.8125, 57.375, 59.9375, 62.5, 65.0625, 67.625, 70.1875, 72.75, 75.3125, 77.875, 80.4375, 83.0]}, "_timestamp": 1682605267.833457, "_runtime": 67.4516921043396, "_step": 0, "_wandb": {"runtime": 65}}