{"accuracy": 0.18364997121473806, "classification_report": "              precision    recall  f1-score   support\n\n           0       0.34      0.48      0.40       180\n           1       0.16      0.25      0.19       142\n           2       0.17      0.12      0.14       181\n           3       0.15      0.09      0.12       190\n           4       0.18      0.08      0.11       201\n           5       0.16      0.09      0.12       150\n           6       0.10      0.09      0.09       178\n           7       0.13      0.12      0.13       171\n           8       0.16      0.18      0.17       171\n           9       0.19      0.35      0.24       173\n\n    accuracy                           0.18      1737\n   macro avg       0.17      0.19      0.17      1737\nweighted avg       0.17      0.18      0.17      1737\n", "confusion_matrix": {"_type": "histogram", "values": [9, 12, 8, 17, 7, 12, 5, 9, 1, 4, 5, 0, 5, 0, 0, 2, 0, 1, 1, 0, 0, 1, 0, 0, 0, 0, 0, 0, 0, 0, 0, 1], "bins": [2.0, 4.65625, 7.3125, 9.96875, 12.625, 15.28125, 17.9375, 20.59375, 23.25, 25.90625, 28.5625, 31.21875, 33.875, 36.53125, 39.1875, 41.84375, 44.5, 47.15625, 49.8125, 52.46875, 55.125, 57.78125, 60.4375, 63.09375, 65.75, 68.40625, 71.0625, 73.71875, 76.375, 79.03125, 81.6875, 84.34375, 87.0]}, "_timestamp": 1682604921.330709, "_runtime": 53.94115996360779, "_step": 0, "_wandb": {"runtime": 52}}