{"accuracy": 0.07138744962579159, "classification_report": "              precision    recall  f1-score   support\n\n           0       0.03      0.13      0.04       180\n           1       0.12      0.70      0.21       142\n           2       0.00      0.00      0.00       181\n           3       0.00      0.00      0.00       190\n           4       0.00      0.00      0.00       201\n           5       0.00      0.00      0.00       150\n           6       0.00      0.00      0.00       178\n           7       0.00      0.00      0.00       171\n           8       0.00      0.00      0.00       171\n           9       0.00      0.00      0.00       173\n\n    accuracy                           0.07      1737\n   macro avg       0.01      0.08      0.03      1737\nweighted avg       0.01      0.07      0.02      1737\n", "confusion_matrix": {"_type": "histogram", "values": [80, 0, 0, 0, 1, 0, 1, 0, 1, 0, 2, 1, 0, 1, 1, 0, 1, 0, 1, 1, 2, 0, 1, 1, 3, 0, 0, 0, 1, 0, 0, 1], "bins": [0.0, 4.875, 9.75, 14.625, 19.5, 24.375, 29.25, 34.125, 39.0, 43.875, 48.75, 53.625, 58.5, 63.375, 68.25, 73.125, 78.0, 82.875, 87.75, 92.625, 97.5, 102.375, 107.25, 112.125, 117.0, 121.875, 126.75, 131.625, 136.5, 141.375, 146.25, 151.125, 156.0]}, "_timestamp": 1682774166.468915, "_runtime": 1.4740729331970215, "_step": 0, "_wandb": {"runtime": 0}}