{"roc": null, "_timestamp": 1682591044.122707, "_runtime": 10230.204095840454, "_step": 1, "_wandb": {"runtime": 1}}