{"accuracy": 0.1692573402417962, "classification_report": "              precision    recall  f1-score   support\n\n           0       0.25      0.52      0.34       180\n           1       0.11      0.06      0.07       142\n           2       0.16      0.13      0.14       181\n           3       0.11      0.07      0.09       190\n           4       0.30      0.01      0.03       201\n           5       0.08      0.01      0.02       150\n           6       0.13      0.43      0.20       178\n           7       0.14      0.04      0.06       171\n           8       0.00      0.00      0.00       171\n           9       0.18      0.38      0.25       173\n\n    accuracy                           0.17      1737\n   macro avg       0.15      0.17      0.12      1737\nweighted avg       0.15      0.17      0.12      1737\n", "confusion_matrix": {"_type": "histogram", "values": [32, 7, 9, 8, 7, 5, 5, 2, 5, 1, 2, 0, 1, 1, 2, 2, 0, 1, 2, 1, 0, 0, 1, 0, 1, 2, 1, 0, 0, 1, 0, 1], "bins": [0.0, 2.9375, 5.875, 8.8125, 11.75, 14.6875, 17.625, 20.5625, 23.5, 26.4375, 29.375, 32.3125, 35.25, 38.1875, 41.125, 44.0625, 47.0, 49.9375, 52.875, 55.8125, 58.75, 61.6875, 64.625, 67.5625, 70.5, 73.4375, 76.375, 79.3125, 82.25, 85.1875, 88.125, 91.0625, 94.0]}, "_timestamp": 1682602904.325099, "_runtime": 1.7851550579071045, "_step": 0, "_wandb": {"runtime": 0}}