{"accuracy": 0.0846286701208981, "classification_report": "              precision    recall  f1-score   support\n\n           0       0.05      0.02      0.03       180\n           1       0.08      0.06      0.07       142\n           2       0.07      0.11      0.08       181\n           3       0.10      0.05      0.06       190\n           4       0.17      0.08      0.11       201\n           5       0.13      0.22      0.16       150\n           6       0.14      0.04      0.07       178\n           7       0.05      0.11      0.06       171\n           8       0.04      0.03      0.03       171\n           9       0.09      0.16      0.12       173\n\n    accuracy                           0.08      1737\n   macro avg       0.09      0.09      0.08      1737\nweighted avg       0.09      0.08      0.08      1737\n", "confusion_matrix": {"_type": "histogram", "values": [15, 14, 17, 7, 11, 8, 4, 5, 4, 4, 1, 1, 1, 1, 1, 1, 2, 0, 1, 0, 0, 1, 0, 0, 0, 0, 0, 0, 0, 0, 0, 1], "bins": [1.0, 4.25, 7.5, 10.75, 14.0, 17.25, 20.5, 23.75, 27.0, 30.25, 33.5, 36.75, 40.0, 43.25, 46.5, 49.75, 53.0, 56.25, 59.5, 62.75, 66.0, 69.25, 72.5, 75.75, 79.0, 82.25, 85.5, 88.75, 92.0, 95.25, 98.5, 101.75, 105.0]}, "_timestamp": 1682772975.67216, "_runtime": 4.130800008773804, "_step": 0, "_wandb": {"runtime": 2}}