{"accuracy": 0.17731721358664365, "classification_report": "              precision    recall  f1-score   support\n\n           0       0.23      0.61      0.33       180\n           1       0.12      0.08      0.09       142\n           2       0.13      0.08      0.10       181\n           3       0.16      0.20      0.17       190\n           4       0.13      0.06      0.08       201\n           5       0.12      0.11      0.11       150\n           6       0.13      0.09      0.11       178\n           7       0.16      0.13      0.15       171\n           8       0.14      0.11      0.12       171\n           9       0.27      0.28      0.28       173\n\n    accuracy                           0.18      1737\n   macro avg       0.16      0.18      0.15      1737\nweighted avg       0.16      0.18      0.16      1737\n", "confusion_matrix": {"_type": "histogram", "values": [14, 9, 22, 15, 11, 7, 6, 3, 4, 1, 2, 0, 0, 2, 1, 0, 0, 1, 0, 1, 0, 0, 0, 0, 0, 0, 0, 0, 0, 0, 0, 1], "bins": [2.0, 5.375, 8.75, 12.125, 15.5, 18.875, 22.25, 25.625, 29.0, 32.375, 35.75, 39.125, 42.5, 45.875, 49.25, 52.625, 56.0, 59.375, 62.75, 66.125, 69.5, 72.875, 76.25, 79.625, 83.0, 86.375, 89.75, 93.125, 96.5, 99.875, 103.25, 106.625, 110.0]}, "_timestamp": 1682682238.930184, "_runtime": 2.1700758934020996, "_step": 0, "_wandb": {"runtime": 0}}