{"accuracy": 0.18364997121473806, "classification_report": "              precision    recall  f1-score   support\n\n           0       0.27      0.64      0.38       180\n           1       0.00      0.00      0.00       142\n           2       0.14      0.13      0.13       181\n           3       0.17      0.11      0.13       190\n           4       0.17      0.15      0.16       201\n           5       0.00      0.00      0.00       150\n           6       0.13      0.24      0.17       178\n           7       0.08      0.03      0.04       171\n           8       0.11      0.03      0.05       171\n           9       0.19      0.45      0.27       173\n\n    accuracy                           0.18      1737\n   macro avg       0.13      0.18      0.13      1737\nweighted avg       0.13      0.18      0.14      1737\n", "confusion_matrix": {"_type": "histogram", "values": [24, 15, 10, 5, 9, 9, 5, 1, 4, 6, 1, 3, 1, 1, 0, 1, 1, 0, 1, 0, 1, 1, 0, 0, 0, 0, 0, 0, 0, 0, 0, 1], "bins": [0.0, 3.625, 7.25, 10.875, 14.5, 18.125, 21.75, 25.375, 29.0, 32.625, 36.25, 39.875, 43.5, 47.125, 50.75, 54.375, 58.0, 61.625, 65.25, 68.875, 72.5, 76.125, 79.75, 83.375, 87.0, 90.625, 94.25, 97.875, 101.5, 105.125, 108.75, 112.375, 116.0]}, "_timestamp": 1682603424.899625, "_runtime": 1.8423120975494385, "_step": 0, "_wandb": {"runtime": 0}}