{"accuracy": 0.16407599309153714, "classification_report": "              precision    recall  f1-score   support\n\n           0       0.32      0.31      0.31       180\n           1       0.17      0.18      0.18       142\n           2       0.13      0.11      0.12       181\n           3       0.12      0.16      0.14       190\n           4       0.13      0.12      0.13       201\n           5       0.09      0.06      0.07       150\n           6       0.13      0.21      0.16       178\n           7       0.17      0.12      0.14       171\n           8       0.15      0.13      0.14       171\n           9       0.25      0.23      0.24       173\n\n    accuracy                           0.16      1737\n   macro avg       0.17      0.16      0.16      1737\nweighted avg       0.17      0.16      0.16      1737\n", "confusion_matrix": {"_type": "histogram", "values": [4, 3, 2, 9, 10, 8, 9, 4, 3, 5, 7, 5, 5, 6, 3, 5, 3, 1, 1, 1, 0, 3, 2, 0, 0, 0, 0, 0, 0, 0, 0, 1], "bins": [2.0, 3.65625, 5.3125, 6.96875, 8.625, 10.28125, 11.9375, 13.59375, 15.25, 16.90625, 18.5625, 20.21875, 21.875, 23.53125, 25.1875, 26.84375, 28.5, 30.15625, 31.8125, 33.46875, 35.125, 36.78125, 38.4375, 40.09375, 41.75, 43.40625, 45.0625, 46.71875, 48.375, 50.03125, 51.6875, 53.34375, 55.0]}, "_timestamp": 1682596440.469138, "_runtime": 8.2257399559021, "_step": 0, "_wandb": {"runtime": 6}}