{"accuracy": 0.1577432354634427, "classification_report": "              precision    recall  f1-score   support\n\n           0       0.27      0.28      0.28       180\n           1       0.15      0.22      0.18       142\n           2       0.15      0.12      0.13       181\n           3       0.13      0.13      0.13       190\n           4       0.14      0.15      0.15       201\n           5       0.10      0.10      0.10       150\n           6       0.12      0.13      0.12       178\n           7       0.13      0.10      0.11       171\n           8       0.16      0.16      0.16       171\n           9       0.21      0.19      0.20       173\n\n    accuracy                           0.16      1737\n   macro avg       0.16      0.16      0.16      1737\nweighted avg       0.16      0.16      0.16      1737\n", "confusion_matrix": {"_type": "histogram", "values": [2, 0, 2, 8, 5, 6, 5, 6, 6, 16, 5, 12, 2, 8, 3, 2, 4, 2, 3, 0, 1, 0, 0, 0, 0, 0, 1, 0, 0, 0, 0, 1], "bins": [2.0, 3.53125, 5.0625, 6.59375, 8.125, 9.65625, 11.1875, 12.71875, 14.25, 15.78125, 17.3125, 18.84375, 20.375, 21.90625, 23.4375, 24.96875, 26.5, 28.03125, 29.5625, 31.09375, 32.625, 34.15625, 35.6875, 37.21875, 38.75, 40.28125, 41.8125, 43.34375, 44.875, 46.40625, 47.9375, 49.46875, 51.0]}, "_timestamp": 1682596043.339925, "_runtime": 5.8038201332092285, "_step": 0, "_wandb": {"runtime": 2}}