{"accuracy": 0.16983304548071387, "classification_report": "              precision    recall  f1-score   support\n\n           0       0.32      0.29      0.30       180\n           1       0.16      0.18      0.17       142\n           2       0.15      0.13      0.14       181\n           3       0.14      0.17      0.16       190\n           4       0.17      0.15      0.16       201\n           5       0.11      0.12      0.12       150\n           6       0.09      0.11      0.10       178\n           7       0.19      0.13      0.16       171\n           8       0.13      0.14      0.14       171\n           9       0.27      0.27      0.27       173\n\n    accuracy                           0.17      1737\n   macro avg       0.17      0.17      0.17      1737\nweighted avg       0.17      0.17      0.17      1737\n", "confusion_matrix": {"_type": "histogram", "values": [3, 7, 1, 7, 2, 10, 2, 4, 17, 4, 7, 3, 5, 1, 9, 3, 4, 6, 0, 1, 0, 2, 0, 0, 0, 0, 0, 0, 1, 0, 0, 1], "bins": [2.0, 3.5625, 5.125, 6.6875, 8.25, 9.8125, 11.375, 12.9375, 14.5, 16.0625, 17.625, 19.1875, 20.75, 22.3125, 23.875, 25.4375, 27.0, 28.5625, 30.125, 31.6875, 33.25, 34.8125, 36.375, 37.9375, 39.5, 41.0625, 42.625, 44.1875, 45.75, 47.3125, 48.875, 50.4375, 52.0]}, "_timestamp": 1682595924.712142, "_runtime": 5.277630090713501, "_step": 0, "_wandb": {"runtime": 2}}