{"accuracy": 0.1755900978698906, "classification_report": "              precision    recall  f1-score   support\n\n           0       0.32      0.37      0.34       180\n           1       0.15      0.26      0.19       142\n           2       0.12      0.18      0.14       181\n           3       0.13      0.19      0.15       190\n           4       0.14      0.08      0.11       201\n           5       0.17      0.05      0.08       150\n           6       0.14      0.17      0.16       178\n           7       0.16      0.02      0.04       171\n           8       0.14      0.12      0.13       171\n           9       0.33      0.31      0.32       173\n\n    accuracy                           0.18      1737\n   macro avg       0.18      0.18      0.17      1737\nweighted avg       0.18      0.18      0.17      1737\n", "confusion_matrix": {"_type": "histogram", "values": [10, 8, 8, 5, 5, 9, 3, 5, 6, 2, 3, 6, 6, 6, 2, 5, 1, 5, 0, 1, 1, 1, 0, 0, 0, 1, 0, 0, 0, 0, 0, 1], "bins": [0.0, 2.0625, 4.125, 6.1875, 8.25, 10.3125, 12.375, 14.4375, 16.5, 18.5625, 20.625, 22.6875, 24.75, 26.8125, 28.875, 30.9375, 33.0, 35.0625, 37.125, 39.1875, 41.25, 43.3125, 45.375, 47.4375, 49.5, 51.5625, 53.625, 55.6875, 57.75, 59.8125, 61.875, 63.9375, 66.0]}, "_timestamp": 1682596179.791339, "_runtime": 2.6781208515167236, "_step": 0, "_wandb": {"runtime": 0}}