{"accuracy": 0.16753022452504318, "classification_report": "              precision    recall  f1-score   support\n\n           0       0.24      0.29      0.26       180\n           1       0.11      0.13      0.12       142\n           2       0.13      0.15      0.14       181\n           3       0.14      0.16      0.15       190\n           4       0.15      0.13      0.14       201\n           5       0.12      0.08      0.10       150\n           6       0.13      0.12      0.12       178\n           7       0.19      0.15      0.17       171\n           8       0.20      0.18      0.19       171\n           9       0.25      0.27      0.26       173\n\n    accuracy                           0.17      1737\n   macro avg       0.16      0.17      0.16      1737\nweighted avg       0.17      0.17      0.17      1737\n", "confusion_matrix": {"_type": "histogram", "values": [2, 4, 2, 10, 3, 10, 7, 9, 5, 8, 12, 4, 1, 2, 6, 3, 6, 3, 0, 1, 0, 0, 0, 0, 0, 0, 0, 1, 0, 0, 0, 1], "bins": [3.0, 4.5625, 6.125, 7.6875, 9.25, 10.8125, 12.375, 13.9375, 15.5, 17.0625, 18.625, 20.1875, 21.75, 23.3125, 24.875, 26.4375, 28.0, 29.5625, 31.125, 32.6875, 34.25, 35.8125, 37.375, 38.9375, 40.5, 42.0625, 43.625, 45.1875, 46.75, 48.3125, 49.875, 51.4375, 53.0]}, "_timestamp": 1682596776.7458339, "_runtime": 2.0597448348999023, "_step": 0, "_wandb": {"runtime": 0}}