{"accuracy": 0.21704087507196315, "classification_report": "              precision    recall  f1-score   support\n\n           0       0.40      0.58      0.48       180\n           1       0.13      0.08      0.10       142\n           2       0.20      0.12      0.15       181\n           3       0.14      0.25      0.18       190\n           4       0.19      0.12      0.15       201\n           5       0.00      0.00      0.00       150\n           6       0.18      0.33      0.23       178\n           7       0.12      0.02      0.03       171\n           8       0.23      0.04      0.07       171\n           9       0.23      0.57      0.33       173\n\n    accuracy                           0.22      1737\n   macro avg       0.18      0.21      0.17      1737\nweighted avg       0.19      0.22      0.18      1737\n", "confusion_matrix": {"_type": "histogram", "values": [29, 8, 13, 7, 8, 3, 5, 3, 2, 1, 5, 3, 2, 1, 4, 2, 0, 1, 0, 0, 0, 0, 0, 1, 0, 0, 0, 0, 0, 0, 1, 1], "bins": [0.0, 3.28125, 6.5625, 9.84375, 13.125, 16.40625, 19.6875, 22.96875, 26.25, 29.53125, 32.8125, 36.09375, 39.375, 42.65625, 45.9375, 49.21875, 52.5, 55.78125, 59.0625, 62.34375, 65.625, 68.90625, 72.1875, 75.46875, 78.75, 82.03125, 85.3125, 88.59375, 91.875, 95.15625, 98.4375, 101.71875, 105.0]}, "_timestamp": 1682604525.962095, "_runtime": 36.18526291847229, "_step": 0, "_wandb": {"runtime": 34}}