{"accuracy": 0.15025906735751296, "classification_report": "              precision    recall  f1-score   support\n\n           0       0.34      0.24      0.29       180\n           1       0.06      0.06      0.06       142\n           2       0.13      0.75      0.22       181\n           3       0.00      0.00      0.00       190\n           4       0.00      0.00      0.00       201\n           5       0.00      0.00      0.00       150\n           6       0.00      0.00      0.00       178\n           7       0.07      0.02      0.03       171\n           8       0.16      0.26      0.20       171\n           9       0.27      0.15      0.19       173\n\n    accuracy                           0.15      1737\n   macro avg       0.10      0.15      0.10      1737\nweighted avg       0.10      0.15      0.10      1737\n", "confusion_matrix": {"_type": "histogram", "values": [51, 11, 11, 2, 4, 2, 3, 3, 0, 0, 3, 0, 0, 0, 0, 1, 1, 0, 0, 0, 0, 1, 1, 0, 1, 1, 0, 0, 0, 1, 1, 2], "bins": [0.0, 4.25, 8.5, 12.75, 17.0, 21.25, 25.5, 29.75, 34.0, 38.25, 42.5, 46.75, 51.0, 55.25, 59.5, 63.75, 68.0, 72.25, 76.5, 80.75, 85.0, 89.25, 93.5, 97.75, 102.0, 106.25, 110.5, 114.75, 119.0, 123.25, 127.5, 131.75, 136.0]}, "_timestamp": 1682655418.7843368, "_runtime": 30.01067590713501, "_step": 0, "_wandb": {"runtime": 28}}