{"accuracy": 0.1911341393206678, "classification_report": "              precision    recall  f1-score   support\n\n           0       0.56      0.28      0.37       180\n           1       0.16      0.20      0.18       142\n           2       0.17      0.18      0.18       181\n           3       0.13      0.16      0.15       190\n           4       0.17      0.15      0.16       201\n           5       0.11      0.07      0.09       150\n           6       0.16      0.20      0.18       178\n           7       0.18      0.18      0.18       171\n           8       0.13      0.13      0.13       171\n           9       0.28      0.34      0.31       173\n\n    accuracy                           0.19      1737\n   macro avg       0.21      0.19      0.19      1737\nweighted avg       0.21      0.19      0.19      1737\n", "confusion_matrix": {"_type": "histogram", "values": [5, 3, 6, 9, 9, 4, 3, 9, 10, 6, 4, 6, 3, 4, 2, 2, 5, 2, 2, 1, 0, 1, 2, 0, 0, 0, 0, 1, 0, 0, 0, 1], "bins": [1.0, 2.8125, 4.625, 6.4375, 8.25, 10.0625, 11.875, 13.6875, 15.5, 17.3125, 19.125, 20.9375, 22.75, 24.5625, 26.375, 28.1875, 30.0, 31.8125, 33.625, 35.4375, 37.25, 39.0625, 40.875, 42.6875, 44.5, 46.3125, 48.125, 49.9375, 51.75, 53.5625, 55.375, 57.1875, 59.0]}, "_timestamp": 1682686727.296618, "_runtime": 29.50689697265625, "_step": 0, "_wandb": {"runtime": 27}}