{"accuracy": 0.17674150834772595, "classification_report": "              precision    recall  f1-score   support\n\n           0       0.32      0.40      0.36       180\n           1       0.13      0.05      0.07       142\n           2       0.14      0.22      0.17       181\n           3       0.08      0.05      0.06       190\n           4       0.16      0.22      0.19       201\n           5       0.17      0.14      0.15       150\n           6       0.14      0.15      0.14       178\n           7       0.16      0.18      0.16       171\n           8       0.16      0.12      0.14       171\n           9       0.25      0.22      0.24       173\n\n    accuracy                           0.18      1737\n   macro avg       0.17      0.17      0.17      1737\nweighted avg       0.17      0.18      0.17      1737\n", "confusion_matrix": {"_type": "histogram", "values": [7, 7, 7, 8, 11, 11, 6, 9, 7, 5, 5, 5, 3, 0, 2, 1, 2, 0, 0, 3, 0, 0, 0, 0, 0, 0, 0, 0, 0, 0, 0, 1], "bins": [2.0, 4.1875, 6.375, 8.5625, 10.75, 12.9375, 15.125, 17.3125, 19.5, 21.6875, 23.875, 26.0625, 28.25, 30.4375, 32.625, 34.8125, 37.0, 39.1875, 41.375, 43.5625, 45.75, 47.9375, 50.125, 52.3125, 54.5, 56.6875, 58.875, 61.0625, 63.25, 65.4375, 67.625, 69.8125, 72.0]}, "_timestamp": 1682608876.6207302, "_runtime": 40.340904235839844, "_step": 0, "_wandb": {"runtime": 38}}