{"accuracy": 0.20552677029360966, "classification_report": "              precision    recall  f1-score   support\n\n           0       0.42      0.44      0.43       180\n           1       0.17      0.26      0.21       142\n           2       0.16      0.13      0.14       181\n           3       0.12      0.12      0.12       190\n           4       0.19      0.13      0.16       201\n           5       0.11      0.03      0.05       150\n           6       0.17      0.21      0.18       178\n           7       0.18      0.15      0.17       171\n           8       0.16      0.12      0.14       171\n           9       0.25      0.46      0.32       173\n\n    accuracy                           0.21      1737\n   macro avg       0.19      0.21      0.19      1737\nweighted avg       0.19      0.21      0.19      1737\n", "confusion_matrix": {"_type": "histogram", "values": [6, 13, 8, 10, 10, 9, 5, 4, 7, 7, 7, 3, 2, 2, 2, 1, 0, 0, 0, 1, 0, 0, 0, 0, 1, 0, 0, 0, 0, 0, 0, 2], "bins": [1.0, 3.4375, 5.875, 8.3125, 10.75, 13.1875, 15.625, 18.0625, 20.5, 22.9375, 25.375, 27.8125, 30.25, 32.6875, 35.125, 37.5625, 40.0, 42.4375, 44.875, 47.3125, 49.75, 52.1875, 54.625, 57.0625, 59.5, 61.9375, 64.375, 66.8125, 69.25, 71.6875, 74.125, 76.5625, 79.0]}, "_timestamp": 1682607878.7645178, "_runtime": 56.85084271430969, "_step": 0, "_wandb": {"runtime": 55}}