{"accuracy": 0.22164651698330454, "classification_report": "              precision    recall  f1-score   support\n\n           0       0.43      0.34      0.38       180\n           1       0.22      0.25      0.24       142\n           2       0.19      0.19      0.19       181\n           3       0.17      0.17      0.17       190\n           4       0.18      0.14      0.16       201\n           5       0.17      0.19      0.18       150\n           6       0.19      0.19      0.19       178\n           7       0.19      0.22      0.20       171\n           8       0.21      0.20      0.21       171\n           9       0.32      0.32      0.32       173\n\n    accuracy                           0.22      1737\n   macro avg       0.23      0.22      0.22      1737\nweighted avg       0.23      0.22      0.22      1737\n", "confusion_matrix": {"_type": "histogram", "values": [4, 4, 8, 13, 5, 8, 4, 9, 8, 6, 5, 4, 1, 1, 5, 4, 3, 3, 3, 0, 0, 0, 0, 0, 0, 0, 0, 0, 0, 1, 0, 1], "bins": [2.0, 3.84375, 5.6875, 7.53125, 9.375, 11.21875, 13.0625, 14.90625, 16.75, 18.59375, 20.4375, 22.28125, 24.125, 25.96875, 27.8125, 29.65625, 31.5, 33.34375, 35.1875, 37.03125, 38.875, 40.71875, 42.5625, 44.40625, 46.25, 48.09375, 49.9375, 51.78125, 53.625, 55.46875, 57.3125, 59.15625, 61.0]}, "_timestamp": 1682592104.2614698, "_runtime": 7.293328762054443, "_step": 0, "_wandb": {"runtime": 5}}