{"accuracy": 0.14795624640184227, "classification_report": "              precision    recall  f1-score   support\n\n           0       0.17      0.89      0.28       180\n           1       0.00      0.00      0.00       142\n           2       0.00      0.00      0.00       181\n           3       0.00      0.00      0.00       190\n           4       0.00      0.00      0.00       201\n           5       0.00      0.00      0.00       150\n           6       0.00      0.00      0.00       178\n           7       0.13      0.56      0.21       171\n           8       0.00      0.00      0.00       171\n           9       0.00      0.00      0.00       173\n\n    accuracy                           0.15      1737\n   macro avg       0.03      0.15      0.05      1737\nweighted avg       0.03      0.15      0.05      1737\n", "confusion_matrix": {"_type": "histogram", "values": [80, 0, 0, 1, 0, 0, 0, 1, 0, 1, 0, 2, 0, 1, 1, 3, 0, 0, 1, 2, 1, 3, 0, 2, 0, 0, 0, 0, 0, 0, 0, 1], "bins": [0.0, 5.03125, 10.0625, 15.09375, 20.125, 25.15625, 30.1875, 35.21875, 40.25, 45.28125, 50.3125, 55.34375, 60.375, 65.40625, 70.4375, 75.46875, 80.5, 85.53125, 90.5625, 95.59375, 100.625, 105.65625, 110.6875, 115.71875, 120.75, 125.78125, 130.8125, 135.84375, 140.875, 145.90625, 150.9375, 155.96875, 161.0]}, "_timestamp": 1682690110.340433, "_runtime": 9.484503984451294, "_step": 0, "_wandb": {"runtime": 7}}