{"accuracy": 0.21301093839953944, "classification_report": "              precision    recall  f1-score   support\n\n           0       0.39      0.56      0.46       180\n           1       0.18      0.27      0.22       142\n           2       0.15      0.08      0.11       181\n           3       0.09      0.05      0.07       190\n           4       0.15      0.12      0.13       201\n           5       0.21      0.08      0.12       150\n           6       0.20      0.13      0.16       178\n           7       0.18      0.18      0.18       171\n           8       0.17      0.16      0.16       171\n           9       0.23      0.52      0.32       173\n\n    accuracy                           0.21      1737\n   macro avg       0.19      0.21      0.19      1737\nweighted avg       0.19      0.21      0.19      1737\n", "confusion_matrix": {"_type": "histogram", "values": [8, 10, 20, 9, 10, 10, 10, 4, 4, 3, 0, 1, 5, 1, 1, 1, 0, 0, 1, 0, 0, 0, 0, 0, 0, 0, 0, 0, 1, 0, 0, 1], "bins": [0.0, 3.15625, 6.3125, 9.46875, 12.625, 15.78125, 18.9375, 22.09375, 25.25, 28.40625, 31.5625, 34.71875, 37.875, 41.03125, 44.1875, 47.34375, 50.5, 53.65625, 56.8125, 59.96875, 63.125, 66.28125, 69.4375, 72.59375, 75.75, 78.90625, 82.0625, 85.21875, 88.375, 91.53125, 94.6875, 97.84375, 101.0]}, "_timestamp": 1682602379.801374, "_runtime": 1.7915160655975342, "_step": 0, "_wandb": {"runtime": 0}}