{"accuracy": 0.18019573978123202, "classification_report": "              precision    recall  f1-score   support\n\n           0       0.24      0.67      0.35       180\n           1       0.16      0.10      0.12       142\n           2       0.10      0.07      0.08       181\n           3       0.13      0.09      0.11       190\n           4       0.21      0.21      0.21       201\n           5       0.11      0.05      0.07       150\n           6       0.12      0.08      0.09       178\n           7       0.12      0.08      0.10       171\n           8       0.18      0.11      0.14       171\n           9       0.20      0.28      0.23       173\n\n    accuracy                           0.18      1737\n   macro avg       0.16      0.18      0.15      1737\nweighted avg       0.16      0.18      0.15      1737\n", "confusion_matrix": {"_type": "histogram", "values": [8, 9, 27, 20, 8, 9, 3, 4, 2, 1, 1, 1, 1, 1, 2, 0, 1, 0, 1, 0, 0, 0, 0, 0, 0, 0, 0, 0, 0, 0, 0, 1], "bins": [0.0, 3.78125, 7.5625, 11.34375, 15.125, 18.90625, 22.6875, 26.46875, 30.25, 34.03125, 37.8125, 41.59375, 45.375, 49.15625, 52.9375, 56.71875, 60.5, 64.28125, 68.0625, 71.84375, 75.625, 79.40625, 83.1875, 86.96875, 90.75, 94.53125, 98.3125, 102.09375, 105.875, 109.65625, 113.4375, 117.21875, 121.0]}, "_timestamp": 1682682261.965893, "_runtime": 3.0490541458129883, "_step": 0, "_wandb": {"runtime": 0}}