{"accuracy": 0.16465169833045482, "classification_report": "              precision    recall  f1-score   support\n\n           0       0.32      0.30      0.31       180\n           1       0.17      0.18      0.18       142\n           2       0.13      0.10      0.11       181\n           3       0.12      0.16      0.14       190\n           4       0.12      0.12      0.12       201\n           5       0.09      0.05      0.07       150\n           6       0.13      0.21      0.16       178\n           7       0.17      0.12      0.14       171\n           8       0.16      0.13      0.14       171\n           9       0.27      0.25      0.26       173\n\n    accuracy                           0.16      1737\n   macro avg       0.17      0.16      0.16      1737\nweighted avg       0.17      0.16      0.16      1737\n", "confusion_matrix": {"_type": "histogram", "values": [4, 3, 5, 8, 8, 3, 13, 3, 6, 6, 4, 7, 5, 3, 6, 2, 2, 4, 0, 1, 1, 0, 2, 1, 1, 1, 0, 0, 0, 0, 0, 1], "bins": [2.0, 3.625, 5.25, 6.875, 8.5, 10.125, 11.75, 13.375, 15.0, 16.625, 18.25, 19.875, 21.5, 23.125, 24.75, 26.375, 28.0, 29.625, 31.25, 32.875, 34.5, 36.125, 37.75, 39.375, 41.0, 42.625, 44.25, 45.875, 47.5, 49.125, 50.75, 52.375, 54.0]}, "_timestamp": 1682603282.0344388, "_runtime": 8.503944873809814, "_step": 0, "_wandb": {"runtime": 6}}