{"accuracy": 0.17616580310880828, "classification_report": "              precision    recall  f1-score   support\n\n           0       0.25      0.49      0.33       180\n           1       0.12      0.09      0.11       142\n           2       0.13      0.13      0.13       181\n           3       0.15      0.10      0.12       190\n           4       0.13      0.13      0.13       201\n           5       0.00      0.00      0.00       150\n           6       0.15      0.21      0.18       178\n           7       0.08      0.01      0.02       171\n           8       0.19      0.13      0.16       171\n           9       0.19      0.41      0.26       173\n\n    accuracy                           0.18      1737\n   macro avg       0.14      0.17      0.14      1737\nweighted avg       0.14      0.18      0.15      1737\n", "confusion_matrix": {"_type": "histogram", "values": [17, 7, 6, 13, 6, 7, 12, 7, 5, 3, 2, 1, 1, 4, 2, 0, 1, 1, 0, 1, 2, 0, 0, 0, 0, 1, 0, 0, 0, 0, 0, 1], "bins": [0.0, 2.78125, 5.5625, 8.34375, 11.125, 13.90625, 16.6875, 19.46875, 22.25, 25.03125, 27.8125, 30.59375, 33.375, 36.15625, 38.9375, 41.71875, 44.5, 47.28125, 50.0625, 52.84375, 55.625, 58.40625, 61.1875, 63.96875, 66.75, 69.53125, 72.3125, 75.09375, 77.875, 80.65625, 83.4375, 86.21875, 89.0]}, "_timestamp": 1682596662.748708, "_runtime": 1.8207590579986572, "_step": 0, "_wandb": {"runtime": 0}}