{"accuracy": 0.15831894070236038, "classification_report": "              precision    recall  f1-score   support\n\n           0       0.30      0.29      0.29       180\n           1       0.15      0.11      0.12       142\n           2       0.14      0.29      0.19       181\n           3       0.11      0.12      0.11       190\n           4       0.20      0.01      0.02       201\n           5       0.00      0.00      0.00       150\n           6       0.14      0.40      0.21       178\n           7       0.25      0.01      0.01       171\n           8       0.00      0.00      0.00       171\n           9       0.17      0.35      0.23       173\n\n    accuracy                           0.16      1737\n   macro avg       0.14      0.16      0.12      1737\nweighted avg       0.15      0.16      0.12      1737\n", "confusion_matrix": {"_type": "histogram", "values": [41, 2, 4, 6, 2, 2, 2, 5, 3, 2, 2, 3, 4, 2, 0, 2, 1, 0, 2, 2, 1, 0, 3, 1, 0, 2, 1, 0, 2, 0, 2, 1], "bins": [0.0, 2.3125, 4.625, 6.9375, 9.25, 11.5625, 13.875, 16.1875, 18.5, 20.8125, 23.125, 25.4375, 27.75, 30.0625, 32.375, 34.6875, 37.0, 39.3125, 41.625, 43.9375, 46.25, 48.5625, 50.875, 53.1875, 55.5, 57.8125, 60.125, 62.4375, 64.75, 67.0625, 69.375, 71.6875, 74.0]}, "_timestamp": 1682596170.5096881, "_runtime": 2.012777090072632, "_step": 0, "_wandb": {"runtime": 0}}