{"accuracy": 0.18595279217040875, "classification_report": "              precision    recall  f1-score   support\n\n           0       0.22      0.68      0.33       180\n           1       0.14      0.08      0.11       142\n           2       0.13      0.16      0.14       181\n           3       0.20      0.09      0.12       190\n           4       0.19      0.22      0.20       201\n           5       0.10      0.03      0.05       150\n           6       0.10      0.09      0.09       178\n           7       0.22      0.12      0.16       171\n           8       0.21      0.15      0.17       171\n           9       0.23      0.18      0.21       173\n\n    accuracy                           0.19      1737\n   macro avg       0.17      0.18      0.16      1737\nweighted avg       0.18      0.19      0.16      1737\n", "confusion_matrix": {"_type": "histogram", "values": [8, 23, 17, 10, 11, 6, 8, 4, 4, 1, 1, 1, 2, 0, 0, 0, 0, 2, 0, 0, 1, 0, 0, 0, 0, 0, 0, 0, 0, 0, 0, 1], "bins": [0.0, 3.8125, 7.625, 11.4375, 15.25, 19.0625, 22.875, 26.6875, 30.5, 34.3125, 38.125, 41.9375, 45.75, 49.5625, 53.375, 57.1875, 61.0, 64.8125, 68.625, 72.4375, 76.25, 80.0625, 83.875, 87.6875, 91.5, 95.3125, 99.125, 102.9375, 106.75, 110.5625, 114.375, 118.1875, 122.0]}, "_timestamp": 1682682286.409039, "_runtime": 2.618367910385132, "_step": 0, "_wandb": {"runtime": 0}}