{"accuracy": 0.178468624064479, "classification_report": "              precision    recall  f1-score   support\n\n           0       0.32      0.36      0.33       180\n           1       0.14      0.30      0.19       142\n           2       0.15      0.15      0.15       181\n           3       0.10      0.06      0.07       190\n           4       0.17      0.09      0.12       201\n           5       0.00      0.00      0.00       150\n           6       0.12      0.06      0.08       178\n           7       0.16      0.25      0.20       171\n           8       0.00      0.00      0.00       171\n           9       0.19      0.54      0.28       173\n\n    accuracy                           0.18      1737\n   macro avg       0.14      0.18      0.14      1737\nweighted avg       0.14      0.18      0.14      1737\n", "confusion_matrix": {"_type": "histogram", "values": [21, 2, 11, 18, 9, 5, 6, 1, 5, 3, 2, 0, 1, 3, 5, 1, 0, 1, 2, 0, 1, 0, 1, 0, 0, 0, 0, 1, 0, 0, 0, 1], "bins": [0.0, 2.90625, 5.8125, 8.71875, 11.625, 14.53125, 17.4375, 20.34375, 23.25, 26.15625, 29.0625, 31.96875, 34.875, 37.78125, 40.6875, 43.59375, 46.5, 49.40625, 52.3125, 55.21875, 58.125, 61.03125, 63.9375, 66.84375, 69.75, 72.65625, 75.5625, 78.46875, 81.375, 84.28125, 87.1875, 90.09375, 93.0]}, "_timestamp": 1682602935.900185, "_runtime": 1.9657251834869385, "_step": 0, "_wandb": {"runtime": 0}}