{"accuracy": 0.1669545192861255, "classification_report": "              precision    recall  f1-score   support\n\n           0       0.32      0.31      0.31       180\n           1       0.14      0.23      0.17       142\n           2       0.13      0.08      0.10       181\n           3       0.09      0.11      0.10       190\n           4       0.18      0.12      0.14       201\n           5       0.09      0.04      0.06       150\n           6       0.15      0.20      0.17       178\n           7       0.09      0.05      0.06       171\n           8       0.17      0.12      0.14       171\n           9       0.22      0.43      0.29       173\n\n    accuracy                           0.17      1737\n   macro avg       0.16      0.17      0.15      1737\nweighted avg       0.16      0.17      0.15      1737\n", "confusion_matrix": {"_type": "histogram", "values": [6, 8, 6, 18, 7, 9, 4, 8, 7, 2, 3, 4, 1, 4, 6, 1, 1, 1, 0, 0, 1, 0, 0, 0, 1, 1, 0, 0, 0, 0, 0, 1], "bins": [1.0, 3.28125, 5.5625, 7.84375, 10.125, 12.40625, 14.6875, 16.96875, 19.25, 21.53125, 23.8125, 26.09375, 28.375, 30.65625, 32.9375, 35.21875, 37.5, 39.78125, 42.0625, 44.34375, 46.625, 48.90625, 51.1875, 53.46875, 55.75, 58.03125, 60.3125, 62.59375, 64.875, 67.15625, 69.4375, 71.71875, 74.0]}, "_timestamp": 1682595041.3728662, "_runtime": 2.221198081970215, "_step": 0, "_wandb": {"runtime": 0}}