{"accuracy": 0.17674150834772595, "classification_report": "              precision    recall  f1-score   support\n\n           0       0.30      0.42      0.35       180\n           1       0.16      0.22      0.18       142\n           2       0.16      0.12      0.14       181\n           3       0.14      0.11      0.12       190\n           4       0.16      0.09      0.11       201\n           5       0.09      0.09      0.09       150\n           6       0.15      0.12      0.13       178\n           7       0.15      0.18      0.16       171\n           8       0.16      0.17      0.16       171\n           9       0.22      0.27      0.24       173\n\n    accuracy                           0.18      1737\n   macro avg       0.17      0.18      0.17      1737\nweighted avg       0.17      0.18      0.17      1737\n", "confusion_matrix": {"_type": "histogram", "values": [6, 5, 7, 16, 9, 9, 9, 7, 7, 7, 3, 5, 3, 1, 1, 0, 1, 2, 0, 1, 0, 0, 0, 0, 0, 0, 0, 0, 0, 0, 0, 1], "bins": [2.0, 4.3125, 6.625, 8.9375, 11.25, 13.5625, 15.875, 18.1875, 20.5, 22.8125, 25.125, 27.4375, 29.75, 32.0625, 34.375, 36.6875, 39.0, 41.3125, 43.625, 45.9375, 48.25, 50.5625, 52.875, 55.1875, 57.5, 59.8125, 62.125, 64.4375, 66.75, 69.0625, 71.375, 73.6875, 76.0]}, "_timestamp": 1682689583.30051, "_runtime": 17.71024990081787, "_step": 0, "_wandb": {"runtime": 16}}