{"accuracy": 0.1807714450201497, "classification_report": "              precision    recall  f1-score   support\n\n           0       0.22      0.58      0.32       180\n           1       0.12      0.08      0.10       142\n           2       0.13      0.14      0.13       181\n           3       0.19      0.08      0.12       190\n           4       0.16      0.13      0.14       201\n           5       0.07      0.01      0.02       150\n           6       0.14      0.25      0.18       178\n           7       0.15      0.12      0.13       171\n           8       0.21      0.17      0.19       171\n           9       0.31      0.20      0.24       173\n\n    accuracy                           0.18      1737\n   macro avg       0.17      0.18      0.16      1737\nweighted avg       0.17      0.18      0.16      1737\n", "confusion_matrix": {"_type": "histogram", "values": [13, 17, 7, 14, 10, 8, 3, 6, 4, 5, 4, 1, 1, 1, 2, 0, 1, 1, 0, 0, 0, 1, 0, 0, 0, 0, 0, 0, 0, 0, 0, 1], "bins": [0.0, 3.28125, 6.5625, 9.84375, 13.125, 16.40625, 19.6875, 22.96875, 26.25, 29.53125, 32.8125, 36.09375, 39.375, 42.65625, 45.9375, 49.21875, 52.5, 55.78125, 59.0625, 62.34375, 65.625, 68.90625, 72.1875, 75.46875, 78.75, 82.03125, 85.3125, 88.59375, 91.875, 95.15625, 98.4375, 101.71875, 105.0]}, "_timestamp": 1682681580.385938, "_runtime": 3.1832399368286133, "_step": 0, "_wandb": {"runtime": 0}}