{"accuracy": 0.17271157167530224, "classification_report": "              precision    recall  f1-score   support\n\n           0       0.35      0.32      0.34       180\n           1       0.14      0.16      0.15       142\n           2       0.18      0.13      0.15       181\n           3       0.15      0.30      0.20       190\n           4       0.14      0.06      0.08       201\n           5       0.10      0.17      0.12       150\n           6       0.13      0.10      0.11       178\n           7       0.12      0.11      0.12       171\n           8       0.18      0.13      0.15       171\n           9       0.26      0.25      0.25       173\n\n    accuracy                           0.17      1737\n   macro avg       0.18      0.17      0.17      1737\nweighted avg       0.18      0.17      0.17      1737\n", "confusion_matrix": {"_type": "histogram", "values": [6, 8, 10, 5, 6, 9, 4, 3, 7, 7, 5, 3, 7, 2, 1, 1, 3, 3, 2, 0, 2, 0, 1, 1, 0, 1, 0, 1, 0, 0, 0, 2], "bins": [2.0, 3.75, 5.5, 7.25, 9.0, 10.75, 12.5, 14.25, 16.0, 17.75, 19.5, 21.25, 23.0, 24.75, 26.5, 28.25, 30.0, 31.75, 33.5, 35.25, 37.0, 38.75, 40.5, 42.25, 44.0, 45.75, 47.5, 49.25, 51.0, 52.75, 54.5, 56.25, 58.0]}, "_timestamp": 1682689722.8353522, "_runtime": 44.88191628456116, "_step": 0, "_wandb": {"runtime": 43}}