{"accuracy": 0.20610247553252733, "classification_report": "              precision    recall  f1-score   support\n\n           0       0.45      0.38      0.41       180\n           1       0.17      0.15      0.16       142\n           2       0.22      0.17      0.19       181\n           3       0.15      0.33      0.21       190\n           4       0.18      0.13      0.16       201\n           5       0.04      0.01      0.01       150\n           6       0.14      0.29      0.19       178\n           7       0.25      0.12      0.16       171\n           8       0.15      0.09      0.11       171\n           9       0.31      0.35      0.33       173\n\n    accuracy                           0.21      1737\n   macro avg       0.21      0.20      0.19      1737\nweighted avg       0.21      0.21      0.20      1737\n", "confusion_matrix": {"_type": "histogram", "values": [12, 6, 16, 3, 9, 7, 4, 6, 7, 3, 2, 1, 3, 1, 1, 1, 2, 2, 2, 1, 2, 1, 1, 1, 1, 2, 0, 0, 1, 1, 0, 1], "bins": [0.0, 2.125, 4.25, 6.375, 8.5, 10.625, 12.75, 14.875, 17.0, 19.125, 21.25, 23.375, 25.5, 27.625, 29.75, 31.875, 34.0, 36.125, 38.25, 40.375, 42.5, 44.625, 46.75, 48.875, 51.0, 53.125, 55.25, 57.375, 59.5, 61.625, 63.75, 65.875, 68.0]}, "_timestamp": 1682686607.292578, "_runtime": 19.66325092315674, "_step": 0, "_wandb": {"runtime": 17}}