{"accuracy": 0.23431203223949337, "classification_report": "              precision    recall  f1-score   support\n\n           0       0.41      0.57      0.48       180\n           1       0.20      0.25      0.23       142\n           2       0.17      0.11      0.14       181\n           3       0.16      0.18      0.17       190\n           4       0.20      0.17      0.19       201\n           5       0.00      0.00      0.00       150\n           6       0.20      0.28      0.23       178\n           7       0.19      0.08      0.11       171\n           8       0.20      0.09      0.13       171\n           9       0.26      0.57      0.36       173\n\n    accuracy                           0.23      1737\n   macro avg       0.20      0.23      0.20      1737\nweighted avg       0.20      0.23      0.20      1737\n", "confusion_matrix": {"_type": "histogram", "values": [15, 13, 13, 12, 6, 8, 6, 2, 3, 4, 6, 4, 1, 2, 0, 1, 1, 0, 1, 0, 0, 0, 0, 0, 0, 0, 0, 0, 0, 0, 0, 2], "bins": [0.0, 3.1875, 6.375, 9.5625, 12.75, 15.9375, 19.125, 22.3125, 25.5, 28.6875, 31.875, 35.0625, 38.25, 41.4375, 44.625, 47.8125, 51.0, 54.1875, 57.375, 60.5625, 63.75, 66.9375, 70.125, 73.3125, 76.5, 79.6875, 82.875, 86.0625, 89.25, 92.4375, 95.625, 98.8125, 102.0]}, "_timestamp": 1682694675.6466901, "_runtime": 22.05867624282837, "_step": 0, "_wandb": {"runtime": 19}}