{"accuracy": 0.1445020149683362, "classification_report": "              precision    recall  f1-score   support\n\n           0       0.23      0.21      0.22       180\n           1       0.12      0.16      0.14       142\n           2       0.12      0.14      0.13       181\n           3       0.09      0.09      0.09       190\n           4       0.14      0.13      0.14       201\n           5       0.11      0.10      0.11       150\n           6       0.14      0.17      0.16       178\n           7       0.17      0.13      0.15       171\n           8       0.15      0.12      0.13       171\n           9       0.18      0.18      0.18       173\n\n    accuracy                           0.14      1737\n   macro avg       0.15      0.14      0.14      1737\nweighted avg       0.15      0.14      0.14      1737\n", "confusion_matrix": {"_type": "histogram", "values": [1, 1, 0, 2, 3, 2, 3, 5, 14, 5, 3, 8, 4, 5, 3, 1, 10, 6, 6, 2, 4, 1, 3, 0, 1, 1, 3, 0, 0, 1, 1, 1], "bins": [2.0, 3.125, 4.25, 5.375, 6.5, 7.625, 8.75, 9.875, 11.0, 12.125, 13.25, 14.375, 15.5, 16.625, 17.75, 18.875, 20.0, 21.125, 22.25, 23.375, 24.5, 25.625, 26.75, 27.875, 29.0, 30.125, 31.25, 32.375, 33.5, 34.625, 35.75, 36.875, 38.0]}, "_timestamp": 1682596801.2879941, "_runtime": 2.065361261367798, "_step": 0, "_wandb": {"runtime": 0}}