{"accuracy": 0.2118595279217041, "classification_report": "              precision    recall  f1-score   support\n\n           0       0.31      0.47      0.37       180\n           1       0.19      0.39      0.26       142\n           2       0.13      0.19      0.16       181\n           3       0.15      0.17      0.16       190\n           4       0.19      0.14      0.16       201\n           5       0.14      0.13      0.13       150\n           6       0.24      0.19      0.21       178\n           7       0.22      0.12      0.15       171\n           8       0.25      0.12      0.16       171\n           9       0.40      0.23      0.29       173\n\n    accuracy                           0.21      1737\n   macro avg       0.22      0.21      0.21      1737\nweighted avg       0.22      0.21      0.21      1737\n", "confusion_matrix": {"_type": "histogram", "values": [8, 10, 2, 11, 10, 8, 18, 8, 3, 3, 4, 1, 4, 3, 2, 2, 0, 0, 1, 0, 1, 0, 0, 0, 0, 0, 0, 0, 0, 0, 0, 1], "bins": [0.0, 2.65625, 5.3125, 7.96875, 10.625, 13.28125, 15.9375, 18.59375, 21.25, 23.90625, 26.5625, 29.21875, 31.875, 34.53125, 37.1875, 39.84375, 42.5, 45.15625, 47.8125, 50.46875, 53.125, 55.78125, 58.4375, 61.09375, 63.75, 66.40625, 69.0625, 71.71875, 74.375, 77.03125, 79.6875, 82.34375, 85.0]}, "_timestamp": 1682592182.167485, "_runtime": 1.998671054840088, "_step": 0, "_wandb": {"runtime": 0}}