{"accuracy": 0.1514104778353483, "classification_report": "              precision    recall  f1-score   support\n\n           0       0.31      0.26      0.28       180\n           1       0.13      0.17      0.15       142\n           2       0.16      0.17      0.16       181\n           3       0.10      0.14      0.12       190\n           4       0.13      0.13      0.13       201\n           5       0.08      0.04      0.05       150\n           6       0.11      0.19      0.14       178\n           7       0.17      0.08      0.10       171\n           8       0.10      0.06      0.07       171\n           9       0.22      0.28      0.24       173\n\n    accuracy                           0.15      1737\n   macro avg       0.15      0.15      0.15      1737\nweighted avg       0.15      0.15      0.15      1737\n", "confusion_matrix": {"_type": "histogram", "values": [6, 2, 8, 7, 8, 5, 5, 6, 7, 5, 1, 3, 2, 3, 5, 6, 7, 3, 3, 0, 2, 1, 0, 0, 0, 0, 2, 0, 0, 1, 1, 1], "bins": [2.0, 3.53125, 5.0625, 6.59375, 8.125, 9.65625, 11.1875, 12.71875, 14.25, 15.78125, 17.3125, 18.84375, 20.375, 21.90625, 23.4375, 24.96875, 26.5, 28.03125, 29.5625, 31.09375, 32.625, 34.15625, 35.6875, 37.21875, 38.75, 40.28125, 41.8125, 43.34375, 44.875, 46.40625, 47.9375, 49.46875, 51.0]}, "_timestamp": 1682596220.40064, "_runtime": 8.581012964248657, "_step": 0, "_wandb": {"runtime": 0}}