{"accuracy": 0.17271157167530224, "classification_report": "              precision    recall  f1-score   support\n\n           0       0.28      0.33      0.31       180\n           1       0.12      0.11      0.12       142\n           2       0.16      0.15      0.16       181\n           3       0.13      0.15      0.14       190\n           4       0.14      0.12      0.13       201\n           5       0.10      0.06      0.08       150\n           6       0.14      0.15      0.14       178\n           7       0.19      0.19      0.19       171\n           8       0.22      0.21      0.21       171\n           9       0.20      0.22      0.21       173\n\n    accuracy                           0.17      1737\n   macro avg       0.17      0.17      0.17      1737\nweighted avg       0.17      0.17      0.17      1737\n", "confusion_matrix": {"_type": "histogram", "values": [6, 9, 7, 3, 5, 11, 14, 3, 3, 12, 6, 1, 4, 5, 3, 1, 3, 0, 2, 1, 0, 0, 0, 0, 0, 0, 0, 0, 0, 0, 0, 1], "bins": [4.0, 5.75, 7.5, 9.25, 11.0, 12.75, 14.5, 16.25, 18.0, 19.75, 21.5, 23.25, 25.0, 26.75, 28.5, 30.25, 32.0, 33.75, 35.5, 37.25, 39.0, 40.75, 42.5, 44.25, 46.0, 47.75, 49.5, 51.25, 53.0, 54.75, 56.5, 58.25, 60.0]}, "_timestamp": 1682603481.113652, "_runtime": 2.0478529930114746, "_step": 0, "_wandb": {"runtime": 0}}