{"accuracy": 0.20610247553252733, "classification_report": "              precision    recall  f1-score   support\n\n           0       0.37      0.39      0.38       180\n           1       0.15      0.06      0.08       142\n           2       0.14      0.10      0.12       181\n           3       0.15      0.43      0.23       190\n           4       0.18      0.05      0.08       201\n           5       0.00      0.00      0.00       150\n           6       0.17      0.33      0.22       178\n           7       0.18      0.04      0.06       171\n           8       0.25      0.05      0.08       171\n           9       0.27      0.57      0.37       173\n\n    accuracy                           0.21      1737\n   macro avg       0.19      0.20      0.16      1737\nweighted avg       0.19      0.21      0.16      1737\n", "confusion_matrix": {"_type": "histogram", "values": [27, 16, 15, 6, 1, 4, 2, 3, 3, 1, 2, 2, 2, 1, 0, 1, 2, 3, 2, 3, 0, 0, 1, 1, 0, 0, 1, 0, 0, 0, 0, 1], "bins": [0.0, 3.0625, 6.125, 9.1875, 12.25, 15.3125, 18.375, 21.4375, 24.5, 27.5625, 30.625, 33.6875, 36.75, 39.8125, 42.875, 45.9375, 49.0, 52.0625, 55.125, 58.1875, 61.25, 64.3125, 67.375, 70.4375, 73.5, 76.5625, 79.625, 82.6875, 85.75, 88.8125, 91.875, 94.9375, 98.0]}, "_timestamp": 1682686452.1166809, "_runtime": 9.987175941467285, "_step": 0, "_wandb": {"runtime": 7}}