{"accuracy": 0.11629245826137018, "classification_report": "              precision    recall  f1-score   support\n\n           0       0.50      0.09      0.15       180\n           1       0.09      0.17      0.12       142\n           2       0.10      0.20      0.14       181\n           3       0.09      0.14      0.11       190\n           4       0.10      0.01      0.02       201\n           5       0.11      0.15      0.13       150\n           6       0.13      0.01      0.02       178\n           7       0.15      0.02      0.04       171\n           8       0.14      0.37      0.20       171\n           9       0.07      0.02      0.03       173\n\n    accuracy                           0.12      1737\n   macro avg       0.15      0.12      0.10      1737\nweighted avg       0.15      0.12      0.09      1737\n", "confusion_matrix": {"_type": "histogram", "values": [30, 12, 5, 2, 0, 1, 0, 1, 4, 4, 4, 2, 4, 6, 4, 2, 1, 2, 2, 3, 3, 0, 0, 0, 1, 4, 0, 0, 0, 1, 0, 2], "bins": [0.0, 2.03125, 4.0625, 6.09375, 8.125, 10.15625, 12.1875, 14.21875, 16.25, 18.28125, 20.3125, 22.34375, 24.375, 26.40625, 28.4375, 30.46875, 32.5, 34.53125, 36.5625, 38.59375, 40.625, 42.65625, 44.6875, 46.71875, 48.75, 50.78125, 52.8125, 54.84375, 56.875, 58.90625, 60.9375, 62.96875, 65.0]}, "_timestamp": 1682652257.618816, "_runtime": 20.100841999053955, "_step": 0, "_wandb": {"runtime": 18}}