{"accuracy": 0.11514104778353483, "classification_report": "              precision    recall  f1-score   support\n\n           0       0.01      0.02      0.01       180\n           1       0.16      0.15      0.15       142\n           2       0.14      0.14      0.14       181\n           3       0.13      0.23      0.17       190\n           4       0.06      0.09      0.07       201\n           5       0.13      0.17      0.15       150\n           6       0.20      0.36      0.25       178\n           7       0.00      0.00      0.00       171\n           8       0.00      0.00      0.00       171\n           9       0.00      0.00      0.00       173\n\n    accuracy                           0.12      1737\n   macro avg       0.08      0.12      0.09      1737\nweighted avg       0.08      0.12      0.09      1737\n", "confusion_matrix": {"_type": "histogram", "values": [31, 3, 5, 6, 8, 8, 6, 6, 10, 0, 3, 1, 2, 5, 1, 0, 2, 0, 0, 0, 2, 0, 0, 0, 0, 0, 0, 0, 0, 0, 0, 1], "bins": [0.0, 3.1875, 6.375, 9.5625, 12.75, 15.9375, 19.125, 22.3125, 25.5, 28.6875, 31.875, 35.0625, 38.25, 41.4375, 44.625, 47.8125, 51.0, 54.1875, 57.375, 60.5625, 63.75, 66.9375, 70.125, 73.3125, 76.5, 79.6875, 82.875, 86.0625, 89.25, 92.4375, 95.625, 98.8125, 102.0]}, "_timestamp": 1682774846.931231, "_runtime": 37.16098093986511, "_step": 0, "_wandb": {"runtime": 35}}