{"accuracy": 0.2141623488773748, "classification_report": "              precision    recall  f1-score   support\n\n           0       0.39      0.58      0.47       180\n           1       0.18      0.27      0.22       142\n           2       0.15      0.08      0.11       181\n           3       0.09      0.05      0.07       190\n           4       0.15      0.12      0.13       201\n           5       0.19      0.07      0.11       150\n           6       0.20      0.13      0.16       178\n           7       0.18      0.18      0.18       171\n           8       0.17      0.16      0.16       171\n           9       0.23      0.52      0.32       173\n\n    accuracy                           0.21      1737\n   macro avg       0.19      0.22      0.19      1737\nweighted avg       0.19      0.21      0.19      1737\n", "confusion_matrix": {"_type": "histogram", "values": [11, 16, 19, 4, 14, 9, 6, 3, 4, 2, 2, 3, 1, 2, 1, 0, 0, 1, 0, 0, 0, 0, 0, 0, 0, 0, 0, 1, 0, 0, 0, 1], "bins": [1.0, 4.21875, 7.4375, 10.65625, 13.875, 17.09375, 20.3125, 23.53125, 26.75, 29.96875, 33.1875, 36.40625, 39.625, 42.84375, 46.0625, 49.28125, 52.5, 55.71875, 58.9375, 62.15625, 65.375, 68.59375, 71.8125, 75.03125, 78.25, 81.46875, 84.6875, 87.90625, 91.125, 94.34375, 97.5625, 100.78125, 104.0]}, "_timestamp": 1682602360.8554702, "_runtime": 1.8761162757873535, "_step": 0, "_wandb": {"runtime": 0}}