{"accuracy": 0.15486470926885434, "classification_report": "              precision    recall  f1-score   support\n\n           0       0.30      0.25      0.27       180\n           1       0.13      0.13      0.13       142\n           2       0.13      0.17      0.15       181\n           3       0.11      0.18      0.13       190\n           4       0.20      0.03      0.05       201\n           5       0.00      0.00      0.00       150\n           6       0.13      0.31      0.18       178\n           7       0.27      0.02      0.03       171\n           8       0.21      0.12      0.15       171\n           9       0.18      0.32      0.23       173\n\n    accuracy                           0.15      1737\n   macro avg       0.17      0.15      0.13      1737\nweighted avg       0.17      0.15      0.13      1737\n", "confusion_matrix": {"_type": "histogram", "values": [20, 9, 10, 4, 6, 1, 1, 4, 3, 4, 4, 2, 3, 1, 3, 2, 3, 2, 3, 2, 0, 1, 4, 0, 0, 3, 1, 0, 2, 0, 1, 1], "bins": [0.0, 2.0, 4.0, 6.0, 8.0, 10.0, 12.0, 14.0, 16.0, 18.0, 20.0, 22.0, 24.0, 26.0, 28.0, 30.0, 32.0, 34.0, 36.0, 38.0, 40.0, 42.0, 44.0, 46.0, 48.0, 50.0, 52.0, 54.0, 56.0, 58.0, 60.0, 62.0, 64.0]}, "_timestamp": 1682602929.3714979, "_runtime": 1.9069218635559082, "_step": 0, "_wandb": {"runtime": 0}}