{"accuracy": 0.23085780080598733, "classification_report": "              precision    recall  f1-score   support\n\n           0       0.42      0.33      0.37       180\n           1       0.23      0.27      0.25       142\n           2       0.22      0.22      0.22       181\n           3       0.18      0.18      0.18       190\n           4       0.18      0.16      0.17       201\n           5       0.19      0.20      0.19       150\n           6       0.20      0.20      0.20       178\n           7       0.19      0.21      0.20       171\n           8       0.22      0.22      0.22       171\n           9       0.32      0.33      0.32       173\n\n    accuracy                           0.23      1737\n   macro avg       0.23      0.23      0.23      1737\nweighted avg       0.23      0.23      0.23      1737\n", "confusion_matrix": {"_type": "histogram", "values": [6, 5, 14, 8, 4, 4, 7, 8, 8, 5, 7, 2, 3, 2, 5, 2, 2, 1, 2, 2, 1, 0, 0, 0, 0, 0, 0, 0, 0, 0, 1, 1], "bins": [3.0, 4.78125, 6.5625, 8.34375, 10.125, 11.90625, 13.6875, 15.46875, 17.25, 19.03125, 20.8125, 22.59375, 24.375, 26.15625, 27.9375, 29.71875, 31.5, 33.28125, 35.0625, 36.84375, 38.625, 40.40625, 42.1875, 43.96875, 45.75, 47.53125, 49.3125, 51.09375, 52.875, 54.65625, 56.4375, 58.21875, 60.0]}, "_timestamp": 1682592164.961504, "_runtime": 1.971647024154663, "_step": 0, "_wandb": {"runtime": 0}}