{"accuracy": 0.1514104778353483, "classification_report": "              precision    recall  f1-score   support\n\n           0       0.26      0.32      0.29       180\n           1       0.15      0.23      0.18       142\n           2       0.12      0.13      0.13       181\n           3       0.12      0.12      0.12       190\n           4       0.15      0.12      0.13       201\n           5       0.10      0.09      0.10       150\n           6       0.11      0.10      0.10       178\n           7       0.11      0.08      0.09       171\n           8       0.17      0.15      0.16       171\n           9       0.19      0.18      0.19       173\n\n    accuracy                           0.15      1737\n   macro avg       0.15      0.15      0.15      1737\nweighted avg       0.15      0.15      0.15      1737\n", "confusion_matrix": {"_type": "histogram", "values": [1, 1, 4, 0, 9, 12, 12, 6, 14, 11, 5, 3, 9, 5, 0, 1, 2, 3, 0, 0, 1, 0, 0, 0, 0, 0, 0, 0, 0, 0, 0, 1], "bins": [2.0, 3.75, 5.5, 7.25, 9.0, 10.75, 12.5, 14.25, 16.0, 17.75, 19.5, 21.25, 23.0, 24.75, 26.5, 28.25, 30.0, 31.75, 33.5, 35.25, 37.0, 38.75, 40.5, 42.25, 44.0, 45.75, 47.5, 49.25, 51.0, 52.75, 54.5, 56.25, 58.0]}, "_timestamp": 1682594439.339425, "_runtime": 3.7094461917877197, "_step": 0, "_wandb": {"runtime": 0}}