{"accuracy": 0.15831894070236038, "classification_report": "              precision    recall  f1-score   support\n\n           0       0.28      0.34      0.31       180\n           1       0.13      0.17      0.15       142\n           2       0.11      0.10      0.11       181\n           3       0.14      0.15      0.15       190\n           4       0.15      0.11      0.13       201\n           5       0.09      0.08      0.08       150\n           6       0.15      0.13      0.14       178\n           7       0.10      0.10      0.10       171\n           8       0.19      0.17      0.18       171\n           9       0.20      0.21      0.21       173\n\n    accuracy                           0.16      1737\n   macro avg       0.15      0.16      0.15      1737\nweighted avg       0.15      0.16      0.16      1737\n", "confusion_matrix": {"_type": "histogram", "values": [1, 2, 5, 6, 7, 10, 12, 8, 13, 10, 8, 5, 3, 0, 6, 0, 0, 0, 1, 2, 0, 0, 0, 0, 0, 0, 0, 0, 0, 0, 0, 1], "bins": [2.0, 3.875, 5.75, 7.625, 9.5, 11.375, 13.25, 15.125, 17.0, 18.875, 20.75, 22.625, 24.5, 26.375, 28.25, 30.125, 32.0, 33.875, 35.75, 37.625, 39.5, 41.375, 43.25, 45.125, 47.0, 48.875, 50.75, 52.625, 54.5, 56.375, 58.25, 60.125, 62.0]}, "_timestamp": 1682594497.295659, "_runtime": 2.5846710205078125, "_step": 0, "_wandb": {"runtime": 0}}