{"accuracy": 0.20379965457685664, "classification_report": "              precision    recall  f1-score   support\n\n           0       0.45      0.36      0.40       180\n           1       0.19      0.18      0.19       142\n           2       0.16      0.14      0.15       181\n           3       0.14      0.27      0.19       190\n           4       0.17      0.16      0.17       201\n           5       0.11      0.03      0.04       150\n           6       0.16      0.32      0.21       178\n           7       0.21      0.11      0.15       171\n           8       0.17      0.12      0.14       171\n           9       0.37      0.31      0.34       173\n\n    accuracy                           0.20      1737\n   macro avg       0.21      0.20      0.20      1737\nweighted avg       0.22      0.20      0.20      1737\n", "confusion_matrix": {"_type": "histogram", "values": [7, 3, 17, 8, 6, 6, 7, 2, 6, 4, 4, 2, 4, 4, 0, 1, 2, 4, 1, 2, 1, 1, 0, 0, 0, 3, 2, 0, 1, 1, 0, 1], "bins": [0.0, 2.0, 4.0, 6.0, 8.0, 10.0, 12.0, 14.0, 16.0, 18.0, 20.0, 22.0, 24.0, 26.0, 28.0, 30.0, 32.0, 34.0, 36.0, 38.0, 40.0, 42.0, 44.0, 46.0, 48.0, 50.0, 52.0, 54.0, 56.0, 58.0, 60.0, 62.0, 64.0]}, "_timestamp": 1682686692.65503, "_runtime": 28.710045099258423, "_step": 0, "_wandb": {"runtime": 26}}