{"accuracy": 0.2026482440990213, "classification_report": "              precision    recall  f1-score   support\n\n           0       0.36      0.46      0.40       180\n           1       0.20      0.25      0.22       142\n           2       0.22      0.22      0.22       181\n           3       0.17      0.15      0.16       190\n           4       0.18      0.12      0.15       201\n           5       0.10      0.05      0.06       150\n           6       0.15      0.17      0.16       178\n           7       0.14      0.15      0.14       171\n           8       0.15      0.16      0.16       171\n           9       0.25      0.29      0.27       173\n\n    accuracy                           0.20      1737\n   macro avg       0.19      0.20      0.19      1737\nweighted avg       0.19      0.20      0.20      1737\n", "confusion_matrix": {"_type": "histogram", "values": [1, 8, 9, 12, 11, 13, 6, 9, 7, 4, 7, 3, 3, 0, 3, 1, 1, 0, 0, 1, 0, 0, 0, 0, 0, 0, 0, 0, 0, 0, 0, 1], "bins": [0.0, 2.5625, 5.125, 7.6875, 10.25, 12.8125, 15.375, 17.9375, 20.5, 23.0625, 25.625, 28.1875, 30.75, 33.3125, 35.875, 38.4375, 41.0, 43.5625, 46.125, 48.6875, 51.25, 53.8125, 56.375, 58.9375, 61.5, 64.0625, 66.625, 69.1875, 71.75, 74.3125, 76.875, 79.4375, 82.0]}, "_timestamp": 1682655348.9011, "_runtime": 30.041757822036743, "_step": 0, "_wandb": {"runtime": 28}}