{"accuracy": 0.2406447898675878, "classification_report": "              precision    recall  f1-score   support\n\n           0       0.40      0.68      0.50       180\n           1       0.21      0.18      0.20       142\n           2       0.17      0.01      0.01       181\n           3       0.17      0.41      0.24       190\n           4       0.27      0.06      0.10       201\n           5       0.00      0.00      0.00       150\n           6       0.19      0.41      0.26       178\n           7       0.33      0.01      0.01       171\n           8       0.27      0.04      0.07       171\n           9       0.25      0.57      0.35       173\n\n    accuracy                           0.24      1737\n   macro avg       0.23      0.24      0.17      1737\nweighted avg       0.23      0.24      0.18      1737\n", "confusion_matrix": {"_type": "histogram", "values": [44, 10, 9, 3, 2, 2, 4, 4, 1, 3, 2, 3, 3, 1, 1, 0, 1, 2, 1, 1, 1, 0, 0, 0, 0, 1, 0, 0, 0, 0, 0, 1], "bins": [0.0, 3.8125, 7.625, 11.4375, 15.25, 19.0625, 22.875, 26.6875, 30.5, 34.3125, 38.125, 41.9375, 45.75, 49.5625, 53.375, 57.1875, 61.0, 64.8125, 68.625, 72.4375, 76.25, 80.0625, 83.875, 87.6875, 91.5, 95.3125, 99.125, 102.9375, 106.75, 110.5625, 114.375, 118.1875, 122.0]}, "_timestamp": 1682694507.962029, "_runtime": 24.522475004196167, "_step": 0, "_wandb": {"runtime": 22}}