{"accuracy": 0.11514104778353483, "classification_report": "              precision    recall  f1-score   support\n\n           0       0.28      0.08      0.13       180\n           1       0.09      0.93      0.16       142\n           2       0.19      0.04      0.06       181\n           3       0.56      0.03      0.05       190\n           4       0.38      0.04      0.07       201\n           5       0.50      0.01      0.01       150\n           6       0.23      0.03      0.05       178\n           7       0.23      0.05      0.09       171\n           8       0.53      0.05      0.10       171\n           9       0.50      0.05      0.09       173\n\n    accuracy                           0.12      1737\n   macro avg       0.35      0.13      0.08      1737\nweighted avg       0.35      0.12      0.08      1737\n", "confusion_matrix": {"_type": "histogram", "values": [78, 11, 1, 0, 0, 0, 0, 0, 0, 0, 0, 0, 0, 0, 0, 0, 0, 0, 0, 0, 0, 0, 0, 0, 2, 1, 0, 2, 3, 0, 0, 2], "bins": [0.0, 5.46875, 10.9375, 16.40625, 21.875, 27.34375, 32.8125, 38.28125, 43.75, 49.21875, 54.6875, 60.15625, 65.625, 71.09375, 76.5625, 82.03125, 87.5, 92.96875, 98.4375, 103.90625, 109.375, 114.84375, 120.3125, 125.78125, 131.25, 136.71875, 142.1875, 147.65625, 153.125, 158.59375, 164.0625, 169.53125, 175.0]}, "_timestamp": 1682653440.6455739, "_runtime": 10.968127965927124, "_step": 0, "_wandb": {"runtime": 9}}