{"accuracy": 0.1871042026482441, "classification_report": "              precision    recall  f1-score   support\n\n           0       0.31      0.31      0.31       180\n           1       0.20      0.27      0.23       142\n           2       0.21      0.18      0.19       181\n           3       0.17      0.24      0.20       190\n           4       0.16      0.11      0.13       201\n           5       0.11      0.16      0.13       150\n           6       0.08      0.05      0.06       178\n           7       0.14      0.15      0.14       171\n           8       0.18      0.11      0.14       171\n           9       0.27      0.31      0.29       173\n\n    accuracy                           0.19      1737\n   macro avg       0.18      0.19      0.18      1737\nweighted avg       0.18      0.19      0.18      1737\n", "confusion_matrix": {"_type": "histogram", "values": [3, 7, 9, 5, 6, 6, 2, 12, 9, 4, 2, 6, 2, 9, 6, 1, 2, 1, 2, 1, 0, 1, 0, 0, 0, 1, 1, 0, 0, 0, 1, 1], "bins": [2.0, 3.6875, 5.375, 7.0625, 8.75, 10.4375, 12.125, 13.8125, 15.5, 17.1875, 18.875, 20.5625, 22.25, 23.9375, 25.625, 27.3125, 29.0, 30.6875, 32.375, 34.0625, 35.75, 37.4375, 39.125, 40.8125, 42.5, 44.1875, 45.875, 47.5625, 49.25, 50.9375, 52.625, 54.3125, 56.0]}, "_timestamp": 1682689606.487734, "_runtime": 18.216403007507324, "_step": 0, "_wandb": {"runtime": 16}}