{"accuracy": 0.153713298791019, "classification_report": "              precision    recall  f1-score   support\n\n           0       0.28      0.32      0.30       180\n           1       0.12      0.16      0.13       142\n           2       0.13      0.10      0.11       181\n           3       0.13      0.12      0.12       190\n           4       0.13      0.12      0.12       201\n           5       0.08      0.06      0.07       150\n           6       0.14      0.15      0.14       178\n           7       0.09      0.09      0.09       171\n           8       0.17      0.16      0.17       171\n           9       0.21      0.25      0.23       173\n\n    accuracy                           0.15      1737\n   macro avg       0.15      0.15      0.15      1737\nweighted avg       0.15      0.15      0.15      1737\n", "confusion_matrix": {"_type": "histogram", "values": [3, 6, 3, 5, 8, 11, 9, 6, 9, 10, 2, 11, 3, 5, 1, 2, 1, 1, 0, 0, 0, 0, 1, 2, 0, 0, 0, 0, 0, 0, 0, 1], "bins": [3.0, 4.71875, 6.4375, 8.15625, 9.875, 11.59375, 13.3125, 15.03125, 16.75, 18.46875, 20.1875, 21.90625, 23.625, 25.34375, 27.0625, 28.78125, 30.5, 32.21875, 33.9375, 35.65625, 37.375, 39.09375, 40.8125, 42.53125, 44.25, 45.96875, 47.6875, 49.40625, 51.125, 52.84375, 54.5625, 56.28125, 58.0]}, "_timestamp": 1682594623.686801, "_runtime": 2.9789910316467285, "_step": 0, "_wandb": {"runtime": 0}}