{"accuracy": 0.15716753022452504, "classification_report": "              precision    recall  f1-score   support\n\n           0       0.31      0.32      0.32       180\n           1       0.14      0.15      0.15       142\n           2       0.09      0.08      0.09       181\n           3       0.16      0.17      0.17       190\n           4       0.14      0.13      0.14       201\n           5       0.10      0.13      0.11       150\n           6       0.11      0.10      0.10       178\n           7       0.17      0.12      0.14       171\n           8       0.17      0.15      0.16       171\n           9       0.18      0.20      0.19       173\n\n    accuracy                           0.16      1737\n   macro avg       0.16      0.16      0.16      1737\nweighted avg       0.16      0.16      0.16      1737\n", "confusion_matrix": {"_type": "histogram", "values": [4, 4, 4, 4, 9, 13, 9, 4, 7, 10, 3, 6, 8, 7, 1, 2, 0, 2, 2, 0, 0, 0, 0, 0, 0, 0, 0, 0, 0, 0, 0, 1], "bins": [3.0, 4.71875, 6.4375, 8.15625, 9.875, 11.59375, 13.3125, 15.03125, 16.75, 18.46875, 20.1875, 21.90625, 23.625, 25.34375, 27.0625, 28.78125, 30.5, 32.21875, 33.9375, 35.65625, 37.375, 39.09375, 40.8125, 42.53125, 44.25, 45.96875, 47.6875, 49.40625, 51.125, 52.84375, 54.5625, 56.28125, 58.0]}, "_timestamp": 1682603500.304703, "_runtime": 2.2367029190063477, "_step": 0, "_wandb": {"runtime": 0}}