{"accuracy": 0.17213586643638457, "classification_report": "              precision    recall  f1-score   support\n\n           0       0.29      0.56      0.38       180\n           1       0.11      0.18      0.14       142\n           2       0.12      0.19      0.15       181\n           3       0.12      0.06      0.08       190\n           4       0.06      0.01      0.02       201\n           5       0.00      0.00      0.00       150\n           6       0.15      0.15      0.15       178\n           7       0.14      0.05      0.08       171\n           8       0.09      0.01      0.02       171\n           9       0.18      0.50      0.27       173\n\n    accuracy                           0.17      1737\n   macro avg       0.13      0.17      0.13      1737\nweighted avg       0.13      0.17      0.13      1737\n", "confusion_matrix": {"_type": "histogram", "values": [29, 10, 9, 7, 5, 3, 5, 5, 5, 5, 4, 0, 2, 2, 0, 2, 0, 0, 2, 1, 1, 1, 0, 0, 0, 0, 0, 1, 0, 0, 0, 1], "bins": [0.0, 3.125, 6.25, 9.375, 12.5, 15.625, 18.75, 21.875, 25.0, 28.125, 31.25, 34.375, 37.5, 40.625, 43.75, 46.875, 50.0, 53.125, 56.25, 59.375, 62.5, 65.625, 68.75, 71.875, 75.0, 78.125, 81.25, 84.375, 87.5, 90.625, 93.75, 96.875, 100.0]}, "_timestamp": 1682596681.291414, "_runtime": 1.7754549980163574, "_step": 0, "_wandb": {"runtime": 0}}