{"accuracy": 0.08750719631548647, "classification_report": "              precision    recall  f1-score   support\n\n           0       0.07      0.02      0.03       180\n           1       0.00      0.00      0.00       142\n           2       0.07      0.09      0.08       181\n           3       0.00      0.00      0.00       190\n           4       0.10      0.12      0.11       201\n           5       0.13      0.33      0.18       150\n           6       0.00      0.00      0.00       178\n           7       0.09      0.25      0.13       171\n           8       0.08      0.07      0.08       171\n           9       0.03      0.03      0.03       173\n\n    accuracy                           0.09      1737\n   macro avg       0.06      0.09      0.06      1737\nweighted avg       0.06      0.09      0.06      1737\n", "confusion_matrix": {"_type": "histogram", "values": [28, 13, 5, 5, 7, 5, 3, 1, 7, 3, 3, 2, 2, 2, 4, 1, 0, 1, 0, 1, 4, 0, 0, 1, 1, 0, 0, 0, 0, 0, 0, 1], "bins": [0.0, 2.875, 5.75, 8.625, 11.5, 14.375, 17.25, 20.125, 23.0, 25.875, 28.75, 31.625, 34.5, 37.375, 40.25, 43.125, 46.0, 48.875, 51.75, 54.625, 57.5, 60.375, 63.25, 66.125, 69.0, 71.875, 74.75, 77.625, 80.5, 83.375, 86.25, 89.125, 92.0]}, "_timestamp": 1682841995.873919, "_runtime": 71.13047099113464, "_step": 0, "_wandb": {"runtime": 69}}