{"accuracy": 0.16868163500287853, "classification_report": "              precision    recall  f1-score   support\n\n           0       0.29      0.38      0.33       180\n           1       0.14      0.07      0.09       142\n           2       0.09      0.04      0.06       181\n           3       0.16      0.19      0.18       190\n           4       0.17      0.29      0.21       201\n           5       0.09      0.02      0.03       150\n           6       0.10      0.15      0.12       178\n           7       0.11      0.10      0.11       171\n           8       0.00      0.00      0.00       171\n           9       0.21      0.37      0.27       173\n\n    accuracy                           0.17      1737\n   macro avg       0.14      0.16      0.14      1737\nweighted avg       0.14      0.17      0.14      1737\n", "confusion_matrix": {"_type": "histogram", "values": [16, 8, 10, 5, 5, 9, 1, 7, 3, 5, 1, 0, 8, 0, 3, 3, 2, 2, 1, 2, 4, 1, 0, 1, 0, 0, 1, 0, 0, 1, 0, 1], "bins": [0.0, 2.15625, 4.3125, 6.46875, 8.625, 10.78125, 12.9375, 15.09375, 17.25, 19.40625, 21.5625, 23.71875, 25.875, 28.03125, 30.1875, 32.34375, 34.5, 36.65625, 38.8125, 40.96875, 43.125, 45.28125, 47.4375, 49.59375, 51.75, 53.90625, 56.0625, 58.21875, 60.375, 62.53125, 64.6875, 66.84375, 69.0]}, "_timestamp": 1682596656.662805, "_runtime": 1.7151310443878174, "_step": 0, "_wandb": {"runtime": 0}}