{"accuracy": 0.1888313183649971, "classification_report": "              precision    recall  f1-score   support\n\n           0       0.47      0.31      0.37       180\n           1       0.12      0.13      0.13       142\n           2       0.19      0.18      0.18       181\n           3       0.14      0.12      0.13       190\n           4       0.17      0.24      0.20       201\n           5       0.15      0.05      0.08       150\n           6       0.12      0.21      0.16       178\n           7       0.18      0.19      0.19       171\n           8       0.18      0.17      0.17       171\n           9       0.29      0.25      0.27       173\n\n    accuracy                           0.19      1737\n   macro avg       0.20      0.19      0.19      1737\nweighted avg       0.20      0.19      0.19      1737\n", "confusion_matrix": {"_type": "histogram", "values": [2, 9, 9, 4, 12, 6, 0, 5, 2, 3, 9, 7, 1, 4, 4, 4, 2, 5, 5, 1, 0, 2, 0, 0, 2, 0, 0, 0, 1, 0, 0, 1], "bins": [1.0, 2.6875, 4.375, 6.0625, 7.75, 9.4375, 11.125, 12.8125, 14.5, 16.1875, 17.875, 19.5625, 21.25, 22.9375, 24.625, 26.3125, 28.0, 29.6875, 31.375, 33.0625, 34.75, 36.4375, 38.125, 39.8125, 41.5, 43.1875, 44.875, 46.5625, 48.25, 49.9375, 51.625, 53.3125, 55.0]}, "_timestamp": 1682687263.0989802, "_runtime": 41.37353825569153, "_step": 0, "_wandb": {"runtime": 39}}