{"accuracy": 0.1848013816925734, "classification_report": "              precision    recall  f1-score   support\n\n           0       0.18      0.90      0.30       180\n           1       0.20      0.01      0.01       142\n           2       0.29      0.01      0.02       181\n           3       0.15      0.03      0.04       190\n           4       0.15      0.13      0.14       201\n           5       0.00      0.00      0.00       150\n           6       0.00      0.00      0.00       178\n           7       0.00      0.00      0.00       171\n           8       0.23      0.14      0.18       171\n           9       0.19      0.58      0.29       173\n\n    accuracy                           0.18      1737\n   macro avg       0.14      0.18      0.10      1737\nweighted avg       0.14      0.18      0.10      1737\n", "confusion_matrix": {"_type": "histogram", "values": [63, 6, 3, 4, 3, 2, 1, 2, 1, 1, 1, 3, 0, 2, 2, 0, 0, 0, 0, 2, 1, 0, 1, 1, 0, 0, 0, 0, 0, 0, 0, 1], "bins": [0.0, 5.0625, 10.125, 15.1875, 20.25, 25.3125, 30.375, 35.4375, 40.5, 45.5625, 50.625, 55.6875, 60.75, 65.8125, 70.875, 75.9375, 81.0, 86.0625, 91.125, 96.1875, 101.25, 106.3125, 111.375, 116.4375, 121.5, 126.5625, 131.625, 136.6875, 141.75, 146.8125, 151.875, 156.9375, 162.0]}, "_timestamp": 1682682101.473793, "_runtime": 2.1160061359405518, "_step": 0, "_wandb": {"runtime": 0}}