{"accuracy": 0.19689119170984457, "classification_report": "              precision    recall  f1-score   support\n\n           0       0.32      0.48      0.39       180\n           1       0.20      0.30      0.24       142\n           2       0.16      0.13      0.14       181\n           3       0.15      0.12      0.13       190\n           4       0.15      0.09      0.11       201\n           5       0.10      0.05      0.06       150\n           6       0.15      0.15      0.15       178\n           7       0.09      0.05      0.07       171\n           8       0.17      0.18      0.17       171\n           9       0.24      0.45      0.32       173\n\n    accuracy                           0.20      1737\n   macro avg       0.17      0.20      0.18      1737\nweighted avg       0.17      0.20      0.18      1737\n", "confusion_matrix": {"_type": "histogram", "values": [4, 6, 15, 8, 20, 6, 6, 5, 10, 4, 5, 2, 1, 1, 0, 2, 2, 0, 0, 0, 1, 0, 0, 0, 0, 0, 0, 0, 0, 1, 0, 1], "bins": [0.0, 2.6875, 5.375, 8.0625, 10.75, 13.4375, 16.125, 18.8125, 21.5, 24.1875, 26.875, 29.5625, 32.25, 34.9375, 37.625, 40.3125, 43.0, 45.6875, 48.375, 51.0625, 53.75, 56.4375, 59.125, 61.8125, 64.5, 67.1875, 69.875, 72.5625, 75.25, 77.9375, 80.625, 83.3125, 86.0]}, "_timestamp": 1682604605.656023, "_runtime": 35.72527003288269, "_step": 0, "_wandb": {"runtime": 34}}