{"accuracy": 0.14335060449050085, "classification_report": "              precision    recall  f1-score   support\n\n           0       0.32      0.12      0.18       180\n           1       0.09      0.68      0.16       142\n           2       0.10      0.13      0.12       181\n           3       0.34      0.08      0.13       190\n           4       0.20      0.12      0.15       201\n           5       0.23      0.05      0.08       150\n           6       0.24      0.08      0.12       178\n           7       0.26      0.10      0.14       171\n           8       0.48      0.09      0.16       171\n           9       0.42      0.08      0.13       173\n\n    accuracy                           0.14      1737\n   macro avg       0.27      0.15      0.14      1737\nweighted avg       0.27      0.14      0.14      1737\n", "confusion_matrix": {"_type": "histogram", "values": [33, 25, 12, 7, 5, 1, 4, 2, 1, 0, 0, 0, 0, 0, 0, 0, 0, 0, 0, 0, 0, 0, 0, 0, 4, 1, 0, 0, 0, 2, 1, 2], "bins": [0.0, 3.8125, 7.625, 11.4375, 15.25, 19.0625, 22.875, 26.6875, 30.5, 34.3125, 38.125, 41.9375, 45.75, 49.5625, 53.375, 57.1875, 61.0, 64.8125, 68.625, 72.4375, 76.25, 80.0625, 83.875, 87.6875, 91.5, 95.3125, 99.125, 102.9375, 106.75, 110.5625, 114.375, 118.1875, 122.0]}, "_timestamp": 1682653330.2056372, "_runtime": 9.57957410812378, "_step": 0, "_wandb": {"runtime": 8}}