{"accuracy": 0.16983304548071387, "classification_report": "              precision    recall  f1-score   support\n\n           0       0.33      0.35      0.34       180\n           1       0.15      0.15      0.15       142\n           2       0.11      0.08      0.09       181\n           3       0.14      0.21      0.16       190\n           4       0.13      0.12      0.12       201\n           5       0.09      0.06      0.07       150\n           6       0.14      0.22      0.17       178\n           7       0.16      0.11      0.13       171\n           8       0.15      0.13      0.14       171\n           9       0.28      0.25      0.26       173\n\n    accuracy                           0.17      1737\n   macro avg       0.17      0.17      0.17      1737\nweighted avg       0.17      0.17      0.17      1737\n", "confusion_matrix": {"_type": "histogram", "values": [2, 6, 6, 10, 8, 13, 5, 10, 4, 5, 1, 8, 7, 2, 3, 1, 3, 1, 0, 3, 0, 1, 0, 0, 0, 0, 0, 0, 0, 0, 0, 1], "bins": [2.0, 3.90625, 5.8125, 7.71875, 9.625, 11.53125, 13.4375, 15.34375, 17.25, 19.15625, 21.0625, 22.96875, 24.875, 26.78125, 28.6875, 30.59375, 32.5, 34.40625, 36.3125, 38.21875, 40.125, 42.03125, 43.9375, 45.84375, 47.75, 49.65625, 51.5625, 53.46875, 55.375, 57.28125, 59.1875, 61.09375, 63.0]}, "_timestamp": 1682603180.559218, "_runtime": 8.825029850006104, "_step": 0, "_wandb": {"runtime": 7}}