{"accuracy": 0.2158894645941278, "classification_report": "              precision    recall  f1-score   support\n\n           0       0.44      0.43      0.43       180\n           1       0.19      0.14      0.16       142\n           2       0.18      0.14      0.16       181\n           3       0.15      0.34      0.20       190\n           4       0.20      0.09      0.13       201\n           5       0.00      0.00      0.00       150\n           6       0.17      0.34      0.23       178\n           7       0.20      0.06      0.10       171\n           8       0.20      0.07      0.10       171\n           9       0.27      0.50      0.35       173\n\n    accuracy                           0.22      1737\n   macro avg       0.20      0.21      0.19      1737\nweighted avg       0.20      0.22      0.19      1737\n", "confusion_matrix": {"_type": "histogram", "values": [20, 13, 13, 5, 9, 3, 5, 2, 2, 7, 2, 1, 2, 1, 0, 3, 0, 4, 1, 1, 1, 1, 1, 1, 0, 0, 0, 0, 1, 0, 0, 1], "bins": [0.0, 2.71875, 5.4375, 8.15625, 10.875, 13.59375, 16.3125, 19.03125, 21.75, 24.46875, 27.1875, 29.90625, 32.625, 35.34375, 38.0625, 40.78125, 43.5, 46.21875, 48.9375, 51.65625, 54.375, 57.09375, 59.8125, 62.53125, 65.25, 67.96875, 70.6875, 73.40625, 76.125, 78.84375, 81.5625, 84.28125, 87.0]}, "_timestamp": 1682655121.227974, "_runtime": 25.084022045135498, "_step": 0, "_wandb": {"runtime": 23}}