{"accuracy": 0.17962003454231434, "classification_report": "              precision    recall  f1-score   support\n\n           0       0.29      0.40      0.33       180\n           1       0.15      0.23      0.18       142\n           2       0.21      0.18      0.19       181\n           3       0.15      0.18      0.16       190\n           4       0.19      0.10      0.13       201\n           5       0.09      0.04      0.06       150\n           6       0.14      0.12      0.13       178\n           7       0.15      0.12      0.13       171\n           8       0.12      0.09      0.11       171\n           9       0.20      0.32      0.25       173\n\n    accuracy                           0.18      1737\n   macro avg       0.17      0.18      0.17      1737\nweighted avg       0.17      0.18      0.17      1737\n", "confusion_matrix": {"_type": "histogram", "values": [8, 6, 7, 13, 5, 13, 5, 5, 8, 9, 4, 3, 3, 3, 2, 1, 1, 0, 0, 1, 0, 1, 0, 0, 1, 0, 0, 0, 0, 0, 0, 1], "bins": [2.0, 4.1875, 6.375, 8.5625, 10.75, 12.9375, 15.125, 17.3125, 19.5, 21.6875, 23.875, 26.0625, 28.25, 30.4375, 32.625, 34.8125, 37.0, 39.1875, 41.375, 43.5625, 45.75, 47.9375, 50.125, 52.3125, 54.5, 56.6875, 58.875, 61.0625, 63.25, 65.4375, 67.625, 69.8125, 72.0]}, "_timestamp": 1682655068.146056, "_runtime": 20.31123995780945, "_step": 0, "_wandb": {"runtime": 18}}