{"accuracy": 0.21473805411629246, "classification_report": "              precision    recall  f1-score   support\n\n           0       0.31      0.48      0.37       180\n           1       0.20      0.39      0.26       142\n           2       0.13      0.20      0.16       181\n           3       0.17      0.17      0.17       190\n           4       0.19      0.14      0.16       201\n           5       0.14      0.13      0.13       150\n           6       0.25      0.18      0.21       178\n           7       0.19      0.11      0.13       171\n           8       0.26      0.12      0.17       171\n           9       0.40      0.25      0.31       173\n\n    accuracy                           0.21      1737\n   macro avg       0.22      0.22      0.21      1737\nweighted avg       0.22      0.21      0.21      1737\n", "confusion_matrix": {"_type": "histogram", "values": [7, 9, 6, 10, 11, 16, 9, 5, 4, 2, 6, 4, 1, 1, 4, 1, 1, 1, 0, 0, 1, 0, 0, 0, 0, 0, 0, 0, 0, 0, 0, 1], "bins": [0.0, 2.6875, 5.375, 8.0625, 10.75, 13.4375, 16.125, 18.8125, 21.5, 24.1875, 26.875, 29.5625, 32.25, 34.9375, 37.625, 40.3125, 43.0, 45.6875, 48.375, 51.0625, 53.75, 56.4375, 59.125, 61.8125, 64.5, 67.1875, 69.875, 72.5625, 75.25, 77.9375, 80.625, 83.3125, 86.0]}, "_timestamp": 1682592175.924429, "_runtime": 6.86949896812439, "_step": 0, "_wandb": {"runtime": 5}}