{"accuracy": 0.16810592976396085, "classification_report": "              precision    recall  f1-score   support\n\n           0       0.30      0.32      0.31       180\n           1       0.20      0.23      0.21       142\n           2       0.12      0.17      0.14       181\n           3       0.08      0.07      0.08       190\n           4       0.13      0.11      0.12       201\n           5       0.14      0.10      0.12       150\n           6       0.13      0.16      0.14       178\n           7       0.09      0.05      0.07       171\n           8       0.18      0.23      0.20       171\n           9       0.29      0.26      0.28       173\n\n    accuracy                           0.17      1737\n   macro avg       0.17      0.17      0.17      1737\nweighted avg       0.17      0.17      0.16      1737\n", "confusion_matrix": {"_type": "histogram", "values": [7, 4, 7, 7, 9, 9, 3, 7, 8, 2, 7, 5, 3, 3, 4, 4, 1, 3, 2, 1, 1, 1, 0, 0, 1, 0, 0, 0, 0, 0, 0, 1], "bins": [3.0, 4.6875, 6.375, 8.0625, 9.75, 11.4375, 13.125, 14.8125, 16.5, 18.1875, 19.875, 21.5625, 23.25, 24.9375, 26.625, 28.3125, 30.0, 31.6875, 33.375, 35.0625, 36.75, 38.4375, 40.125, 41.8125, 43.5, 45.1875, 46.875, 48.5625, 50.25, 51.9375, 53.625, 55.3125, 57.0]}, "_timestamp": 1682596248.559365, "_runtime": 1.9125239849090576, "_step": 0, "_wandb": {"runtime": 0}}