{"accuracy": 0.16407599309153714, "classification_report": "              precision    recall  f1-score   support\n\n           0       0.31      0.15      0.20       180\n           1       0.27      0.08      0.13       142\n           2       0.25      0.08      0.12       181\n           3       0.27      0.07      0.12       190\n           4       0.12      0.81      0.22       201\n           5       0.29      0.07      0.11       150\n           6       0.26      0.05      0.08       178\n           7       0.25      0.08      0.12       171\n           8       0.43      0.05      0.09       171\n           9       0.35      0.08      0.12       173\n\n    accuracy                           0.16      1737\n   macro avg       0.28      0.15      0.13      1737\nweighted avg       0.28      0.16      0.13      1737\n", "confusion_matrix": {"_type": "histogram", "values": [62, 19, 8, 0, 0, 1, 0, 0, 0, 0, 0, 0, 0, 0, 0, 0, 0, 0, 0, 0, 1, 0, 1, 1, 0, 2, 2, 1, 1, 0, 0, 1], "bins": [0.0, 5.09375, 10.1875, 15.28125, 20.375, 25.46875, 30.5625, 35.65625, 40.75, 45.84375, 50.9375, 56.03125, 61.125, 66.21875, 71.3125, 76.40625, 81.5, 86.59375, 91.6875, 96.78125, 101.875, 106.96875, 112.0625, 117.15625, 122.25, 127.34375, 132.4375, 137.53125, 142.625, 147.71875, 152.8125, 157.90625, 163.0]}, "_timestamp": 1682653262.463392, "_runtime": 10.233570098876953, "_step": 0, "_wandb": {"runtime": 8}}