{"accuracy": 0.15486470926885434, "classification_report": "              precision    recall  f1-score   support\n\n           0       0.35      0.09      0.14       180\n           1       0.14      0.31      0.19       142\n           2       0.15      0.07      0.10       181\n           3       0.15      0.38      0.22       190\n           4       0.13      0.11      0.12       201\n           5       0.11      0.21      0.15       150\n           6       0.27      0.06      0.10       178\n           7       0.00      0.00      0.00       171\n           8       0.17      0.13      0.15       171\n           9       0.21      0.21      0.21       173\n\n    accuracy                           0.15      1737\n   macro avg       0.17      0.16      0.14      1737\nweighted avg       0.17      0.15      0.14      1737\n", "confusion_matrix": {"_type": "histogram", "values": [19, 10, 6, 8, 3, 5, 1, 9, 5, 6, 5, 0, 2, 2, 3, 2, 2, 1, 3, 1, 1, 2, 0, 1, 0, 0, 0, 1, 1, 0, 0, 1], "bins": [0.0, 2.28125, 4.5625, 6.84375, 9.125, 11.40625, 13.6875, 15.96875, 18.25, 20.53125, 22.8125, 25.09375, 27.375, 29.65625, 31.9375, 34.21875, 36.5, 38.78125, 41.0625, 43.34375, 45.625, 47.90625, 50.1875, 52.46875, 54.75, 57.03125, 59.3125, 61.59375, 63.875, 66.15625, 68.4375, 70.71875, 73.0]}, "_timestamp": 1682689628.171377, "_runtime": 17.029258012771606, "_step": 0, "_wandb": {"runtime": 15}}