{"accuracy": 0.16062176165803108, "classification_report": "              precision    recall  f1-score   support\n\n           0       0.23      0.23      0.23       180\n           1       0.17      0.21      0.19       142\n           2       0.14      0.14      0.14       181\n           3       0.12      0.12      0.12       190\n           4       0.16      0.15      0.16       201\n           5       0.12      0.11      0.12       150\n           6       0.12      0.12      0.12       178\n           7       0.16      0.14      0.15       171\n           8       0.14      0.12      0.13       171\n           9       0.23      0.27      0.25       173\n\n    accuracy                           0.16      1737\n   macro avg       0.16      0.16      0.16      1737\nweighted avg       0.16      0.16      0.16      1737\n", "confusion_matrix": {"_type": "histogram", "values": [2, 0, 6, 2, 8, 5, 6, 3, 8, 13, 7, 14, 5, 9, 1, 0, 3, 0, 3, 1, 1, 0, 0, 0, 0, 0, 0, 1, 0, 1, 0, 1], "bins": [3.0, 4.4375, 5.875, 7.3125, 8.75, 10.1875, 11.625, 13.0625, 14.5, 15.9375, 17.375, 18.8125, 20.25, 21.6875, 23.125, 24.5625, 26.0, 27.4375, 28.875, 30.3125, 31.75, 33.1875, 34.625, 36.0625, 37.5, 38.9375, 40.375, 41.8125, 43.25, 44.6875, 46.125, 47.5625, 49.0]}, "_timestamp": 1682603412.333455, "_runtime": 9.902481079101562, "_step": 0, "_wandb": {"runtime": 8}}