{"accuracy": 0.1560161197466897, "classification_report": "              precision    recall  f1-score   support\n\n           0       0.29      0.27      0.28       180\n           1       0.14      0.15      0.15       142\n           2       0.13      0.13      0.13       181\n           3       0.14      0.13      0.13       190\n           4       0.14      0.13      0.14       201\n           5       0.09      0.09      0.09       150\n           6       0.15      0.16      0.15       178\n           7       0.10      0.11      0.10       171\n           8       0.14      0.13      0.13       171\n           9       0.24      0.26      0.25       173\n\n    accuracy                           0.16      1737\n   macro avg       0.15      0.16      0.15      1737\nweighted avg       0.16      0.16      0.16      1737\n", "confusion_matrix": {"_type": "histogram", "values": [1, 1, 5, 2, 9, 5, 5, 9, 6, 10, 7, 7, 1, 15, 7, 2, 4, 1, 0, 0, 1, 0, 0, 0, 0, 0, 0, 0, 0, 1, 0, 1], "bins": [3.0, 4.4375, 5.875, 7.3125, 8.75, 10.1875, 11.625, 13.0625, 14.5, 15.9375, 17.375, 18.8125, 20.25, 21.6875, 23.125, 24.5625, 26.0, 27.4375, 28.875, 30.3125, 31.75, 33.1875, 34.625, 36.0625, 37.5, 38.9375, 40.375, 41.8125, 43.25, 44.6875, 46.125, 47.5625, 49.0]}, "_timestamp": 1682603532.105081, "_runtime": 1.9517450332641602, "_step": 0, "_wandb": {"runtime": 0}}