{"accuracy": 0.23719055843408174, "classification_report": "              precision    recall  f1-score   support\n\n           0       0.39      0.48      0.43       180\n           1       0.17      0.20      0.18       142\n           2       0.25      0.24      0.25       181\n           3       0.19      0.19      0.19       190\n           4       0.20      0.16      0.18       201\n           5       0.10      0.07      0.08       150\n           6       0.19      0.20      0.19       178\n           7       0.19      0.18      0.19       171\n           8       0.28      0.19      0.22       171\n           9       0.32      0.45      0.37       173\n\n    accuracy                           0.24      1737\n   macro avg       0.23      0.23      0.23      1737\nweighted avg       0.23      0.24      0.23      1737\n", "confusion_matrix": {"_type": "histogram", "values": [3, 12, 10, 14, 10, 9, 10, 9, 2, 5, 3, 2, 4, 2, 0, 2, 1, 0, 0, 0, 0, 0, 0, 0, 0, 0, 0, 0, 1, 0, 0, 1], "bins": [1.0, 3.65625, 6.3125, 8.96875, 11.625, 14.28125, 16.9375, 19.59375, 22.25, 24.90625, 27.5625, 30.21875, 32.875, 35.53125, 38.1875, 40.84375, 43.5, 46.15625, 48.8125, 51.46875, 54.125, 56.78125, 59.4375, 62.09375, 64.75, 67.40625, 70.0625, 72.71875, 75.375, 78.03125, 80.6875, 83.34375, 86.0]}, "_timestamp": 1682693916.0011468, "_runtime": 36.19844388961792, "_step": 0, "_wandb": {"runtime": 34}}