{"accuracy": 0.16177317213586645, "classification_report": "              precision    recall  f1-score   support\n\n           0       0.25      0.27      0.26       180\n           1       0.13      0.17      0.15       142\n           2       0.14      0.15      0.14       181\n           3       0.13      0.14      0.13       190\n           4       0.16      0.15      0.16       201\n           5       0.11      0.13      0.12       150\n           6       0.14      0.12      0.13       178\n           7       0.17      0.12      0.14       171\n           8       0.16      0.13      0.15       171\n           9       0.23      0.23      0.23       173\n\n    accuracy                           0.16      1737\n   macro avg       0.16      0.16      0.16      1737\nweighted avg       0.16      0.16      0.16      1737\n", "confusion_matrix": {"_type": "histogram", "values": [1, 0, 4, 2, 5, 6, 6, 5, 5, 13, 7, 16, 6, 5, 4, 2, 3, 4, 2, 0, 1, 0, 0, 0, 0, 1, 0, 0, 0, 0, 0, 2], "bins": [2.0, 3.4375, 4.875, 6.3125, 7.75, 9.1875, 10.625, 12.0625, 13.5, 14.9375, 16.375, 17.8125, 19.25, 20.6875, 22.125, 23.5625, 25.0, 26.4375, 27.875, 29.3125, 30.75, 32.1875, 33.625, 35.0625, 36.5, 37.9375, 39.375, 40.8125, 42.25, 43.6875, 45.125, 46.5625, 48.0]}, "_timestamp": 1682603311.747278, "_runtime": 10.338198900222778, "_step": 0, "_wandb": {"runtime": 8}}