{"accuracy": 0.09383995394358088, "classification_report": "              precision    recall  f1-score   support\n\n           0       0.02      0.04      0.03       180\n           1       0.10      0.83      0.17       142\n           2       0.00      0.00      0.00       181\n           3       0.00      0.00      0.00       190\n           4       0.00      0.00      0.00       201\n           5       0.00      0.00      0.00       150\n           6       0.00      0.00      0.00       178\n           7       0.00      0.00      0.00       171\n           8       0.00      0.00      0.00       171\n           9       0.19      0.21      0.20       173\n\n    accuracy                           0.09      1737\n   macro avg       0.03      0.11      0.04      1737\nweighted avg       0.03      0.09      0.04      1737\n", "confusion_matrix": {"_type": "histogram", "values": [71, 3, 2, 1, 6, 0, 3, 2, 0, 1, 0, 1, 0, 1, 0, 1, 0, 0, 0, 2, 0, 0, 2, 0, 0, 0, 1, 2, 0, 0, 0, 1], "bins": [0.0, 5.34375, 10.6875, 16.03125, 21.375, 26.71875, 32.0625, 37.40625, 42.75, 48.09375, 53.4375, 58.78125, 64.125, 69.46875, 74.8125, 80.15625, 85.5, 90.84375, 96.1875, 101.53125, 106.875, 112.21875, 117.5625, 122.90625, 128.25, 133.59375, 138.9375, 144.28125, 149.625, 154.96875, 160.3125, 165.65625, 171.0]}, "_timestamp": 1682654874.1273391, "_runtime": 8.130665063858032, "_step": 0, "_wandb": {"runtime": 6}}