{"accuracy": 0.18307426597582038, "classification_report": "              precision    recall  f1-score   support\n\n           0       0.24      0.53      0.33       180\n           1       0.16      0.11      0.13       142\n           2       0.22      0.04      0.07       181\n           3       0.17      0.14      0.15       190\n           4       0.15      0.15      0.15       201\n           5       0.20      0.07      0.10       150\n           6       0.11      0.15      0.13       178\n           7       0.13      0.08      0.10       171\n           8       0.16      0.25      0.20       171\n           9       0.26      0.28      0.27       173\n\n    accuracy                           0.18      1737\n   macro avg       0.18      0.18      0.16      1737\nweighted avg       0.18      0.18      0.16      1737\n", "confusion_matrix": {"_type": "histogram", "values": [14, 15, 8, 8, 7, 10, 4, 10, 5, 4, 2, 5, 2, 0, 2, 1, 1, 0, 1, 0, 0, 0, 0, 0, 0, 0, 0, 0, 0, 0, 0, 1], "bins": [1.0, 3.96875, 6.9375, 9.90625, 12.875, 15.84375, 18.8125, 21.78125, 24.75, 27.71875, 30.6875, 33.65625, 36.625, 39.59375, 42.5625, 45.53125, 48.5, 51.46875, 54.4375, 57.40625, 60.375, 63.34375, 66.3125, 69.28125, 72.25, 75.21875, 78.1875, 81.15625, 84.125, 87.09375, 90.0625, 93.03125, 96.0]}, "_timestamp": 1682681797.0941188, "_runtime": 2.3065989017486572, "_step": 0, "_wandb": {"runtime": 0}}