{"accuracy": 0.0955670696603339, "classification_report": "              precision    recall  f1-score   support\n\n           0       0.06      0.08      0.07       180\n           1       0.12      0.32      0.17       142\n           2       0.17      0.12      0.14       181\n           3       0.08      0.12      0.09       190\n           4       0.09      0.09      0.09       201\n           5       0.09      0.21      0.12       150\n           6       0.09      0.08      0.08       178\n           7       0.00      0.00      0.00       171\n           8       0.00      0.00      0.00       171\n           9       0.00      0.00      0.00       173\n\n    accuracy                           0.10      1737\n   macro avg       0.07      0.10      0.08      1737\nweighted avg       0.07      0.10      0.08      1737\n", "confusion_matrix": {"_type": "histogram", "values": [30, 3, 6, 6, 4, 7, 5, 5, 2, 5, 3, 5, 5, 5, 0, 0, 3, 0, 2, 1, 1, 0, 0, 0, 0, 0, 0, 0, 1, 0, 0, 1], "bins": [0.0, 2.71875, 5.4375, 8.15625, 10.875, 13.59375, 16.3125, 19.03125, 21.75, 24.46875, 27.1875, 29.90625, 32.625, 35.34375, 38.0625, 40.78125, 43.5, 46.21875, 48.9375, 51.65625, 54.375, 57.09375, 59.8125, 62.53125, 65.25, 67.96875, 70.6875, 73.40625, 76.125, 78.84375, 81.5625, 84.28125, 87.0]}, "_timestamp": 1682773836.583612, "_runtime": 3.4424939155578613, "_step": 0, "_wandb": {"runtime": 1}}