{"accuracy": 0.21531375935521013, "classification_report": "              precision    recall  f1-score   support\n\n           0       0.38      0.46      0.41       180\n           1       0.19      0.25      0.22       142\n           2       0.17      0.12      0.14       181\n           3       0.13      0.13      0.13       190\n           4       0.16      0.13      0.14       201\n           5       0.17      0.03      0.05       150\n           6       0.19      0.28      0.22       178\n           7       0.18      0.12      0.14       171\n           8       0.19      0.15      0.17       171\n           9       0.27      0.49      0.35       173\n\n    accuracy                           0.22      1737\n   macro avg       0.20      0.21      0.20      1737\nweighted avg       0.20      0.22      0.20      1737\n", "confusion_matrix": {"_type": "histogram", "values": [9, 12, 4, 14, 8, 6, 8, 11, 3, 5, 5, 2, 3, 3, 2, 0, 0, 1, 1, 0, 1, 0, 0, 0, 0, 0, 0, 0, 0, 0, 1, 1], "bins": [0.0, 2.65625, 5.3125, 7.96875, 10.625, 13.28125, 15.9375, 18.59375, 21.25, 23.90625, 26.5625, 29.21875, 31.875, 34.53125, 37.1875, 39.84375, 42.5, 45.15625, 47.8125, 50.46875, 53.125, 55.78125, 58.4375, 61.09375, 63.75, 66.40625, 69.0625, 71.71875, 74.375, 77.03125, 79.6875, 82.34375, 85.0]}, "_timestamp": 1682652209.0289228, "_runtime": 18.84201669692993, "_step": 0, "_wandb": {"runtime": 17}}