{"accuracy": 0.2377662636729994, "classification_report": "              precision    recall  f1-score   support\n\n           0       0.46      0.42      0.44       180\n           1       0.26      0.33      0.29       142\n           2       0.22      0.22      0.22       181\n           3       0.19      0.16      0.18       190\n           4       0.21      0.17      0.19       201\n           5       0.13      0.09      0.11       150\n           6       0.23      0.23      0.23       178\n           7       0.17      0.19      0.18       171\n           8       0.19      0.20      0.20       171\n           9       0.29      0.36      0.32       173\n\n    accuracy                           0.24      1737\n   macro avg       0.23      0.24      0.23      1737\nweighted avg       0.24      0.24      0.23      1737\n", "confusion_matrix": {"_type": "histogram", "values": [3, 6, 11, 9, 9, 10, 8, 4, 14, 4, 6, 2, 0, 5, 4, 0, 1, 1, 0, 1, 0, 0, 0, 0, 0, 0, 1, 0, 0, 0, 0, 1], "bins": [0.0, 2.375, 4.75, 7.125, 9.5, 11.875, 14.25, 16.625, 19.0, 21.375, 23.75, 26.125, 28.5, 30.875, 33.25, 35.625, 38.0, 40.375, 42.75, 45.125, 47.5, 49.875, 52.25, 54.625, 57.0, 59.375, 61.75, 64.125, 66.5, 68.875, 71.25, 73.625, 76.0]}, "_timestamp": 1682592404.084117, "_runtime": 7.2491350173950195, "_step": 0, "_wandb": {"runtime": 5}}