{"accuracy": 0.1496833621185953, "classification_report": "              precision    recall  f1-score   support\n\n           0       0.26      0.25      0.25       180\n           1       0.14      0.18      0.16       142\n           2       0.12      0.13      0.12       181\n           3       0.10      0.12      0.11       190\n           4       0.14      0.12      0.13       201\n           5       0.12      0.13      0.12       150\n           6       0.13      0.16      0.15       178\n           7       0.14      0.11      0.12       171\n           8       0.16      0.15      0.16       171\n           9       0.22      0.15      0.18       173\n\n    accuracy                           0.15      1737\n   macro avg       0.15      0.15      0.15      1737\nweighted avg       0.15      0.15      0.15      1737\n", "confusion_matrix": {"_type": "histogram", "values": [1, 3, 2, 8, 3, 5, 9, 4, 2, 10, 6, 4, 6, 5, 2, 7, 10, 4, 1, 5, 1, 0, 0, 0, 1, 0, 0, 0, 0, 0, 0, 1], "bins": [3.0, 4.3125, 5.625, 6.9375, 8.25, 9.5625, 10.875, 12.1875, 13.5, 14.8125, 16.125, 17.4375, 18.75, 20.0625, 21.375, 22.6875, 24.0, 25.3125, 26.625, 27.9375, 29.25, 30.5625, 31.875, 33.1875, 34.5, 35.8125, 37.125, 38.4375, 39.75, 41.0625, 42.375, 43.6875, 45.0]}, "_timestamp": 1682603538.208641, "_runtime": 2.0546810626983643, "_step": 0, "_wandb": {"runtime": 0}}