{"accuracy": 0.1047783534830167, "classification_report": "              precision    recall  f1-score   support\n\n           0       0.28      0.34      0.31       180\n           1       0.08      0.83      0.14       142\n           2       0.00      0.00      0.00       181\n           3       0.00      0.00      0.00       190\n           4       0.09      0.01      0.02       201\n           5       0.00      0.00      0.00       150\n           6       0.00      0.00      0.00       178\n           7       0.00      0.00      0.00       171\n           8       0.00      0.00      0.00       171\n           9       0.00      0.00      0.00       173\n\n    accuracy                           0.10      1737\n   macro avg       0.05      0.12      0.05      1737\nweighted avg       0.05      0.10      0.05      1737\n", "confusion_matrix": {"_type": "histogram", "values": [79, 3, 3, 2, 2, 0, 0, 0, 0, 0, 1, 0, 0, 0, 0, 0, 0, 0, 0, 0, 2, 0, 0, 1, 0, 0, 2, 3, 0, 1, 0, 1], "bins": [0.0, 5.6875, 11.375, 17.0625, 22.75, 28.4375, 34.125, 39.8125, 45.5, 51.1875, 56.875, 62.5625, 68.25, 73.9375, 79.625, 85.3125, 91.0, 96.6875, 102.375, 108.0625, 113.75, 119.4375, 125.125, 130.8125, 136.5, 142.1875, 147.875, 153.5625, 159.25, 164.9375, 170.625, 176.3125, 182.0]}, "_timestamp": 1682690083.317121, "_runtime": 5.297872066497803, "_step": 0, "_wandb": {"runtime": 3}}