{"accuracy": 0.055843408175014396, "classification_report": "              precision    recall  f1-score   support\n\n           0       0.02      0.06      0.03       180\n           1       0.03      0.01      0.01       142\n           2       0.08      0.08      0.08       181\n           3       0.08      0.01      0.02       190\n           4       0.00      0.00      0.00       201\n           5       0.07      0.40      0.12       150\n           6       0.00      0.00      0.00       178\n           7       0.00      0.00      0.00       171\n           8       0.00      0.00      0.00       171\n           9       0.08      0.05      0.06       173\n\n    accuracy                           0.06      1737\n   macro avg       0.04      0.06      0.03      1737\nweighted avg       0.04      0.06      0.03      1737\n", "confusion_matrix": {"_type": "histogram", "values": [55, 11, 5, 9, 1, 1, 0, 2, 1, 0, 0, 2, 3, 0, 1, 2, 0, 0, 2, 0, 0, 2, 1, 1, 0, 0, 0, 0, 0, 0, 0, 1], "bins": [0.0, 4.78125, 9.5625, 14.34375, 19.125, 23.90625, 28.6875, 33.46875, 38.25, 43.03125, 47.8125, 52.59375, 57.375, 62.15625, 66.9375, 71.71875, 76.5, 81.28125, 86.0625, 90.84375, 95.625, 100.40625, 105.1875, 109.96875, 114.75, 119.53125, 124.3125, 129.09375, 133.875, 138.65625, 143.4375, 148.21875, 153.0]}, "_timestamp": 1682604977.279448, "_runtime": 51.46376705169678, "_step": 0, "_wandb": {"runtime": 49}}