{"accuracy": 0.16983304548071387, "classification_report": "              precision    recall  f1-score   support\n\n           0       0.32      0.32      0.32       180\n           1       0.14      0.17      0.15       142\n           2       0.15      0.12      0.13       181\n           3       0.14      0.17      0.15       190\n           4       0.17      0.14      0.15       201\n           5       0.13      0.15      0.14       150\n           6       0.09      0.11      0.10       178\n           7       0.19      0.13      0.15       171\n           8       0.14      0.14      0.14       171\n           9       0.25      0.25      0.25       173\n\n    accuracy                           0.17      1737\n   macro avg       0.17      0.17      0.17      1737\nweighted avg       0.17      0.17      0.17      1737\n", "confusion_matrix": {"_type": "histogram", "values": [3, 5, 7, 4, 1, 10, 12, 6, 8, 6, 5, 7, 7, 4, 2, 6, 2, 1, 0, 1, 0, 1, 0, 1, 0, 0, 0, 0, 0, 0, 0, 1], "bins": [2.0, 3.71875, 5.4375, 7.15625, 8.875, 10.59375, 12.3125, 14.03125, 15.75, 17.46875, 19.1875, 20.90625, 22.625, 24.34375, 26.0625, 27.78125, 29.5, 31.21875, 32.9375, 34.65625, 36.375, 38.09375, 39.8125, 41.53125, 43.25, 44.96875, 46.6875, 48.40625, 50.125, 51.84375, 53.5625, 55.28125, 57.0]}, "_timestamp": 1682595989.107511, "_runtime": 5.940585136413574, "_step": 0, "_wandb": {"runtime": 2}}