{"accuracy": 0.18307426597582038, "classification_report": "              precision    recall  f1-score   support\n\n           0       0.29      0.56      0.38       180\n           1       0.12      0.19      0.14       142\n           2       0.17      0.01      0.01       181\n           3       0.12      0.34      0.18       190\n           4       0.17      0.01      0.02       201\n           5       0.00      0.00      0.00       150\n           6       0.15      0.05      0.08       178\n           7       0.28      0.11      0.16       171\n           8       0.27      0.06      0.10       171\n           9       0.20      0.49      0.28       173\n\n    accuracy                           0.18      1737\n   macro avg       0.18      0.18      0.13      1737\nweighted avg       0.18      0.18      0.13      1737\n", "confusion_matrix": {"_type": "histogram", "values": [42, 9, 6, 7, 2, 0, 6, 1, 5, 2, 0, 0, 2, 4, 0, 1, 0, 3, 2, 2, 3, 1, 0, 0, 0, 0, 1, 0, 0, 0, 0, 1], "bins": [0.0, 3.15625, 6.3125, 9.46875, 12.625, 15.78125, 18.9375, 22.09375, 25.25, 28.40625, 31.5625, 34.71875, 37.875, 41.03125, 44.1875, 47.34375, 50.5, 53.65625, 56.8125, 59.96875, 63.125, 66.28125, 69.4375, 72.59375, 75.75, 78.90625, 82.0625, 85.21875, 88.375, 91.53125, 94.6875, 97.84375, 101.0]}, "_timestamp": 1682596150.694829, "_runtime": 2.189897060394287, "_step": 0, "_wandb": {"runtime": 0}}