{"accuracy": 0.19746689694876224, "classification_report": "              precision    recall  f1-score   support\n\n           0       0.33      0.38      0.36       180\n           1       0.14      0.04      0.06       142\n           2       0.17      0.06      0.09       181\n           3       0.14      0.46      0.22       190\n           4       0.08      0.01      0.03       201\n           5       0.00      0.00      0.00       150\n           6       0.17      0.36      0.23       178\n           7       0.11      0.01      0.01       171\n           8       0.10      0.01      0.01       171\n           9       0.26      0.59      0.36       173\n\n    accuracy                           0.20      1737\n   macro avg       0.15      0.19      0.14      1737\nweighted avg       0.15      0.20      0.14      1737\n", "confusion_matrix": {"_type": "histogram", "values": [45, 10, 8, 5, 2, 1, 1, 2, 1, 2, 1, 4, 2, 1, 0, 0, 2, 2, 2, 1, 2, 1, 0, 1, 2, 0, 0, 1, 0, 0, 0, 1], "bins": [0.0, 3.1875, 6.375, 9.5625, 12.75, 15.9375, 19.125, 22.3125, 25.5, 28.6875, 31.875, 35.0625, 38.25, 41.4375, 44.625, 47.8125, 51.0, 54.1875, 57.375, 60.5625, 63.75, 66.9375, 70.125, 73.3125, 76.5, 79.6875, 82.875, 86.0625, 89.25, 92.4375, 95.625, 98.8125, 102.0]}, "_timestamp": 1682654820.9421482, "_runtime": 6.7856972217559814, "_step": 0, "_wandb": {"runtime": 6}}