{"accuracy": 0.1473805411629246, "classification_report": "              precision    recall  f1-score   support\n\n           0       0.32      0.19      0.24       180\n           1       0.09      0.69      0.16       142\n           2       0.12      0.07      0.08       181\n           3       0.21      0.07      0.10       190\n           4       0.25      0.11      0.16       201\n           5       0.24      0.04      0.07       150\n           6       0.23      0.11      0.15       178\n           7       0.18      0.08      0.11       171\n           8       0.22      0.07      0.11       171\n           9       0.43      0.15      0.22       173\n\n    accuracy                           0.15      1737\n   macro avg       0.23      0.16      0.14      1737\nweighted avg       0.23      0.15      0.14      1737\n", "confusion_matrix": {"_type": "histogram", "values": [28, 25, 23, 6, 4, 2, 1, 0, 1, 0, 0, 0, 0, 0, 0, 0, 0, 0, 0, 0, 0, 0, 0, 1, 3, 1, 0, 1, 0, 1, 0, 3], "bins": [0.0, 3.9375, 7.875, 11.8125, 15.75, 19.6875, 23.625, 27.5625, 31.5, 35.4375, 39.375, 43.3125, 47.25, 51.1875, 55.125, 59.0625, 63.0, 66.9375, 70.875, 74.8125, 78.75, 82.6875, 86.625, 90.5625, 94.5, 98.4375, 102.375, 106.3125, 110.25, 114.1875, 118.125, 122.0625, 126.0]}, "_timestamp": 1682653490.254067, "_runtime": 2.370260000228882, "_step": 0, "_wandb": {"runtime": 0}}