{"accuracy": 0.23028209556706966, "classification_report": "              precision    recall  f1-score   support\n\n           0       0.35      0.72      0.47       180\n           1       0.17      0.10      0.13       142\n           2       0.00      0.00      0.00       181\n           3       0.17      0.47      0.25       190\n           4       0.32      0.03      0.05       201\n           5       0.00      0.00      0.00       150\n           6       0.18      0.35      0.24       178\n           7       0.67      0.01      0.02       171\n           8       0.26      0.04      0.06       171\n           9       0.26      0.52      0.34       173\n\n    accuracy                           0.23      1737\n   macro avg       0.24      0.22      0.16      1737\nweighted avg       0.24      0.23      0.16      1737\n", "confusion_matrix": {"_type": "histogram", "values": [51, 8, 4, 4, 3, 3, 2, 4, 1, 1, 4, 2, 3, 1, 2, 2, 0, 0, 1, 1, 0, 0, 2, 0, 0, 0, 0, 0, 0, 0, 0, 1], "bins": [0.0, 4.03125, 8.0625, 12.09375, 16.125, 20.15625, 24.1875, 28.21875, 32.25, 36.28125, 40.3125, 44.34375, 48.375, 52.40625, 56.4375, 60.46875, 64.5, 68.53125, 72.5625, 76.59375, 80.625, 84.65625, 88.6875, 92.71875, 96.75, 100.78125, 104.8125, 108.84375, 112.875, 116.90625, 120.9375, 124.96875, 129.0]}, "_timestamp": 1682694370.8871732, "_runtime": 22.57919216156006, "_step": 0, "_wandb": {"runtime": 20}}