{"accuracy": 0.16810592976396085, "classification_report": "              precision    recall  f1-score   support\n\n           0       0.34      0.32      0.33       180\n           1       0.16      0.17      0.16       142\n           2       0.13      0.10      0.11       181\n           3       0.12      0.16      0.14       190\n           4       0.12      0.12      0.12       201\n           5       0.10      0.06      0.07       150\n           6       0.13      0.21      0.16       178\n           7       0.18      0.13      0.16       171\n           8       0.17      0.15      0.16       171\n           9       0.27      0.24      0.25       173\n\n    accuracy                           0.17      1737\n   macro avg       0.17      0.17      0.17      1737\nweighted avg       0.17      0.17      0.17      1737\n", "confusion_matrix": {"_type": "histogram", "values": [5, 3, 8, 4, 11, 10, 5, 3, 5, 7, 8, 4, 4, 5, 5, 2, 3, 1, 1, 1, 1, 1, 1, 1, 0, 0, 0, 0, 0, 0, 0, 1], "bins": [2.0, 3.75, 5.5, 7.25, 9.0, 10.75, 12.5, 14.25, 16.0, 17.75, 19.5, 21.25, 23.0, 24.75, 26.5, 28.25, 30.0, 31.75, 33.5, 35.25, 37.0, 38.75, 40.5, 42.25, 44.0, 45.75, 47.5, 49.25, 51.0, 52.75, 54.5, 56.25, 58.0]}, "_timestamp": 1682603240.5386162, "_runtime": 12.29364013671875, "_step": 0, "_wandb": {"runtime": 10}}