{"accuracy": 0.23661485319516407, "classification_report": "              precision    recall  f1-score   support\n\n           0       0.43      0.58      0.49       180\n           1       0.22      0.27      0.24       142\n           2       0.18      0.13      0.15       181\n           3       0.16      0.19      0.18       190\n           4       0.17      0.14      0.16       201\n           5       0.14      0.01      0.01       150\n           6       0.18      0.25      0.21       178\n           7       0.19      0.09      0.13       171\n           8       0.23      0.11      0.14       171\n           9       0.27      0.57      0.37       173\n\n    accuracy                           0.24      1737\n   macro avg       0.22      0.23      0.21      1737\nweighted avg       0.22      0.24      0.21      1737\n", "confusion_matrix": {"_type": "histogram", "values": [15, 14, 14, 11, 5, 7, 5, 4, 6, 3, 3, 5, 2, 2, 0, 1, 0, 1, 0, 0, 0, 0, 0, 0, 0, 0, 0, 0, 0, 0, 1, 1], "bins": [0.0, 3.25, 6.5, 9.75, 13.0, 16.25, 19.5, 22.75, 26.0, 29.25, 32.5, 35.75, 39.0, 42.25, 45.5, 48.75, 52.0, 55.25, 58.5, 61.75, 65.0, 68.25, 71.5, 74.75, 78.0, 81.25, 84.5, 87.75, 91.0, 94.25, 97.5, 100.75, 104.0]}, "_timestamp": 1682694270.51448, "_runtime": 20.827843189239502, "_step": 0, "_wandb": {"runtime": 19}}