{"accuracy": 0.11398963730569948, "classification_report": "              precision    recall  f1-score   support\n\n           0       0.15      0.22      0.18       180\n           1       0.08      0.76      0.15       142\n           2       0.23      0.06      0.10       181\n           3       0.80      0.02      0.04       190\n           4       0.42      0.02      0.05       201\n           5       0.00      0.00      0.00       150\n           6       0.16      0.06      0.09       178\n           7       0.20      0.05      0.08       171\n           8       0.30      0.02      0.03       171\n           9       0.73      0.05      0.09       173\n\n    accuracy                           0.11      1737\n   macro avg       0.31      0.13      0.08      1737\nweighted avg       0.32      0.11      0.08      1737\n", "confusion_matrix": {"_type": "histogram", "values": [61, 16, 3, 2, 3, 2, 2, 0, 1, 0, 0, 0, 0, 0, 0, 0, 0, 0, 0, 0, 0, 0, 2, 1, 0, 2, 2, 0, 1, 0, 1, 1], "bins": [0.0, 4.84375, 9.6875, 14.53125, 19.375, 24.21875, 29.0625, 33.90625, 38.75, 43.59375, 48.4375, 53.28125, 58.125, 62.96875, 67.8125, 72.65625, 77.5, 82.34375, 87.1875, 92.03125, 96.875, 101.71875, 106.5625, 111.40625, 116.25, 121.09375, 125.9375, 130.78125, 135.625, 140.46875, 145.3125, 150.15625, 155.0]}, "_timestamp": 1682653568.513587, "_runtime": 10.644110918045044, "_step": 0, "_wandb": {"runtime": 8}}