{"accuracy": 0.23431203223949337, "classification_report": "              precision    recall  f1-score   support\n\n           0       0.43      0.47      0.45       180\n           1       0.16      0.04      0.06       142\n           2       0.24      0.10      0.15       181\n           3       0.16      0.58      0.26       190\n           4       0.32      0.07      0.11       201\n           5       0.17      0.01      0.01       150\n           6       0.17      0.38      0.24       178\n           7       0.31      0.08      0.13       171\n           8       0.37      0.06      0.10       171\n           9       0.33      0.47      0.39       173\n\n    accuracy                           0.23      1737\n   macro avg       0.27      0.23      0.19      1737\nweighted avg       0.27      0.23      0.19      1737\n", "confusion_matrix": {"_type": "histogram", "values": [41, 12, 11, 2, 6, 3, 2, 0, 3, 2, 0, 0, 1, 4, 1, 1, 0, 1, 2, 3, 0, 0, 0, 1, 2, 1, 0, 0, 0, 0, 0, 1], "bins": [0.0, 3.4375, 6.875, 10.3125, 13.75, 17.1875, 20.625, 24.0625, 27.5, 30.9375, 34.375, 37.8125, 41.25, 44.6875, 48.125, 51.5625, 55.0, 58.4375, 61.875, 65.3125, 68.75, 72.1875, 75.625, 79.0625, 82.5, 85.9375, 89.375, 92.8125, 96.25, 99.6875, 103.125, 106.5625, 110.0]}, "_timestamp": 1682693590.806601, "_runtime": 40.38699007034302, "_step": 0, "_wandb": {"runtime": 38}}