{"accuracy": 0.2095567069660334, "classification_report": "              precision    recall  f1-score   support\n\n           0       0.40      0.46      0.42       180\n           1       0.17      0.20      0.18       142\n           2       0.16      0.14      0.15       181\n           3       0.15      0.20      0.17       190\n           4       0.19      0.15      0.17       201\n           5       0.17      0.03      0.06       150\n           6       0.15      0.24      0.18       178\n           7       0.20      0.16      0.18       171\n           8       0.16      0.12      0.14       171\n           9       0.30      0.38      0.34       173\n\n    accuracy                           0.21      1737\n   macro avg       0.20      0.21      0.20      1737\nweighted avg       0.21      0.21      0.20      1737\n", "confusion_matrix": {"_type": "histogram", "values": [7, 12, 6, 9, 8, 9, 7, 9, 8, 3, 5, 5, 2, 0, 4, 1, 2, 1, 0, 0, 0, 0, 0, 0, 0, 1, 0, 0, 0, 0, 0, 1], "bins": [0.0, 2.5625, 5.125, 7.6875, 10.25, 12.8125, 15.375, 17.9375, 20.5, 23.0625, 25.625, 28.1875, 30.75, 33.3125, 35.875, 38.4375, 41.0, 43.5625, 46.125, 48.6875, 51.25, 53.8125, 56.375, 58.9375, 61.5, 64.0625, 66.625, 69.1875, 71.75, 74.3125, 76.875, 79.4375, 82.0]}, "_timestamp": 1682655017.468678, "_runtime": 19.822647094726562, "_step": 0, "_wandb": {"runtime": 17}}