{"accuracy": 0.1715601611974669, "classification_report": "              precision    recall  f1-score   support\n\n           0       0.37      0.19      0.25       180\n           1       0.16      0.21      0.18       142\n           2       0.14      0.12      0.13       181\n           3       0.17      0.17      0.17       190\n           4       0.16      0.13      0.15       201\n           5       0.08      0.05      0.06       150\n           6       0.15      0.21      0.17       178\n           7       0.14      0.18      0.16       171\n           8       0.15      0.16      0.16       171\n           9       0.27      0.28      0.27       173\n\n    accuracy                           0.17      1737\n   macro avg       0.18      0.17      0.17      1737\nweighted avg       0.18      0.17      0.17      1737\n", "confusion_matrix": {"_type": "histogram", "values": [2, 1, 6, 2, 10, 4, 8, 3, 11, 4, 6, 2, 4, 6, 6, 1, 6, 1, 5, 1, 2, 2, 3, 0, 1, 0, 1, 0, 0, 0, 1, 1], "bins": [1.0, 2.5, 4.0, 5.5, 7.0, 8.5, 10.0, 11.5, 13.0, 14.5, 16.0, 17.5, 19.0, 20.5, 22.0, 23.5, 25.0, 26.5, 28.0, 29.5, 31.0, 32.5, 34.0, 35.5, 37.0, 38.5, 40.0, 41.5, 43.0, 44.5, 46.0, 47.5, 49.0]}, "_timestamp": 1682686826.161696, "_runtime": 17.280760049819946, "_step": 0, "_wandb": {"runtime": 15}}