{"accuracy": 0.1514104778353483, "classification_report": "              precision    recall  f1-score   support\n\n           0       0.24      0.26      0.25       180\n           1       0.15      0.18      0.16       142\n           2       0.16      0.17      0.16       181\n           3       0.17      0.19      0.18       190\n           4       0.15      0.15      0.15       201\n           5       0.08      0.07      0.07       150\n           6       0.09      0.11      0.10       178\n           7       0.14      0.12      0.13       171\n           8       0.16      0.13      0.15       171\n           9       0.14      0.14      0.14       173\n\n    accuracy                           0.15      1737\n   macro avg       0.15      0.15      0.15      1737\nweighted avg       0.15      0.15      0.15      1737\n", "confusion_matrix": {"_type": "histogram", "values": [2, 1, 4, 5, 5, 4, 8, 16, 9, 3, 12, 6, 3, 2, 6, 3, 1, 2, 1, 3, 1, 1, 0, 0, 1, 0, 0, 0, 0, 0, 0, 1], "bins": [5.0, 6.28125, 7.5625, 8.84375, 10.125, 11.40625, 12.6875, 13.96875, 15.25, 16.53125, 17.8125, 19.09375, 20.375, 21.65625, 22.9375, 24.21875, 25.5, 26.78125, 28.0625, 29.34375, 30.625, 31.90625, 33.1875, 34.46875, 35.75, 37.03125, 38.3125, 39.59375, 40.875, 42.15625, 43.4375, 44.71875, 46.0]}, "_timestamp": 1682596789.0298262, "_runtime": 1.989713191986084, "_step": 0, "_wandb": {"runtime": 0}}