{"accuracy": 0.16637881404720783, "classification_report": "              precision    recall  f1-score   support\n\n           0       0.38      0.22      0.28       180\n           1       0.14      0.17      0.15       142\n           2       0.16      0.15      0.15       181\n           3       0.15      0.15      0.15       190\n           4       0.12      0.10      0.11       201\n           5       0.12      0.07      0.09       150\n           6       0.13      0.16      0.14       178\n           7       0.14      0.17      0.15       171\n           8       0.15      0.18      0.16       171\n           9       0.26      0.29      0.27       173\n\n    accuracy                           0.17      1737\n   macro avg       0.17      0.17      0.17      1737\nweighted avg       0.17      0.17      0.17      1737\n", "confusion_matrix": {"_type": "histogram", "values": [3, 3, 7, 2, 12, 2, 11, 5, 2, 3, 6, 5, 6, 1, 8, 3, 4, 3, 5, 2, 2, 0, 1, 0, 1, 2, 0, 0, 0, 0, 0, 1], "bins": [2.0, 3.5, 5.0, 6.5, 8.0, 9.5, 11.0, 12.5, 14.0, 15.5, 17.0, 18.5, 20.0, 21.5, 23.0, 24.5, 26.0, 27.5, 29.0, 30.5, 32.0, 33.5, 35.0, 36.5, 38.0, 39.5, 41.0, 42.5, 44.0, 45.5, 47.0, 48.5, 50.0]}, "_timestamp": 1682686762.168184, "_runtime": 29.545727014541626, "_step": 0, "_wandb": {"runtime": 27}}