{"accuracy": 0.18422567645365573, "classification_report": "              precision    recall  f1-score   support\n\n           0       0.29      0.40      0.33       180\n           1       0.15      0.20      0.17       142\n           2       0.18      0.15      0.17       181\n           3       0.15      0.14      0.15       190\n           4       0.19      0.09      0.13       201\n           5       0.13      0.07      0.09       150\n           6       0.15      0.15      0.15       178\n           7       0.15      0.15      0.15       171\n           8       0.17      0.17      0.17       171\n           9       0.20      0.31      0.25       173\n\n    accuracy                           0.18      1737\n   macro avg       0.18      0.18      0.18      1737\nweighted avg       0.18      0.18      0.18      1737\n", "confusion_matrix": {"_type": "histogram", "values": [3, 5, 14, 10, 7, 16, 6, 3, 4, 5, 10, 6, 4, 3, 0, 0, 0, 1, 0, 0, 0, 0, 1, 1, 0, 0, 0, 0, 0, 0, 0, 1], "bins": [2.0, 4.1875, 6.375, 8.5625, 10.75, 12.9375, 15.125, 17.3125, 19.5, 21.6875, 23.875, 26.0625, 28.25, 30.4375, 32.625, 34.8125, 37.0, 39.1875, 41.375, 43.5625, 45.75, 47.9375, 50.125, 52.3125, 54.5, 56.6875, 58.875, 61.0625, 63.25, 65.4375, 67.625, 69.8125, 72.0]}, "_timestamp": 1682655211.5684962, "_runtime": 26.382365226745605, "_step": 0, "_wandb": {"runtime": 24}}