{"accuracy": 0.1715601611974669, "classification_report": "              precision    recall  f1-score   support\n\n           0       0.32      0.28      0.30       180\n           1       0.15      0.14      0.15       142\n           2       0.17      0.05      0.08       181\n           3       0.14      0.41      0.21       190\n           4       0.16      0.15      0.16       201\n           5       0.12      0.03      0.05       150\n           6       0.13      0.17      0.15       178\n           7       0.09      0.03      0.04       171\n           8       0.16      0.10      0.12       171\n           9       0.27      0.30      0.28       173\n\n    accuracy                           0.17      1737\n   macro avg       0.17      0.17      0.15      1737\nweighted avg       0.17      0.17      0.16      1737\n", "confusion_matrix": {"_type": "histogram", "values": [8, 10, 19, 9, 8, 5, 7, 3, 4, 6, 0, 1, 3, 3, 2, 2, 0, 0, 2, 0, 1, 2, 0, 0, 1, 0, 0, 1, 0, 1, 1, 1], "bins": [0.0, 2.4375, 4.875, 7.3125, 9.75, 12.1875, 14.625, 17.0625, 19.5, 21.9375, 24.375, 26.8125, 29.25, 31.6875, 34.125, 36.5625, 39.0, 41.4375, 43.875, 46.3125, 48.75, 51.1875, 53.625, 56.0625, 58.5, 60.9375, 63.375, 65.8125, 68.25, 70.6875, 73.125, 75.5625, 78.0]}, "_timestamp": 1682681914.790702, "_runtime": 2.8710930347442627, "_step": 0, "_wandb": {"runtime": 0}}