{"accuracy": 0.1652274035693725, "classification_report": "              precision    recall  f1-score   support\n\n           0       0.34      0.26      0.29       180\n           1       0.12      0.50      0.20       142\n           2       0.13      0.09      0.11       181\n           3       0.14      0.08      0.10       190\n           4       0.18      0.11      0.14       201\n           5       0.11      0.07      0.08       150\n           6       0.21      0.17      0.19       178\n           7       0.21      0.09      0.13       171\n           8       0.16      0.12      0.14       171\n           9       0.17      0.21      0.19       173\n\n    accuracy                           0.17      1737\n   macro avg       0.18      0.17      0.16      1737\nweighted avg       0.18      0.17      0.16      1737\n", "confusion_matrix": {"_type": "histogram", "values": [13, 7, 14, 17, 18, 8, 7, 2, 0, 1, 3, 1, 2, 0, 0, 1, 1, 0, 0, 0, 1, 0, 0, 1, 1, 1, 0, 0, 0, 0, 0, 1], "bins": [1.0, 4.03125, 7.0625, 10.09375, 13.125, 16.15625, 19.1875, 22.21875, 25.25, 28.28125, 31.3125, 34.34375, 37.375, 40.40625, 43.4375, 46.46875, 49.5, 52.53125, 55.5625, 58.59375, 61.625, 64.65625, 67.6875, 70.71875, 73.75, 76.78125, 79.8125, 82.84375, 85.875, 88.90625, 91.9375, 94.96875, 98.0]}, "_timestamp": 1682682028.0823019, "_runtime": 3.5605008602142334, "_step": 0, "_wandb": {"runtime": 1}}