{"accuracy": 0.17386298215313759, "classification_report": "              precision    recall  f1-score   support\n\n           0       0.30      0.44      0.36       180\n           1       0.14      0.18      0.16       142\n           2       0.14      0.09      0.11       181\n           3       0.16      0.18      0.17       190\n           4       0.13      0.07      0.10       201\n           5       0.11      0.15      0.13       150\n           6       0.13      0.10      0.11       178\n           7       0.16      0.16      0.16       171\n           8       0.18      0.16      0.17       171\n           9       0.21      0.21      0.21       173\n\n    accuracy                           0.17      1737\n   macro avg       0.17      0.17      0.17      1737\nweighted avg       0.17      0.17      0.17      1737\n", "confusion_matrix": {"_type": "histogram", "values": [2, 9, 9, 6, 15, 10, 13, 3, 3, 9, 6, 5, 3, 4, 1, 0, 0, 1, 0, 0, 0, 0, 0, 0, 0, 0, 0, 0, 0, 0, 0, 1], "bins": [1.0, 3.4375, 5.875, 8.3125, 10.75, 13.1875, 15.625, 18.0625, 20.5, 22.9375, 25.375, 27.8125, 30.25, 32.6875, 35.125, 37.5625, 40.0, 42.4375, 44.875, 47.3125, 49.75, 52.1875, 54.625, 57.0625, 59.5, 61.9375, 64.375, 66.8125, 69.25, 71.6875, 74.125, 76.5625, 79.0]}, "_timestamp": 1682689665.581516, "_runtime": 33.02395796775818, "_step": 0, "_wandb": {"runtime": 31}}