{"accuracy": 0.17040875071963155, "classification_report": "              precision    recall  f1-score   support\n\n           0       0.26      0.57      0.36       180\n           1       0.16      0.30      0.21       142\n           2       0.09      0.10      0.10       181\n           3       0.00      0.00      0.00       190\n           4       0.33      0.00      0.01       201\n           5       0.15      0.18      0.16       150\n           6       0.00      0.00      0.00       178\n           7       0.14      0.56      0.23       171\n           8       0.00      0.00      0.00       171\n           9       0.40      0.06      0.10       173\n\n    accuracy                           0.17      1737\n   macro avg       0.15      0.18      0.12      1737\nweighted avg       0.16      0.17      0.11      1737\n", "confusion_matrix": {"_type": "histogram", "values": [50, 0, 2, 6, 7, 3, 3, 7, 3, 0, 2, 1, 2, 3, 2, 1, 1, 0, 0, 0, 1, 0, 1, 0, 0, 0, 0, 0, 1, 1, 1, 2], "bins": [0.0, 3.28125, 6.5625, 9.84375, 13.125, 16.40625, 19.6875, 22.96875, 26.25, 29.53125, 32.8125, 36.09375, 39.375, 42.65625, 45.9375, 49.21875, 52.5, 55.78125, 59.0625, 62.34375, 65.625, 68.90625, 72.1875, 75.46875, 78.75, 82.03125, 85.3125, 88.59375, 91.875, 95.15625, 98.4375, 101.71875, 105.0]}, "_timestamp": 1682652322.102334, "_runtime": 26.54629611968994, "_step": 0, "_wandb": {"runtime": 24}}