{"accuracy": 0.18652849740932642, "classification_report": "              precision    recall  f1-score   support\n\n           0       0.32      0.42      0.36       180\n           1       0.16      0.18      0.17       142\n           2       0.19      0.19      0.19       181\n           3       0.10      0.15      0.12       190\n           4       0.19      0.07      0.10       201\n           5       0.00      0.00      0.00       150\n           6       0.18      0.16      0.17       178\n           7       0.14      0.19      0.16       171\n           8       0.17      0.12      0.14       171\n           9       0.24      0.39      0.30       173\n\n    accuracy                           0.19      1737\n   macro avg       0.17      0.19      0.17      1737\nweighted avg       0.17      0.19      0.17      1737\n", "confusion_matrix": {"_type": "histogram", "values": [14, 5, 6, 6, 9, 11, 5, 2, 4, 6, 8, 7, 1, 3, 5, 3, 2, 0, 0, 0, 1, 0, 0, 0, 0, 0, 0, 0, 1, 0, 0, 1], "bins": [0.0, 2.34375, 4.6875, 7.03125, 9.375, 11.71875, 14.0625, 16.40625, 18.75, 21.09375, 23.4375, 25.78125, 28.125, 30.46875, 32.8125, 35.15625, 37.5, 39.84375, 42.1875, 44.53125, 46.875, 49.21875, 51.5625, 53.90625, 56.25, 58.59375, 60.9375, 63.28125, 65.625, 67.96875, 70.3125, 72.65625, 75.0]}, "_timestamp": 1682686437.426165, "_runtime": 5.740772008895874, "_step": 0, "_wandb": {"runtime": 3}}