{"accuracy": 0.16119746689694875, "classification_report": "              precision    recall  f1-score   support\n\n           0       0.33      0.35      0.34       180\n           1       0.16      0.15      0.16       142\n           2       0.12      0.12      0.12       181\n           3       0.12      0.19      0.15       190\n           4       0.16      0.07      0.10       201\n           5       0.00      0.00      0.00       150\n           6       0.14      0.35      0.20       178\n           7       0.13      0.09      0.11       171\n           8       0.04      0.01      0.02       171\n           9       0.21      0.24      0.22       173\n\n    accuracy                           0.16      1737\n   macro avg       0.14      0.16      0.14      1737\nweighted avg       0.14      0.16      0.14      1737\n", "confusion_matrix": {"_type": "histogram", "values": [14, 5, 6, 6, 11, 3, 4, 6, 7, 2, 5, 7, 3, 3, 0, 2, 0, 0, 1, 2, 1, 2, 0, 4, 0, 1, 1, 0, 1, 0, 0, 3], "bins": [0.0, 1.96875, 3.9375, 5.90625, 7.875, 9.84375, 11.8125, 13.78125, 15.75, 17.71875, 19.6875, 21.65625, 23.625, 25.59375, 27.5625, 29.53125, 31.5, 33.46875, 35.4375, 37.40625, 39.375, 41.34375, 43.3125, 45.28125, 47.25, 49.21875, 51.1875, 53.15625, 55.125, 57.09375, 59.0625, 61.03125, 63.0]}, "_timestamp": 1682602949.334604, "_runtime": 1.8580069541931152, "_step": 0, "_wandb": {"runtime": 0}}