{"accuracy": 0.21761658031088082, "classification_report": "              precision    recall  f1-score   support\n\n           0       0.37      0.47      0.41       180\n           1       0.21      0.21      0.21       142\n           2       0.15      0.12      0.13       181\n           3       0.18      0.28      0.22       190\n           4       0.17      0.11      0.14       201\n           5       0.00      0.00      0.00       150\n           6       0.15      0.26      0.19       178\n           7       0.23      0.13      0.17       171\n           8       0.18      0.15      0.17       171\n           9       0.31      0.42      0.35       173\n\n    accuracy                           0.22      1737\n   macro avg       0.20      0.21      0.20      1737\nweighted avg       0.20      0.22      0.20      1737\n", "confusion_matrix": {"_type": "histogram", "values": [10, 12, 5, 11, 11, 2, 9, 8, 10, 5, 1, 3, 2, 1, 1, 1, 2, 2, 1, 0, 1, 0, 0, 0, 0, 0, 0, 1, 0, 0, 0, 1], "bins": [0.0, 2.625, 5.25, 7.875, 10.5, 13.125, 15.75, 18.375, 21.0, 23.625, 26.25, 28.875, 31.5, 34.125, 36.75, 39.375, 42.0, 44.625, 47.25, 49.875, 52.5, 55.125, 57.75, 60.375, 63.0, 65.625, 68.25, 70.875, 73.5, 76.125, 78.75, 81.375, 84.0]}, "_timestamp": 1682686466.743426, "_runtime": 9.278433084487915, "_step": 0, "_wandb": {"runtime": 7}}