{"accuracy": 0.15198618307426598, "classification_report": "              precision    recall  f1-score   support\n\n           0       0.31      0.22      0.25       180\n           1       0.15      0.25      0.19       142\n           2       0.10      0.12      0.11       181\n           3       0.14      0.14      0.14       190\n           4       0.13      0.08      0.10       201\n           5       0.15      0.07      0.10       150\n           6       0.14      0.17      0.15       178\n           7       0.12      0.17      0.14       171\n           8       0.11      0.06      0.08       171\n           9       0.20      0.25      0.22       173\n\n    accuracy                           0.15      1737\n   macro avg       0.16      0.15      0.15      1737\nweighted avg       0.16      0.15      0.15      1737\n", "confusion_matrix": {"_type": "histogram", "values": [3, 2, 8, 5, 9, 4, 9, 1, 7, 4, 11, 4, 3, 1, 4, 1, 1, 7, 3, 2, 1, 3, 2, 1, 1, 1, 0, 1, 0, 0, 0, 1], "bins": [2.0, 3.46875, 4.9375, 6.40625, 7.875, 9.34375, 10.8125, 12.28125, 13.75, 15.21875, 16.6875, 18.15625, 19.625, 21.09375, 22.5625, 24.03125, 25.5, 26.96875, 28.4375, 29.90625, 31.375, 32.84375, 34.3125, 35.78125, 37.25, 38.71875, 40.1875, 41.65625, 43.125, 44.59375, 46.0625, 47.53125, 49.0]}, "_timestamp": 1682596254.781753, "_runtime": 1.9235899448394775, "_step": 0, "_wandb": {"runtime": 0}}