{"accuracy": 0.17443868739205526, "classification_report": "              precision    recall  f1-score   support\n\n           0       0.37      0.38      0.37       180\n           1       0.14      0.20      0.17       142\n           2       0.11      0.09      0.10       181\n           3       0.14      0.13      0.13       190\n           4       0.18      0.11      0.14       201\n           5       0.09      0.09      0.09       150\n           6       0.11      0.10      0.10       178\n           7       0.14      0.14      0.14       171\n           8       0.18      0.20      0.19       171\n           9       0.23      0.31      0.26       173\n\n    accuracy                           0.17      1737\n   macro avg       0.17      0.18      0.17      1737\nweighted avg       0.17      0.17      0.17      1737\n", "confusion_matrix": {"_type": "histogram", "values": [1, 2, 11, 9, 5, 8, 10, 6, 13, 6, 7, 6, 4, 2, 1, 3, 1, 0, 1, 1, 0, 0, 1, 0, 1, 0, 0, 0, 0, 0, 0, 1], "bins": [0.0, 2.125, 4.25, 6.375, 8.5, 10.625, 12.75, 14.875, 17.0, 19.125, 21.25, 23.375, 25.5, 27.625, 29.75, 31.875, 34.0, 36.125, 38.25, 40.375, 42.5, 44.625, 46.75, 48.875, 51.0, 53.125, 55.25, 57.375, 59.5, 61.625, 63.75, 65.875, 68.0]}, "_timestamp": 1682608676.886912, "_runtime": 27.719272136688232, "_step": 0, "_wandb": {"runtime": 26}}