{"accuracy": 0.20149683362118595, "classification_report": "              precision    recall  f1-score   support\n\n           0       0.38      0.46      0.42       180\n           1       0.15      0.21      0.18       142\n           2       0.13      0.10      0.11       181\n           3       0.11      0.11      0.11       190\n           4       0.18      0.12      0.15       201\n           5       0.16      0.03      0.05       150\n           6       0.19      0.26      0.22       178\n           7       0.14      0.09      0.11       171\n           8       0.20      0.17      0.18       171\n           9       0.25      0.45      0.32       173\n\n    accuracy                           0.20      1737\n   macro avg       0.19      0.20      0.18      1737\nweighted avg       0.19      0.20      0.19      1737\n", "confusion_matrix": {"_type": "histogram", "values": [8, 19, 5, 7, 8, 11, 4, 9, 2, 7, 3, 5, 3, 2, 1, 1, 0, 2, 0, 0, 0, 1, 0, 0, 0, 0, 0, 0, 0, 0, 1, 1], "bins": [1.0, 3.53125, 6.0625, 8.59375, 11.125, 13.65625, 16.1875, 18.71875, 21.25, 23.78125, 26.3125, 28.84375, 31.375, 33.90625, 36.4375, 38.96875, 41.5, 44.03125, 46.5625, 49.09375, 51.625, 54.15625, 56.6875, 59.21875, 61.75, 64.28125, 66.8125, 69.34375, 71.875, 74.40625, 76.9375, 79.46875, 82.0]}, "_timestamp": 1682607717.631186, "_runtime": 37.05875301361084, "_step": 0, "_wandb": {"runtime": 35}}