{"accuracy": 0.1755900978698906, "classification_report": "              precision    recall  f1-score   support\n\n           0       0.47      0.22      0.30       180\n           1       0.14      0.20      0.17       142\n           2       0.16      0.14      0.15       181\n           3       0.13      0.16      0.15       190\n           4       0.13      0.12      0.12       201\n           5       0.13      0.08      0.10       150\n           6       0.14      0.19      0.16       178\n           7       0.19      0.16      0.18       171\n           8       0.12      0.10      0.11       171\n           9       0.28      0.37      0.32       173\n\n    accuracy                           0.18      1737\n   macro avg       0.19      0.18      0.17      1737\nweighted avg       0.19      0.18      0.18      1737\n", "confusion_matrix": {"_type": "histogram", "values": [6, 7, 7, 7, 7, 6, 9, 8, 11, 2, 3, 5, 5, 5, 3, 1, 1, 2, 0, 1, 0, 0, 3, 0, 0, 0, 0, 0, 0, 0, 0, 1], "bins": [2.0, 3.9375, 5.875, 7.8125, 9.75, 11.6875, 13.625, 15.5625, 17.5, 19.4375, 21.375, 23.3125, 25.25, 27.1875, 29.125, 31.0625, 33.0, 34.9375, 36.875, 38.8125, 40.75, 42.6875, 44.625, 46.5625, 48.5, 50.4375, 52.375, 54.3125, 56.25, 58.1875, 60.125, 62.0625, 64.0]}, "_timestamp": 1682686633.306265, "_runtime": 20.898826122283936, "_step": 0, "_wandb": {"runtime": 18}}