{"accuracy": 0.16062176165803108, "classification_report": "              precision    recall  f1-score   support\n\n           0       0.25      0.26      0.25       180\n           1       0.14      0.18      0.16       142\n           2       0.15      0.15      0.15       181\n           3       0.12      0.12      0.12       190\n           4       0.16      0.15      0.16       201\n           5       0.10      0.09      0.09       150\n           6       0.12      0.12      0.12       178\n           7       0.15      0.13      0.14       171\n           8       0.15      0.13      0.14       171\n           9       0.24      0.28      0.26       173\n\n    accuracy                           0.16      1737\n   macro avg       0.16      0.16      0.16      1737\nweighted avg       0.16      0.16      0.16      1737\n", "confusion_matrix": {"_type": "histogram", "values": [2, 3, 4, 5, 4, 11, 4, 11, 6, 10, 8, 8, 5, 7, 3, 2, 1, 0, 2, 1, 0, 0, 0, 0, 0, 0, 0, 0, 1, 1, 0, 1], "bins": [3.0, 4.53125, 6.0625, 7.59375, 9.125, 10.65625, 12.1875, 13.71875, 15.25, 16.78125, 18.3125, 19.84375, 21.375, 22.90625, 24.4375, 25.96875, 27.5, 29.03125, 30.5625, 32.09375, 33.625, 35.15625, 36.6875, 38.21875, 39.75, 41.28125, 42.8125, 44.34375, 45.875, 47.40625, 48.9375, 50.46875, 52.0]}, "_timestamp": 1682603326.210761, "_runtime": 9.699800968170166, "_step": 0, "_wandb": {"runtime": 8}}