{"accuracy": 0.2452504317789292, "classification_report": "              precision    recall  f1-score   support\n\n           0       0.43      0.58      0.50       180\n           1       0.23      0.27      0.25       142\n           2       0.17      0.16      0.17       181\n           3       0.16      0.19      0.18       190\n           4       0.17      0.13      0.15       201\n           5       0.50      0.01      0.03       150\n           6       0.18      0.29      0.23       178\n           7       0.28      0.11      0.16       171\n           8       0.30      0.11      0.16       171\n           9       0.28      0.57      0.38       173\n\n    accuracy                           0.25      1737\n   macro avg       0.27      0.24      0.22      1737\nweighted avg       0.26      0.25      0.22      1737\n", "confusion_matrix": {"_type": "histogram", "values": [19, 14, 12, 10, 2, 9, 3, 8, 3, 5, 2, 4, 3, 1, 1, 1, 1, 0, 0, 0, 0, 0, 0, 0, 0, 0, 0, 0, 0, 1, 0, 1], "bins": [0.0, 3.28125, 6.5625, 9.84375, 13.125, 16.40625, 19.6875, 22.96875, 26.25, 29.53125, 32.8125, 36.09375, 39.375, 42.65625, 45.9375, 49.21875, 52.5, 55.78125, 59.0625, 62.34375, 65.625, 68.90625, 72.1875, 75.46875, 78.75, 82.03125, 85.3125, 88.59375, 91.875, 95.15625, 98.4375, 101.71875, 105.0]}, "_timestamp": 1682694535.6416142, "_runtime": 22.46994423866272, "_step": 0, "_wandb": {"runtime": 20}}