{"accuracy": 0.21531375935521013, "classification_report": "              precision    recall  f1-score   support\n\n           0       0.37      0.49      0.42       180\n           1       0.15      0.19      0.17       142\n           2       0.20      0.19      0.20       181\n           3       0.16      0.15      0.15       190\n           4       0.18      0.17      0.18       201\n           5       0.12      0.07      0.09       150\n           6       0.17      0.20      0.18       178\n           7       0.16      0.13      0.15       171\n           8       0.19      0.13      0.15       171\n           9       0.31      0.42      0.35       173\n\n    accuracy                           0.22      1737\n   macro avg       0.20      0.21      0.20      1737\nweighted avg       0.20      0.22      0.21      1737\n", "confusion_matrix": {"_type": "histogram", "values": [6, 7, 14, 11, 10, 12, 10, 7, 3, 5, 6, 0, 4, 2, 0, 0, 1, 0, 0, 0, 0, 0, 0, 0, 0, 1, 0, 0, 0, 0, 0, 1], "bins": [1.0, 3.75, 6.5, 9.25, 12.0, 14.75, 17.5, 20.25, 23.0, 25.75, 28.5, 31.25, 34.0, 36.75, 39.5, 42.25, 45.0, 47.75, 50.5, 53.25, 56.0, 58.75, 61.5, 64.25, 67.0, 69.75, 72.5, 75.25, 78.0, 80.75, 83.5, 86.25, 89.0]}, "_timestamp": 1682694051.918817, "_runtime": 27.351546049118042, "_step": 0, "_wandb": {"runtime": 25}}