{"accuracy": 0.178468624064479, "classification_report": "              precision    recall  f1-score   support\n\n           0       0.18      0.88      0.30       180\n           1       0.00      0.00      0.00       142\n           2       0.25      0.01      0.01       181\n           3       0.00      0.00      0.00       190\n           4       0.60      0.01      0.03       201\n           5       0.00      0.00      0.00       150\n           6       0.12      0.20      0.15       178\n           7       0.00      0.00      0.00       171\n           8       0.15      0.19      0.17       171\n           9       0.23      0.47      0.31       173\n\n    accuracy                           0.18      1737\n   macro avg       0.15      0.18      0.10      1737\nweighted avg       0.16      0.18      0.10      1737\n", "confusion_matrix": {"_type": "histogram", "values": [60, 2, 5, 1, 5, 4, 4, 4, 2, 2, 1, 1, 0, 2, 1, 0, 1, 0, 1, 0, 0, 2, 0, 0, 1, 0, 0, 0, 0, 0, 0, 1], "bins": [0.0, 4.9375, 9.875, 14.8125, 19.75, 24.6875, 29.625, 34.5625, 39.5, 44.4375, 49.375, 54.3125, 59.25, 64.1875, 69.125, 74.0625, 79.0, 83.9375, 88.875, 93.8125, 98.75, 103.6875, 108.625, 113.5625, 118.5, 123.4375, 128.375, 133.3125, 138.25, 143.1875, 148.125, 153.0625, 158.0]}, "_timestamp": 1682681602.9747908, "_runtime": 2.1789588928222656, "_step": 0, "_wandb": {"runtime": 0}}