{"accuracy": 0.17213586643638457, "classification_report": "              precision    recall  f1-score   support\n\n           0       0.34      0.19      0.24       180\n           1       0.19      0.13      0.16       142\n           2       0.17      0.09      0.12       181\n           3       0.22      0.13      0.16       190\n           4       0.24      0.15      0.18       201\n           5       0.18      0.10      0.13       150\n           6       0.22      0.13      0.16       178\n           7       0.16      0.11      0.13       171\n           8       0.11      0.49      0.17       171\n           9       0.33      0.20      0.25       173\n\n    accuracy                           0.17      1737\n   macro avg       0.22      0.17      0.17      1737\nweighted avg       0.22      0.17      0.17      1737\n", "confusion_matrix": {"_type": "histogram", "values": [4, 21, 17, 16, 11, 11, 3, 1, 3, 0, 1, 1, 1, 0, 0, 0, 0, 0, 0, 0, 1, 0, 0, 0, 1, 0, 0, 2, 2, 1, 2, 1], "bins": [0.0, 2.84375, 5.6875, 8.53125, 11.375, 14.21875, 17.0625, 19.90625, 22.75, 25.59375, 28.4375, 31.28125, 34.125, 36.96875, 39.8125, 42.65625, 45.5, 48.34375, 51.1875, 54.03125, 56.875, 59.71875, 62.5625, 65.40625, 68.25, 71.09375, 73.9375, 76.78125, 79.625, 82.46875, 85.3125, 88.15625, 91.0]}, "_timestamp": 1682653247.3963661, "_runtime": 3.228936195373535, "_step": 0, "_wandb": {"runtime": 0}}