{"accuracy": 0.20725388601036268, "classification_report": "              precision    recall  f1-score   support\n\n           0       0.45      0.45      0.45       180\n           1       0.19      0.16      0.17       142\n           2       0.18      0.12      0.14       181\n           3       0.15      0.27      0.19       190\n           4       0.19      0.15      0.17       201\n           5       0.09      0.05      0.06       150\n           6       0.14      0.30      0.19       178\n           7       0.14      0.08      0.10       171\n           8       0.21      0.11      0.15       171\n           9       0.35      0.34      0.34       173\n\n    accuracy                           0.21      1737\n   macro avg       0.21      0.20      0.20      1737\nweighted avg       0.21      0.21      0.20      1737\n", "confusion_matrix": {"_type": "histogram", "values": [13, 6, 16, 8, 12, 6, 2, 4, 10, 0, 4, 0, 4, 3, 1, 1, 3, 0, 2, 0, 3, 0, 0, 1, 0, 0, 0, 0, 0, 0, 0, 1], "bins": [1.0, 3.5, 6.0, 8.5, 11.0, 13.5, 16.0, 18.5, 21.0, 23.5, 26.0, 28.5, 31.0, 33.5, 36.0, 38.5, 41.0, 43.5, 46.0, 48.5, 51.0, 53.5, 56.0, 58.5, 61.0, 63.5, 66.0, 68.5, 71.0, 73.5, 76.0, 78.5, 81.0]}, "_timestamp": 1682686866.928152, "_runtime": 35.82704210281372, "_step": 0, "_wandb": {"runtime": 33}}