{"accuracy": 0.24985607369027057, "classification_report": "              precision    recall  f1-score   support\n\n           0       0.43      0.62      0.51       180\n           1       0.21      0.22      0.22       142\n           2       0.16      0.15      0.15       181\n           3       0.18      0.24      0.20       190\n           4       0.17      0.12      0.14       201\n           5       0.25      0.01      0.03       150\n           6       0.19      0.31      0.24       178\n           7       0.28      0.13      0.18       171\n           8       0.32      0.13      0.19       171\n           9       0.29      0.53      0.38       173\n\n    accuracy                           0.25      1737\n   macro avg       0.25      0.25      0.22      1737\nweighted avg       0.25      0.25      0.23      1737\n", "confusion_matrix": {"_type": "histogram", "values": [19, 12, 17, 4, 7, 5, 10, 9, 1, 1, 5, 0, 6, 0, 1, 1, 0, 0, 0, 0, 0, 0, 0, 0, 0, 0, 1, 0, 0, 0, 0, 1], "bins": [0.0, 3.5, 7.0, 10.5, 14.0, 17.5, 21.0, 24.5, 28.0, 31.5, 35.0, 38.5, 42.0, 45.5, 49.0, 52.5, 56.0, 59.5, 63.0, 66.5, 70.0, 73.5, 77.0, 80.5, 84.0, 87.5, 91.0, 94.5, 98.0, 101.5, 105.0, 108.5, 112.0]}, "_timestamp": 1682694396.397596, "_runtime": 20.86521887779236, "_step": 0, "_wandb": {"runtime": 19}}