{"accuracy": 0.15544041450777202, "classification_report": "              precision    recall  f1-score   support\n\n           0       0.28      0.33      0.31       180\n           1       0.11      0.15      0.13       142\n           2       0.12      0.10      0.11       181\n           3       0.13      0.13      0.13       190\n           4       0.14      0.12      0.13       201\n           5       0.07      0.05      0.06       150\n           6       0.15      0.15      0.15       178\n           7       0.10      0.09      0.10       171\n           8       0.18      0.17      0.17       171\n           9       0.21      0.24      0.22       173\n\n    accuracy                           0.16      1737\n   macro avg       0.15      0.15      0.15      1737\nweighted avg       0.15      0.16      0.15      1737\n", "confusion_matrix": {"_type": "histogram", "values": [3, 4, 6, 9, 4, 13, 6, 10, 9, 5, 10, 6, 6, 0, 3, 0, 1, 1, 0, 0, 1, 1, 0, 1, 0, 0, 0, 0, 0, 0, 0, 1], "bins": [3.0, 4.78125, 6.5625, 8.34375, 10.125, 11.90625, 13.6875, 15.46875, 17.25, 19.03125, 20.8125, 22.59375, 24.375, 26.15625, 27.9375, 29.71875, 31.5, 33.28125, 35.0625, 36.84375, 38.625, 40.40625, 42.1875, 43.96875, 45.75, 47.53125, 49.3125, 51.09375, 52.875, 54.65625, 56.4375, 58.21875, 60.0]}, "_timestamp": 1682594615.258705, "_runtime": 3.902573823928833, "_step": 0, "_wandb": {"runtime": 0}}