{"accuracy": 0.1600460564191134, "classification_report": "              precision    recall  f1-score   support\n\n           0       0.28      0.34      0.31       180\n           1       0.11      0.17      0.13       142\n           2       0.11      0.12      0.11       181\n           3       0.12      0.11      0.12       190\n           4       0.18      0.15      0.17       201\n           5       0.12      0.11      0.12       150\n           6       0.12      0.10      0.11       178\n           7       0.11      0.08      0.09       171\n           8       0.19      0.18      0.18       171\n           9       0.21      0.23      0.22       173\n\n    accuracy                           0.16      1737\n   macro avg       0.16      0.16      0.16      1737\nweighted avg       0.16      0.16      0.16      1737\n", "confusion_matrix": {"_type": "histogram", "values": [2, 1, 6, 3, 8, 5, 15, 13, 7, 8, 9, 10, 3, 1, 2, 2, 1, 0, 0, 0, 2, 0, 0, 1, 0, 0, 0, 0, 0, 0, 0, 1], "bins": [1.0, 2.90625, 4.8125, 6.71875, 8.625, 10.53125, 12.4375, 14.34375, 16.25, 18.15625, 20.0625, 21.96875, 23.875, 25.78125, 27.6875, 29.59375, 31.5, 33.40625, 35.3125, 37.21875, 39.125, 41.03125, 42.9375, 44.84375, 46.75, 48.65625, 50.5625, 52.46875, 54.375, 56.28125, 58.1875, 60.09375, 62.0]}, "_timestamp": 1682594517.0300622, "_runtime": 3.68635630607605, "_step": 0, "_wandb": {"runtime": 0}}