{"accuracy": 0.1824985607369027, "classification_report": "              precision    recall  f1-score   support\n\n           0       0.20      0.81      0.33       180\n           1       0.17      0.04      0.06       142\n           2       0.11      0.03      0.04       181\n           3       0.13      0.02      0.04       190\n           4       0.21      0.02      0.04       201\n           5       0.06      0.01      0.01       150\n           6       0.13      0.29      0.18       178\n           7       0.17      0.12      0.14       171\n           8       0.16      0.08      0.11       171\n           9       0.25      0.38      0.30       173\n\n    accuracy                           0.18      1737\n   macro avg       0.16      0.18      0.12      1737\nweighted avg       0.16      0.18      0.13      1737\n", "confusion_matrix": {"_type": "histogram", "values": [44, 18, 3, 6, 4, 2, 2, 4, 5, 1, 0, 3, 1, 1, 1, 0, 1, 0, 1, 0, 1, 0, 1, 0, 0, 0, 0, 0, 0, 0, 0, 1], "bins": [0.0, 4.53125, 9.0625, 13.59375, 18.125, 22.65625, 27.1875, 31.71875, 36.25, 40.78125, 45.3125, 49.84375, 54.375, 58.90625, 63.4375, 67.96875, 72.5, 77.03125, 81.5625, 86.09375, 90.625, 95.15625, 99.6875, 104.21875, 108.75, 113.28125, 117.8125, 122.34375, 126.875, 131.40625, 135.9375, 140.46875, 145.0]}, "_timestamp": 1682682139.877769, "_runtime": 2.5150070190429688, "_step": 0, "_wandb": {"runtime": 0}}