{"accuracy": 0.17904432930339667, "classification_report": "              precision    recall  f1-score   support\n\n           0       0.21      0.87      0.33       180\n           1       0.00      0.00      0.00       142\n           2       0.00      0.00      0.00       181\n           3       0.08      0.12      0.10       190\n           4       1.00      0.02      0.04       201\n           5       0.00      0.00      0.00       150\n           6       0.14      0.22      0.17       178\n           7       0.11      0.01      0.01       171\n           8       0.50      0.01      0.02       171\n           9       0.22      0.49      0.30       173\n\n    accuracy                           0.18      1737\n   macro avg       0.23      0.17      0.10      1737\nweighted avg       0.24      0.18      0.10      1737\n", "confusion_matrix": {"_type": "histogram", "values": [60, 3, 2, 1, 4, 2, 5, 5, 7, 0, 4, 0, 1, 0, 0, 1, 0, 1, 0, 1, 1, 1, 0, 0, 0, 0, 0, 0, 0, 0, 0, 1], "bins": [0.0, 4.90625, 9.8125, 14.71875, 19.625, 24.53125, 29.4375, 34.34375, 39.25, 44.15625, 49.0625, 53.96875, 58.875, 63.78125, 68.6875, 73.59375, 78.5, 83.40625, 88.3125, 93.21875, 98.125, 103.03125, 107.9375, 112.84375, 117.75, 122.65625, 127.5625, 132.46875, 137.375, 142.28125, 147.1875, 152.09375, 157.0]}, "_timestamp": 1682682123.087883, "_runtime": 2.7619199752807617, "_step": 0, "_wandb": {"runtime": 0}}