{"accuracy": 0.18134715025906736, "classification_report": "              precision    recall  f1-score   support\n\n           0       0.23      0.69      0.34       180\n           1       0.12      0.05      0.07       142\n           2       0.11      0.05      0.07       181\n           3       0.17      0.17      0.17       190\n           4       0.16      0.11      0.13       201\n           5       0.09      0.06      0.07       150\n           6       0.16      0.15      0.16       178\n           7       0.15      0.08      0.10       171\n           8       0.15      0.15      0.15       171\n           9       0.23      0.26      0.24       173\n\n    accuracy                           0.18      1737\n   macro avg       0.16      0.18      0.15      1737\nweighted avg       0.16      0.18      0.15      1737\n", "confusion_matrix": {"_type": "histogram", "values": [13, 14, 17, 20, 11, 8, 5, 2, 3, 0, 0, 2, 0, 1, 0, 0, 1, 0, 2, 0, 0, 0, 0, 0, 0, 0, 0, 0, 0, 0, 0, 1], "bins": [1.0, 4.84375, 8.6875, 12.53125, 16.375, 20.21875, 24.0625, 27.90625, 31.75, 35.59375, 39.4375, 43.28125, 47.125, 50.96875, 54.8125, 58.65625, 62.5, 66.34375, 70.1875, 74.03125, 77.875, 81.71875, 85.5625, 89.40625, 93.25, 97.09375, 100.9375, 104.78125, 108.625, 112.46875, 116.3125, 120.15625, 124.0]}, "_timestamp": 1682682271.033959, "_runtime": 3.489764928817749, "_step": 0, "_wandb": {"runtime": 0}}