{"accuracy": 0.1381692573402418, "classification_report": "              precision    recall  f1-score   support\n\n           0       0.27      0.07      0.11       180\n           1       0.09      0.87      0.16       142\n           2       0.27      0.08      0.12       181\n           3       0.36      0.05      0.09       190\n           4       0.39      0.08      0.13       201\n           5       0.18      0.03      0.05       150\n           6       0.27      0.06      0.10       178\n           7       0.27      0.10      0.15       171\n           8       0.52      0.09      0.16       171\n           9       0.44      0.09      0.14       173\n\n    accuracy                           0.14      1737\n   macro avg       0.31      0.15      0.12      1737\nweighted avg       0.31      0.14      0.12      1737\n", "confusion_matrix": {"_type": "histogram", "values": [67, 13, 6, 4, 0, 0, 0, 0, 0, 0, 0, 0, 0, 0, 0, 0, 0, 0, 0, 0, 0, 0, 0, 0, 2, 1, 1, 0, 2, 0, 1, 3], "bins": [0.0, 4.84375, 9.6875, 14.53125, 19.375, 24.21875, 29.0625, 33.90625, 38.75, 43.59375, 48.4375, 53.28125, 58.125, 62.96875, 67.8125, 72.65625, 77.5, 82.34375, 87.1875, 92.03125, 96.875, 101.71875, 106.5625, 111.40625, 116.25, 121.09375, 125.9375, 130.78125, 135.625, 140.46875, 145.3125, 150.15625, 155.0]}, "_timestamp": 1682653504.766119, "_runtime": 10.018943071365356, "_step": 0, "_wandb": {"runtime": 7}}