{"accuracy": 0.1963154864709269, "classification_report": "              precision    recall  f1-score   support\n\n           0       0.40      0.34      0.37       180\n           1       0.19      0.24      0.21       142\n           2       0.17      0.18      0.18       181\n           3       0.15      0.17      0.16       190\n           4       0.17      0.13      0.15       201\n           5       0.08      0.04      0.05       150\n           6       0.17      0.20      0.18       178\n           7       0.18      0.18      0.18       171\n           8       0.18      0.14      0.16       171\n           9       0.22      0.34      0.27       173\n\n    accuracy                           0.20      1737\n   macro avg       0.19      0.20      0.19      1737\nweighted avg       0.19      0.20      0.19      1737\n", "confusion_matrix": {"_type": "histogram", "values": [5, 9, 8, 8, 9, 6, 2, 6, 5, 7, 5, 10, 1, 4, 1, 1, 7, 2, 0, 0, 0, 0, 0, 0, 1, 0, 1, 0, 0, 0, 1, 1], "bins": [2.0, 3.84375, 5.6875, 7.53125, 9.375, 11.21875, 13.0625, 14.90625, 16.75, 18.59375, 20.4375, 22.28125, 24.125, 25.96875, 27.8125, 29.65625, 31.5, 33.34375, 35.1875, 37.03125, 38.875, 40.71875, 42.5625, 44.40625, 46.25, 48.09375, 49.9375, 51.78125, 53.625, 55.46875, 57.3125, 59.15625, 61.0]}, "_timestamp": 1682608068.764181, "_runtime": 55.20267295837402, "_step": 0, "_wandb": {"runtime": 52}}