{"accuracy": 0.22567645365572828, "classification_report": "              precision    recall  f1-score   support\n\n           0       0.41      0.54      0.47       180\n           1       0.20      0.27      0.23       142\n           2       0.19      0.14      0.16       181\n           3       0.16      0.17      0.17       190\n           4       0.19      0.16      0.18       201\n           5       0.13      0.05      0.07       150\n           6       0.18      0.19      0.19       178\n           7       0.14      0.11      0.12       171\n           8       0.19      0.15      0.17       171\n           9       0.27      0.47      0.34       173\n\n    accuracy                           0.23      1737\n   macro avg       0.21      0.22      0.21      1737\nweighted avg       0.21      0.23      0.21      1737\n", "confusion_matrix": {"_type": "histogram", "values": [9, 16, 12, 9, 13, 8, 5, 10, 5, 1, 6, 0, 2, 1, 0, 0, 1, 0, 0, 0, 0, 0, 0, 0, 0, 0, 1, 0, 0, 0, 0, 1], "bins": [1.0, 4.03125, 7.0625, 10.09375, 13.125, 16.15625, 19.1875, 22.21875, 25.25, 28.28125, 31.3125, 34.34375, 37.375, 40.40625, 43.4375, 46.46875, 49.5, 52.53125, 55.5625, 58.59375, 61.625, 64.65625, 67.6875, 70.71875, 73.75, 76.78125, 79.8125, 82.84375, 85.875, 88.90625, 91.9375, 94.96875, 98.0]}, "_timestamp": 1682694756.1759648, "_runtime": 20.45080876350403, "_step": 0, "_wandb": {"runtime": 18}}