{"accuracy": 0.22394933793897526, "classification_report": "              precision    recall  f1-score   support\n\n           0       0.44      0.46      0.45       180\n           1       0.20      0.15      0.18       142\n           2       0.18      0.14      0.16       181\n           3       0.15      0.33      0.21       190\n           4       0.21      0.10      0.14       201\n           5       0.00      0.00      0.00       150\n           6       0.17      0.36      0.23       178\n           7       0.22      0.08      0.12       171\n           8       0.21      0.08      0.11       171\n           9       0.29      0.50      0.37       173\n\n    accuracy                           0.22      1737\n   macro avg       0.21      0.22      0.20      1737\nweighted avg       0.21      0.22      0.20      1737\n", "confusion_matrix": {"_type": "histogram", "values": [20, 9, 16, 4, 10, 4, 2, 4, 5, 6, 2, 1, 0, 2, 3, 1, 1, 1, 2, 1, 1, 0, 0, 3, 0, 0, 0, 0, 0, 0, 1, 1], "bins": [0.0, 2.6875, 5.375, 8.0625, 10.75, 13.4375, 16.125, 18.8125, 21.5, 24.1875, 26.875, 29.5625, 32.25, 34.9375, 37.625, 40.3125, 43.0, 45.6875, 48.375, 51.0625, 53.75, 56.4375, 59.125, 61.8125, 64.5, 67.1875, 69.875, 72.5625, 75.25, 77.9375, 80.625, 83.3125, 86.0]}, "_timestamp": 1682655279.176848, "_runtime": 31.592373847961426, "_step": 0, "_wandb": {"runtime": 29}}