{"accuracy": 0.17040875071963155, "classification_report": "              precision    recall  f1-score   support\n\n           0       0.33      0.34      0.34       180\n           1       0.15      0.17      0.16       142\n           2       0.10      0.08      0.09       181\n           3       0.13      0.18      0.15       190\n           4       0.12      0.11      0.12       201\n           5       0.10      0.07      0.08       150\n           6       0.13      0.21      0.16       178\n           7       0.18      0.13      0.15       171\n           8       0.15      0.13      0.14       171\n           9       0.30      0.27      0.28       173\n\n    accuracy                           0.17      1737\n   macro avg       0.17      0.17      0.17      1737\nweighted avg       0.17      0.17      0.17      1737\n", "confusion_matrix": {"_type": "histogram", "values": [3, 3, 5, 9, 15, 7, 10, 3, 9, 4, 2, 9, 5, 4, 2, 0, 2, 4, 1, 1, 0, 0, 0, 1, 0, 0, 0, 0, 0, 0, 0, 1], "bins": [2.0, 3.875, 5.75, 7.625, 9.5, 11.375, 13.25, 15.125, 17.0, 18.875, 20.75, 22.625, 24.5, 26.375, 28.25, 30.125, 32.0, 33.875, 35.75, 37.625, 39.5, 41.375, 43.25, 45.125, 47.0, 48.875, 50.75, 52.625, 54.5, 56.375, 58.25, 60.125, 62.0]}, "_timestamp": 1682596453.14032, "_runtime": 8.478204011917114, "_step": 0, "_wandb": {"runtime": 6}}