{"accuracy": 0.22913068508923431, "classification_report": "              precision    recall  f1-score   support\n\n           0       0.39      0.56      0.46       180\n           1       0.20      0.31      0.24       142\n           2       0.17      0.10      0.13       181\n           3       0.17      0.09      0.12       190\n           4       0.18      0.15      0.16       201\n           5       0.18      0.09      0.12       150\n           6       0.24      0.14      0.18       178\n           7       0.17      0.15      0.16       171\n           8       0.17      0.16      0.17       171\n           9       0.25      0.54      0.34       173\n\n    accuracy                           0.23      1737\n   macro avg       0.21      0.23      0.21      1737\nweighted avg       0.21      0.23      0.21      1737\n", "confusion_matrix": {"_type": "histogram", "values": [10, 13, 16, 15, 8, 9, 4, 7, 3, 4, 0, 3, 2, 2, 1, 0, 0, 1, 0, 0, 0, 0, 0, 0, 0, 0, 0, 0, 0, 1, 0, 1], "bins": [1.0, 4.125, 7.25, 10.375, 13.5, 16.625, 19.75, 22.875, 26.0, 29.125, 32.25, 35.375, 38.5, 41.625, 44.75, 47.875, 51.0, 54.125, 57.25, 60.375, 63.5, 66.625, 69.75, 72.875, 76.0, 79.125, 82.25, 85.375, 88.5, 91.625, 94.75, 97.875, 101.0]}, "_timestamp": 1682601514.0521338, "_runtime": 1.7609868049621582, "_step": 0, "_wandb": {"runtime": 0}}