{"accuracy": 0.1888313183649971, "classification_report": "              precision    recall  f1-score   support\n\n           0       0.19      0.74      0.30       180\n           1       0.20      0.12      0.15       142\n           2       0.18      0.04      0.06       181\n           3       0.10      0.01      0.01       190\n           4       0.50      0.01      0.02       201\n           5       0.25      0.01      0.01       150\n           6       0.18      0.27      0.21       178\n           7       0.12      0.03      0.05       171\n           8       0.18      0.20      0.19       171\n           9       0.21      0.46      0.29       173\n\n    accuracy                           0.19      1737\n   macro avg       0.21      0.19      0.13      1737\nweighted avg       0.21      0.19      0.13      1737\n", "confusion_matrix": {"_type": "histogram", "values": [47, 10, 6, 2, 4, 2, 6, 2, 5, 3, 2, 1, 3, 0, 1, 0, 1, 0, 0, 1, 0, 2, 1, 0, 0, 0, 0, 0, 0, 0, 0, 1], "bins": [0.0, 4.15625, 8.3125, 12.46875, 16.625, 20.78125, 24.9375, 29.09375, 33.25, 37.40625, 41.5625, 45.71875, 49.875, 54.03125, 58.1875, 62.34375, 66.5, 70.65625, 74.8125, 78.96875, 83.125, 87.28125, 91.4375, 95.59375, 99.75, 103.90625, 108.0625, 112.21875, 116.375, 120.53125, 124.6875, 128.84375, 133.0]}, "_timestamp": 1682681888.986603, "_runtime": 2.772073984146118, "_step": 0, "_wandb": {"runtime": 0}}