{"accuracy": 0.18134715025906736, "classification_report": "              precision    recall  f1-score   support\n\n           0       0.28      0.46      0.35       180\n           1       0.12      0.17      0.14       142\n           2       0.17      0.08      0.11       181\n           3       0.13      0.25      0.17       190\n           4       0.17      0.03      0.06       201\n           5       0.17      0.05      0.07       150\n           6       0.14      0.16      0.15       178\n           7       0.21      0.12      0.15       171\n           8       0.12      0.05      0.07       171\n           9       0.24      0.43      0.30       173\n\n    accuracy                           0.18      1737\n   macro avg       0.17      0.18      0.16      1737\nweighted avg       0.17      0.18      0.16      1737\n", "confusion_matrix": {"_type": "histogram", "values": [11, 11, 8, 18, 6, 7, 4, 2, 4, 4, 4, 4, 1, 6, 0, 2, 0, 0, 4, 0, 2, 0, 0, 0, 0, 0, 0, 0, 1, 0, 0, 1], "bins": [0.0, 2.59375, 5.1875, 7.78125, 10.375, 12.96875, 15.5625, 18.15625, 20.75, 23.34375, 25.9375, 28.53125, 31.125, 33.71875, 36.3125, 38.90625, 41.5, 44.09375, 46.6875, 49.28125, 51.875, 54.46875, 57.0625, 59.65625, 62.25, 64.84375, 67.4375, 70.03125, 72.625, 75.21875, 77.8125, 80.40625, 83.0]}, "_timestamp": 1682654861.557051, "_runtime": 7.700062036514282, "_step": 0, "_wandb": {"runtime": 7}}