{"accuracy": 0.15659182498560736, "classification_report": "              precision    recall  f1-score   support\n\n           0       0.35      0.23      0.28       180\n           1       0.18      0.08      0.12       142\n           2       0.21      0.09      0.13       181\n           3       0.13      0.42      0.20       190\n           4       0.10      0.03      0.05       201\n           5       0.09      0.17      0.12       150\n           6       0.20      0.01      0.01       178\n           7       0.20      0.01      0.01       171\n           8       0.12      0.02      0.04       171\n           9       0.17      0.49      0.25       173\n\n    accuracy                           0.16      1737\n   macro avg       0.18      0.16      0.12      1737\nweighted avg       0.18      0.16      0.12      1737\n", "confusion_matrix": {"_type": "histogram", "values": [27, 20, 8, 6, 5, 1, 3, 4, 0, 2, 1, 1, 1, 3, 0, 2, 3, 0, 2, 0, 1, 0, 2, 1, 1, 0, 1, 1, 1, 1, 1, 1], "bins": [0.0, 2.65625, 5.3125, 7.96875, 10.625, 13.28125, 15.9375, 18.59375, 21.25, 23.90625, 26.5625, 29.21875, 31.875, 34.53125, 37.1875, 39.84375, 42.5, 45.15625, 47.8125, 50.46875, 53.125, 55.78125, 58.4375, 61.09375, 63.75, 66.40625, 69.0625, 71.71875, 74.375, 77.03125, 79.6875, 82.34375, 85.0]}, "_timestamp": 1682689763.7521129, "_runtime": 36.6343948841095, "_step": 0, "_wandb": {"runtime": 35}}