{"accuracy": 0.18307426597582038, "classification_report": "              precision    recall  f1-score   support\n\n           0       0.22      0.54      0.31       180\n           1       0.24      0.20      0.22       142\n           2       0.28      0.05      0.08       181\n           3       0.22      0.09      0.13       190\n           4       0.11      0.22      0.15       201\n           5       0.04      0.01      0.01       150\n           6       0.15      0.12      0.14       178\n           7       0.26      0.06      0.10       171\n           8       0.21      0.07      0.10       171\n           9       0.19      0.45      0.26       173\n\n    accuracy                           0.18      1737\n   macro avg       0.19      0.18      0.15      1737\nweighted avg       0.19      0.18      0.15      1737\n", "confusion_matrix": {"_type": "histogram", "values": [24, 19, 9, 5, 4, 8, 1, 3, 2, 4, 3, 0, 3, 3, 2, 1, 3, 1, 1, 0, 1, 0, 0, 1, 0, 1, 0, 0, 0, 0, 0, 1], "bins": [0.0, 3.03125, 6.0625, 9.09375, 12.125, 15.15625, 18.1875, 21.21875, 24.25, 27.28125, 30.3125, 33.34375, 36.375, 39.40625, 42.4375, 45.46875, 48.5, 51.53125, 54.5625, 57.59375, 60.625, 63.65625, 66.6875, 69.71875, 72.75, 75.78125, 78.8125, 81.84375, 84.875, 87.90625, 90.9375, 93.96875, 97.0]}, "_timestamp": 1682682191.3691351, "_runtime": 2.423675060272217, "_step": 0, "_wandb": {"runtime": 0}}