{"accuracy": 0.21128382268278642, "classification_report": "              precision    recall  f1-score   support\n\n           0       0.36      0.43      0.39       180\n           1       0.18      0.25      0.21       142\n           2       0.15      0.11      0.13       181\n           3       0.14      0.14      0.14       190\n           4       0.15      0.12      0.14       201\n           5       0.10      0.03      0.04       150\n           6       0.19      0.27      0.23       178\n           7       0.17      0.12      0.14       171\n           8       0.21      0.18      0.19       171\n           9       0.27      0.46      0.34       173\n\n    accuracy                           0.21      1737\n   macro avg       0.19      0.21      0.20      1737\nweighted avg       0.19      0.21      0.20      1737\n", "confusion_matrix": {"_type": "histogram", "values": [8, 11, 8, 12, 8, 4, 9, 7, 10, 1, 6, 5, 2, 0, 4, 0, 0, 0, 0, 1, 2, 0, 0, 0, 0, 0, 0, 0, 0, 0, 1, 1], "bins": [1.0, 3.46875, 5.9375, 8.40625, 10.875, 13.34375, 15.8125, 18.28125, 20.75, 23.21875, 25.6875, 28.15625, 30.625, 33.09375, 35.5625, 38.03125, 40.5, 42.96875, 45.4375, 47.90625, 50.375, 52.84375, 55.3125, 57.78125, 60.25, 62.71875, 65.1875, 67.65625, 70.125, 72.59375, 75.0625, 77.53125, 80.0]}, "_timestamp": 1682652290.051935, "_runtime": 27.470200061798096, "_step": 0, "_wandb": {"runtime": 25}}