{"accuracy": 0.1692573402417962, "classification_report": "              precision    recall  f1-score   support\n\n           0       0.34      0.35      0.34       180\n           1       0.16      0.17      0.17       142\n           2       0.12      0.08      0.10       181\n           3       0.12      0.18      0.15       190\n           4       0.12      0.11      0.12       201\n           5       0.11      0.07      0.09       150\n           6       0.14      0.21      0.16       178\n           7       0.17      0.13      0.15       171\n           8       0.15      0.13      0.14       171\n           9       0.28      0.24      0.26       173\n\n    accuracy                           0.17      1737\n   macro avg       0.17      0.17      0.17      1737\nweighted avg       0.17      0.17      0.17      1737\n", "confusion_matrix": {"_type": "histogram", "values": [2, 3, 5, 9, 10, 6, 12, 5, 8, 9, 3, 5, 7, 3, 4, 0, 2, 3, 1, 1, 0, 1, 0, 0, 0, 0, 0, 0, 0, 0, 0, 1], "bins": [1.0, 2.9375, 4.875, 6.8125, 8.75, 10.6875, 12.625, 14.5625, 16.5, 18.4375, 20.375, 22.3125, 24.25, 26.1875, 28.125, 30.0625, 32.0, 33.9375, 35.875, 37.8125, 39.75, 41.6875, 43.625, 45.5625, 47.5, 49.4375, 51.375, 53.3125, 55.25, 57.1875, 59.125, 61.0625, 63.0]}, "_timestamp": 1682596505.008013, "_runtime": 8.46622610092163, "_step": 0, "_wandb": {"runtime": 6}}