{"accuracy": 0.17213586643638457, "classification_report": "              precision    recall  f1-score   support\n\n           0       0.32      0.35      0.34       180\n           1       0.11      0.16      0.13       142\n           2       0.13      0.09      0.11       181\n           3       0.11      0.16      0.13       190\n           4       0.16      0.11      0.13       201\n           5       0.09      0.03      0.04       150\n           6       0.16      0.22      0.18       178\n           7       0.15      0.09      0.12       171\n           8       0.24      0.09      0.13       171\n           9       0.21      0.40      0.27       173\n\n    accuracy                           0.17      1737\n   macro avg       0.17      0.17      0.16      1737\nweighted avg       0.17      0.17      0.16      1737\n", "confusion_matrix": {"_type": "histogram", "values": [7, 12, 7, 10, 7, 6, 7, 6, 5, 3, 3, 3, 1, 3, 6, 5, 2, 2, 0, 0, 1, 0, 1, 1, 0, 0, 0, 0, 0, 1, 0, 1], "bins": [1.0, 3.125, 5.25, 7.375, 9.5, 11.625, 13.75, 15.875, 18.0, 20.125, 22.25, 24.375, 26.5, 28.625, 30.75, 32.875, 35.0, 37.125, 39.25, 41.375, 43.5, 45.625, 47.75, 49.875, 52.0, 54.125, 56.25, 58.375, 60.5, 62.625, 64.75, 66.875, 69.0]}, "_timestamp": 1682595064.250587, "_runtime": 1.8125910758972168, "_step": 0, "_wandb": {"runtime": 0}}