{"accuracy": 0.18595279217040875, "classification_report": "              precision    recall  f1-score   support\n\n           0       0.38      0.21      0.27       180\n           1       0.18      0.22      0.20       142\n           2       0.14      0.17      0.15       181\n           3       0.15      0.15      0.15       190\n           4       0.15      0.20      0.17       201\n           5       0.12      0.09      0.10       150\n           6       0.18      0.28      0.21       178\n           7       0.17      0.15      0.16       171\n           8       0.24      0.15      0.19       171\n           9       0.31      0.24      0.27       173\n\n    accuracy                           0.19      1737\n   macro avg       0.20      0.19      0.19      1737\nweighted avg       0.20      0.19      0.19      1737\n", "confusion_matrix": {"_type": "histogram", "values": [6, 3, 10, 4, 4, 2, 9, 2, 11, 4, 6, 2, 2, 4, 4, 3, 6, 4, 4, 2, 0, 0, 1, 0, 3, 0, 2, 0, 0, 0, 0, 2], "bins": [2.0, 3.5, 5.0, 6.5, 8.0, 9.5, 11.0, 12.5, 14.0, 15.5, 17.0, 18.5, 20.0, 21.5, 23.0, 24.5, 26.0, 27.5, 29.0, 30.5, 32.0, 33.5, 35.0, 36.5, 38.0, 39.5, 41.0, 42.5, 44.0, 45.5, 47.0, 48.5, 50.0]}, "_timestamp": 1682687145.7702038, "_runtime": 20.202475786209106, "_step": 0, "_wandb": {"runtime": 17}}