{"accuracy": 0.15544041450777202, "classification_report": "              precision    recall  f1-score   support\n\n           0       0.25      0.26      0.25       180\n           1       0.17      0.21      0.19       142\n           2       0.11      0.15      0.13       181\n           3       0.14      0.14      0.14       190\n           4       0.18      0.14      0.16       201\n           5       0.13      0.12      0.13       150\n           6       0.12      0.12      0.12       178\n           7       0.12      0.11      0.11       171\n           8       0.12      0.11      0.11       171\n           9       0.22      0.21      0.22       173\n\n    accuracy                           0.16      1737\n   macro avg       0.16      0.16      0.15      1737\nweighted avg       0.16      0.16      0.15      1737\n", "confusion_matrix": {"_type": "histogram", "values": [2, 5, 3, 4, 5, 6, 10, 5, 2, 12, 9, 4, 9, 4, 1, 3, 2, 4, 2, 2, 1, 0, 0, 0, 2, 2, 0, 0, 0, 0, 0, 1], "bins": [4.0, 5.3125, 6.625, 7.9375, 9.25, 10.5625, 11.875, 13.1875, 14.5, 15.8125, 17.125, 18.4375, 19.75, 21.0625, 22.375, 23.6875, 25.0, 26.3125, 27.625, 28.9375, 30.25, 31.5625, 32.875, 34.1875, 35.5, 36.8125, 38.125, 39.4375, 40.75, 42.0625, 43.375, 44.6875, 46.0]}, "_timestamp": 1682596310.9414558, "_runtime": 1.905667781829834, "_step": 0, "_wandb": {"runtime": 0}}