{"accuracy": 0.16810592976396085, "classification_report": "              precision    recall  f1-score   support\n\n           0       0.36      0.28      0.32       180\n           1       0.21      0.10      0.13       142\n           2       0.14      0.25      0.18       181\n           3       0.12      0.21      0.15       190\n           4       0.12      0.14      0.13       201\n           5       0.13      0.04      0.06       150\n           6       0.08      0.09      0.09       178\n           7       0.17      0.10      0.13       171\n           8       0.15      0.15      0.15       171\n           9       0.35      0.28      0.31       173\n\n    accuracy                           0.17      1737\n   macro avg       0.18      0.16      0.17      1737\nweighted avg       0.18      0.17      0.17      1737\n", "confusion_matrix": {"_type": "histogram", "values": [2, 9, 11, 8, 7, 3, 3, 3, 5, 5, 4, 6, 7, 5, 2, 1, 3, 4, 3, 0, 1, 0, 2, 1, 2, 0, 1, 0, 1, 0, 0, 1], "bins": [0.0, 1.8125, 3.625, 5.4375, 7.25, 9.0625, 10.875, 12.6875, 14.5, 16.3125, 18.125, 19.9375, 21.75, 23.5625, 25.375, 27.1875, 29.0, 30.8125, 32.625, 34.4375, 36.25, 38.0625, 39.875, 41.6875, 43.5, 45.3125, 47.125, 48.9375, 50.75, 52.5625, 54.375, 56.1875, 58.0]}, "_timestamp": 1682681771.918436, "_runtime": 2.2912001609802246, "_step": 0, "_wandb": {"runtime": 0}}