{"accuracy": 0.15544041450777202, "classification_report": "              precision    recall  f1-score   support\n\n           0       0.25      0.27      0.26       180\n           1       0.11      0.14      0.13       142\n           2       0.14      0.14      0.14       181\n           3       0.14      0.14      0.14       190\n           4       0.14      0.13      0.13       201\n           5       0.13      0.13      0.13       150\n           6       0.14      0.13      0.13       178\n           7       0.16      0.13      0.14       171\n           8       0.12      0.11      0.11       171\n           9       0.21      0.24      0.22       173\n\n    accuracy                           0.16      1737\n   macro avg       0.15      0.15      0.15      1737\nweighted avg       0.15      0.16      0.15      1737\n", "confusion_matrix": {"_type": "histogram", "values": [5, 1, 3, 3, 0, 8, 8, 7, 11, 10, 13, 6, 5, 7, 0, 2, 6, 0, 0, 1, 1, 0, 0, 0, 0, 0, 1, 1, 0, 0, 0, 1], "bins": [4.0, 5.375, 6.75, 8.125, 9.5, 10.875, 12.25, 13.625, 15.0, 16.375, 17.75, 19.125, 20.5, 21.875, 23.25, 24.625, 26.0, 27.375, 28.75, 30.125, 31.5, 32.875, 34.25, 35.625, 37.0, 38.375, 39.75, 41.125, 42.5, 43.875, 45.25, 46.625, 48.0]}, "_timestamp": 1682596589.266465, "_runtime": 9.83810806274414, "_step": 0, "_wandb": {"runtime": 7}}