{"accuracy": 0.1669545192861255, "classification_report": "              precision    recall  f1-score   support\n\n           0       0.38      0.45      0.41       180\n           1       0.14      0.20      0.16       142\n           2       0.10      0.08      0.09       181\n           3       0.14      0.11      0.12       190\n           4       0.13      0.08      0.10       201\n           5       0.10      0.11      0.11       150\n           6       0.08      0.07      0.08       178\n           7       0.13      0.12      0.12       171\n           8       0.14      0.16      0.15       171\n           9       0.23      0.30      0.26       173\n\n    accuracy                           0.17      1737\n   macro avg       0.16      0.17      0.16      1737\nweighted avg       0.16      0.17      0.16      1737\n", "confusion_matrix": {"_type": "histogram", "values": [4, 5, 11, 10, 18, 7, 11, 12, 4, 6, 3, 1, 1, 2, 2, 1, 0, 0, 0, 0, 1, 0, 0, 0, 0, 0, 0, 0, 0, 0, 0, 1], "bins": [2.0, 4.46875, 6.9375, 9.40625, 11.875, 14.34375, 16.8125, 19.28125, 21.75, 24.21875, 26.6875, 29.15625, 31.625, 34.09375, 36.5625, 39.03125, 41.5, 43.96875, 46.4375, 48.90625, 51.375, 53.84375, 56.3125, 58.78125, 61.25, 63.71875, 66.1875, 68.65625, 71.125, 73.59375, 76.0625, 78.53125, 81.0]}, "_timestamp": 1682608788.159891, "_runtime": 40.974766969680786, "_step": 0, "_wandb": {"runtime": 39}}