{"accuracy": 0.12607944732297063, "classification_report": "              precision    recall  f1-score   support\n\n           0       0.29      0.11      0.16       180\n           1       0.09      0.87      0.17       142\n           2       0.11      0.09      0.10       181\n           3       0.32      0.03      0.06       190\n           4       0.28      0.06      0.10       201\n           5       0.33      0.01      0.03       150\n           6       0.27      0.03      0.06       178\n           7       0.30      0.07      0.11       171\n           8       0.55      0.06      0.12       171\n           9       0.53      0.05      0.09       173\n\n    accuracy                           0.13      1737\n   macro avg       0.31      0.14      0.10      1737\nweighted avg       0.31      0.13      0.10      1737\n", "confusion_matrix": {"_type": "histogram", "values": [61, 16, 7, 3, 3, 0, 0, 0, 0, 0, 0, 0, 0, 0, 0, 0, 0, 0, 0, 0, 0, 0, 0, 0, 3, 1, 0, 1, 1, 2, 0, 2], "bins": [0.0, 4.875, 9.75, 14.625, 19.5, 24.375, 29.25, 34.125, 39.0, 43.875, 48.75, 53.625, 58.5, 63.375, 68.25, 73.125, 78.0, 82.875, 87.75, 92.625, 97.5, 102.375, 107.25, 112.125, 117.0, 121.875, 126.75, 131.625, 136.5, 141.375, 146.25, 151.125, 156.0]}, "_timestamp": 1682653351.044159, "_runtime": 9.316699981689453, "_step": 0, "_wandb": {"runtime": 7}}