{"accuracy": 0.1652274035693725, "classification_report": "              precision    recall  f1-score   support\n\n           0       0.31      0.31      0.31       180\n           1       0.17      0.18      0.18       142\n           2       0.12      0.09      0.11       181\n           3       0.12      0.17      0.14       190\n           4       0.12      0.11      0.11       201\n           5       0.10      0.06      0.07       150\n           6       0.13      0.21      0.16       178\n           7       0.17      0.12      0.14       171\n           8       0.15      0.13      0.14       171\n           9       0.28      0.26      0.27       173\n\n    accuracy                           0.17      1737\n   macro avg       0.17      0.16      0.16      1737\nweighted avg       0.17      0.17      0.16      1737\n", "confusion_matrix": {"_type": "histogram", "values": [4, 3, 8, 5, 10, 9, 5, 4, 5, 7, 7, 6, 1, 7, 6, 0, 3, 2, 1, 1, 2, 1, 1, 0, 0, 1, 0, 0, 0, 0, 0, 1], "bins": [2.0, 3.6875, 5.375, 7.0625, 8.75, 10.4375, 12.125, 13.8125, 15.5, 17.1875, 18.875, 20.5625, 22.25, 23.9375, 25.625, 27.3125, 29.0, 30.6875, 32.375, 34.0625, 35.75, 37.4375, 39.125, 40.8125, 42.5, 44.1875, 45.875, 47.5625, 49.25, 50.9375, 52.625, 54.3125, 56.0]}, "_timestamp": 1682596517.9243221, "_runtime": 8.274968147277832, "_step": 0, "_wandb": {"runtime": 6}}