{"accuracy": 0.23949337938975246, "classification_report": "              precision    recall  f1-score   support\n\n           0       0.42      0.51      0.46       180\n           1       0.18      0.22      0.20       142\n           2       0.25      0.25      0.25       181\n           3       0.18      0.19      0.19       190\n           4       0.18      0.13      0.15       201\n           5       0.14      0.08      0.10       150\n           6       0.17      0.20      0.19       178\n           7       0.17      0.15      0.16       171\n           8       0.28      0.18      0.22       171\n           9       0.31      0.46      0.37       173\n\n    accuracy                           0.24      1737\n   macro avg       0.23      0.24      0.23      1737\nweighted avg       0.23      0.24      0.23      1737\n", "confusion_matrix": {"_type": "histogram", "values": [5, 14, 11, 16, 9, 9, 8, 3, 7, 5, 3, 0, 5, 1, 0, 2, 0, 0, 0, 0, 0, 0, 0, 0, 0, 0, 0, 1, 0, 0, 0, 1], "bins": [1.0, 3.84375, 6.6875, 9.53125, 12.375, 15.21875, 18.0625, 20.90625, 23.75, 26.59375, 29.4375, 32.28125, 35.125, 37.96875, 40.8125, 43.65625, 46.5, 49.34375, 52.1875, 55.03125, 57.875, 60.71875, 63.5625, 66.40625, 69.25, 72.09375, 74.9375, 77.78125, 80.625, 83.46875, 86.3125, 89.15625, 92.0]}, "_timestamp": 1682693875.235997, "_runtime": 35.09455585479736, "_step": 0, "_wandb": {"runtime": 33}}