{"accuracy": 0.15486470926885434, "classification_report": "              precision    recall  f1-score   support\n\n           0       0.24      0.25      0.25       180\n           1       0.13      0.15      0.14       142\n           2       0.13      0.13      0.13       181\n           3       0.16      0.15      0.16       190\n           4       0.14      0.14      0.14       201\n           5       0.10      0.10      0.10       150\n           6       0.12      0.11      0.11       178\n           7       0.15      0.13      0.14       171\n           8       0.14      0.12      0.13       171\n           9       0.22      0.25      0.23       173\n\n    accuracy                           0.15      1737\n   macro avg       0.15      0.15      0.15      1737\nweighted avg       0.15      0.15      0.15      1737\n", "confusion_matrix": {"_type": "histogram", "values": [4, 1, 2, 7, 3, 2, 3, 12, 10, 3, 13, 9, 3, 7, 8, 2, 1, 3, 0, 3, 0, 0, 0, 1, 0, 0, 0, 0, 0, 0, 2, 1], "bins": [4.0, 5.28125, 6.5625, 7.84375, 9.125, 10.40625, 11.6875, 12.96875, 14.25, 15.53125, 16.8125, 18.09375, 19.375, 20.65625, 21.9375, 23.21875, 24.5, 25.78125, 27.0625, 28.34375, 29.625, 30.90625, 32.1875, 33.46875, 34.75, 36.03125, 37.3125, 38.59375, 39.875, 41.15625, 42.4375, 43.71875, 45.0]}, "_timestamp": 1682596574.962891, "_runtime": 9.65608811378479, "_step": 0, "_wandb": {"runtime": 8}}