{"accuracy": 0.2337363270005757, "classification_report": "              precision    recall  f1-score   support\n\n           0       0.41      0.35      0.38       180\n           1       0.25      0.29      0.27       142\n           2       0.20      0.19      0.20       181\n           3       0.19      0.19      0.19       190\n           4       0.20      0.16      0.18       201\n           5       0.18      0.19      0.19       150\n           6       0.24      0.23      0.24       178\n           7       0.17      0.20      0.18       171\n           8       0.20      0.20      0.20       171\n           9       0.32      0.35      0.33       173\n\n    accuracy                           0.23      1737\n   macro avg       0.24      0.24      0.23      1737\nweighted avg       0.24      0.23      0.23      1737\n", "confusion_matrix": {"_type": "histogram", "values": [1, 5, 6, 13, 9, 7, 5, 8, 9, 9, 3, 4, 2, 2, 2, 2, 3, 5, 1, 0, 2, 0, 0, 0, 0, 0, 0, 0, 0, 0, 1, 1], "bins": [1.0, 2.9375, 4.875, 6.8125, 8.75, 10.6875, 12.625, 14.5625, 16.5, 18.4375, 20.375, 22.3125, 24.25, 26.1875, 28.125, 30.0625, 32.0, 33.9375, 35.875, 37.8125, 39.75, 41.6875, 43.625, 45.5625, 47.5, 49.4375, 51.375, 53.3125, 55.25, 57.1875, 59.125, 61.0625, 63.0]}, "_timestamp": 1682592193.105043, "_runtime": 6.897119998931885, "_step": 0, "_wandb": {"runtime": 5}}