{"accuracy": 0.1491076568796776, "classification_report": "              precision    recall  f1-score   support\n\n           0       0.35      0.13      0.19       180\n           1       0.23      0.07      0.11       142\n           2       0.29      0.09      0.14       181\n           3       0.31      0.08      0.13       190\n           4       0.35      0.08      0.13       201\n           5       0.26      0.06      0.10       150\n           6       0.31      0.07      0.11       178\n           7       0.27      0.10      0.15       171\n           8       0.10      0.74      0.17       171\n           9       0.43      0.08      0.13       173\n\n    accuracy                           0.15      1737\n   macro avg       0.29      0.15      0.14      1737\nweighted avg       0.29      0.15      0.14      1737\n", "confusion_matrix": {"_type": "histogram", "values": [58, 22, 5, 4, 0, 1, 0, 0, 0, 0, 0, 0, 0, 0, 0, 0, 0, 0, 0, 0, 0, 0, 1, 0, 1, 0, 3, 0, 1, 3, 0, 1], "bins": [0.0, 4.71875, 9.4375, 14.15625, 18.875, 23.59375, 28.3125, 33.03125, 37.75, 42.46875, 47.1875, 51.90625, 56.625, 61.34375, 66.0625, 70.78125, 75.5, 80.21875, 84.9375, 89.65625, 94.375, 99.09375, 103.8125, 108.53125, 113.25, 117.96875, 122.6875, 127.40625, 132.125, 136.84375, 141.5625, 146.28125, 151.0]}, "_timestamp": 1682653239.4829628, "_runtime": 10.624690771102905, "_step": 0, "_wandb": {"runtime": 8}}