{"accuracy": 0.21301093839953944, "classification_report": "              precision    recall  f1-score   support\n\n           0       0.26      0.73      0.39       180\n           1       0.17      0.20      0.18       142\n           2       0.13      0.09      0.11       181\n           3       0.17      0.09      0.12       190\n           4       0.16      0.07      0.10       201\n           5       0.13      0.05      0.08       150\n           6       0.17      0.11      0.13       178\n           7       0.17      0.16      0.17       171\n           8       0.16      0.11      0.13       171\n           9       0.29      0.51      0.37       173\n\n    accuracy                           0.21      1737\n   macro avg       0.18      0.21      0.18      1737\nweighted avg       0.18      0.21      0.18      1737\n", "confusion_matrix": {"_type": "histogram", "values": [15, 13, 26, 12, 6, 10, 6, 2, 1, 2, 1, 0, 1, 1, 0, 1, 0, 1, 0, 0, 0, 1, 0, 0, 0, 0, 0, 0, 0, 0, 0, 1], "bins": [0.0, 4.09375, 8.1875, 12.28125, 16.375, 20.46875, 24.5625, 28.65625, 32.75, 36.84375, 40.9375, 45.03125, 49.125, 53.21875, 57.3125, 61.40625, 65.5, 69.59375, 73.6875, 77.78125, 81.875, 85.96875, 90.0625, 94.15625, 98.25, 102.34375, 106.4375, 110.53125, 114.625, 118.71875, 122.8125, 126.90625, 131.0]}, "_timestamp": 1682654007.05674, "_runtime": 1.7668170928955078, "_step": 0, "_wandb": {"runtime": 0}}