{"accuracy": 0.17040875071963155, "classification_report": "              precision    recall  f1-score   support\n\n           0       0.32      0.33      0.33       180\n           1       0.11      0.16      0.13       142\n           2       0.14      0.10      0.12       181\n           3       0.11      0.16      0.13       190\n           4       0.16      0.11      0.13       201\n           5       0.10      0.03      0.05       150\n           6       0.16      0.22      0.19       178\n           7       0.14      0.08      0.10       171\n           8       0.24      0.08      0.12       171\n           9       0.20      0.40      0.27       173\n\n    accuracy                           0.17      1737\n   macro avg       0.17      0.17      0.16      1737\nweighted avg       0.17      0.17      0.16      1737\n", "confusion_matrix": {"_type": "histogram", "values": [5, 9, 10, 11, 5, 4, 14, 4, 4, 3, 3, 3, 2, 3, 5, 4, 2, 3, 1, 0, 0, 1, 1, 1, 0, 0, 0, 1, 0, 0, 0, 1], "bins": [0.0, 2.15625, 4.3125, 6.46875, 8.625, 10.78125, 12.9375, 15.09375, 17.25, 19.40625, 21.5625, 23.71875, 25.875, 28.03125, 30.1875, 32.34375, 34.5, 36.65625, 38.8125, 40.96875, 43.125, 45.28125, 47.4375, 49.59375, 51.75, 53.90625, 56.0625, 58.21875, 60.375, 62.53125, 64.6875, 66.84375, 69.0]}, "_timestamp": 1682595010.4166532, "_runtime": 2.2619211673736572, "_step": 0, "_wandb": {"runtime": 0}}