{"accuracy": 0.16868163500287853, "classification_report": "              precision    recall  f1-score   support\n\n           0       0.16      0.76      0.26       180\n           1       0.00      0.00      0.00       142\n           2       0.00      0.00      0.00       181\n           3       0.50      0.01      0.01       190\n           4       0.11      0.20      0.15       201\n           5       0.00      0.00      0.00       150\n           6       0.18      0.12      0.15       178\n           7       0.23      0.02      0.03       171\n           8       0.20      0.09      0.12       171\n           9       0.25      0.43      0.32       173\n\n    accuracy                           0.17      1737\n   macro avg       0.16      0.16      0.10      1737\nweighted avg       0.17      0.17      0.11      1737\n", "confusion_matrix": {"_type": "histogram", "values": [56, 7, 2, 6, 2, 2, 2, 2, 5, 2, 1, 3, 1, 0, 0, 1, 1, 1, 0, 1, 0, 1, 0, 2, 0, 0, 1, 0, 0, 0, 0, 1], "bins": [0.0, 4.25, 8.5, 12.75, 17.0, 21.25, 25.5, 29.75, 34.0, 38.25, 42.5, 46.75, 51.0, 55.25, 59.5, 63.75, 68.0, 72.25, 76.5, 80.75, 85.0, 89.25, 93.5, 97.75, 102.0, 106.25, 110.5, 114.75, 119.0, 123.25, 127.5, 131.75, 136.0]}, "_timestamp": 1682682093.91655, "_runtime": 2.491731882095337, "_step": 0, "_wandb": {"runtime": 0}}