{"accuracy": 0.1692573402417962, "classification_report": "              precision    recall  f1-score   support\n\n           0       0.34      0.33      0.34       180\n           1       0.15      0.13      0.14       142\n           2       0.14      0.18      0.16       181\n           3       0.15      0.17      0.16       190\n           4       0.12      0.08      0.10       201\n           5       0.10      0.07      0.08       150\n           6       0.14      0.13      0.13       178\n           7       0.16      0.15      0.15       171\n           8       0.15      0.14      0.15       171\n           9       0.20      0.29      0.24       173\n\n    accuracy                           0.17      1737\n   macro avg       0.16      0.17      0.16      1737\nweighted avg       0.17      0.17      0.17      1737\n", "confusion_matrix": {"_type": "histogram", "values": [2, 4, 9, 10, 5, 3, 8, 9, 16, 3, 2, 7, 6, 2, 4, 0, 3, 3, 1, 1, 0, 0, 0, 0, 0, 0, 0, 1, 0, 0, 0, 1], "bins": [2.0, 3.8125, 5.625, 7.4375, 9.25, 11.0625, 12.875, 14.6875, 16.5, 18.3125, 20.125, 21.9375, 23.75, 25.5625, 27.375, 29.1875, 31.0, 32.8125, 34.625, 36.4375, 38.25, 40.0625, 41.875, 43.6875, 45.5, 47.3125, 49.125, 50.9375, 52.75, 54.5625, 56.375, 58.1875, 60.0]}, "_timestamp": 1682596725.398156, "_runtime": 1.916079044342041, "_step": 0, "_wandb": {"runtime": 0}}