{"accuracy": 0.1824985607369027, "classification_report": "              precision    recall  f1-score   support\n\n           0       0.21      0.88      0.34       180\n           1       0.33      0.02      0.04       142\n           2       0.09      0.02      0.03       181\n           3       0.11      0.13      0.12       190\n           4       0.17      0.07      0.10       201\n           5       0.00      0.00      0.00       150\n           6       0.14      0.16      0.15       178\n           7       0.16      0.09      0.12       171\n           8       0.15      0.13      0.14       171\n           9       0.28      0.27      0.27       173\n\n    accuracy                           0.18      1737\n   macro avg       0.16      0.18      0.13      1737\nweighted avg       0.16      0.18      0.13      1737\n", "confusion_matrix": {"_type": "histogram", "values": [38, 9, 13, 12, 7, 5, 4, 2, 1, 1, 2, 1, 0, 0, 0, 1, 0, 0, 1, 1, 0, 1, 0, 0, 0, 0, 0, 0, 0, 0, 0, 1], "bins": [0.0, 4.96875, 9.9375, 14.90625, 19.875, 24.84375, 29.8125, 34.78125, 39.75, 44.71875, 49.6875, 54.65625, 59.625, 64.59375, 69.5625, 74.53125, 79.5, 84.46875, 89.4375, 94.40625, 99.375, 104.34375, 109.3125, 114.28125, 119.25, 124.21875, 129.1875, 134.15625, 139.125, 144.09375, 149.0625, 154.03125, 159.0]}, "_timestamp": 1682681724.282783, "_runtime": 2.415112018585205, "_step": 0, "_wandb": {"runtime": 0}}