{"accuracy": 0.06850892343120323, "classification_report": "              precision    recall  f1-score   support\n\n           0       0.02      0.12      0.04       180\n           1       0.13      0.68      0.21       142\n           2       0.00      0.00      0.00       181\n           3       0.00      0.00      0.00       190\n           4       0.00      0.00      0.00       201\n           5       0.00      0.00      0.00       150\n           6       0.00      0.00      0.00       178\n           7       0.00      0.00      0.00       171\n           8       0.00      0.00      0.00       171\n           9       0.00      0.00      0.00       173\n\n    accuracy                           0.07      1737\n   macro avg       0.01      0.08      0.03      1737\nweighted avg       0.01      0.07      0.02      1737\n", "confusion_matrix": {"_type": "histogram", "values": [80, 0, 0, 0, 1, 0, 1, 1, 1, 2, 0, 1, 0, 1, 0, 0, 0, 0, 2, 1, 2, 0, 2, 0, 1, 0, 2, 0, 1, 0, 0, 1], "bins": [0.0, 4.9375, 9.875, 14.8125, 19.75, 24.6875, 29.625, 34.5625, 39.5, 44.4375, 49.375, 54.3125, 59.25, 64.1875, 69.125, 74.0625, 79.0, 83.9375, 88.875, 93.8125, 98.75, 103.6875, 108.625, 113.5625, 118.5, 123.4375, 128.375, 133.3125, 138.25, 143.1875, 148.125, 153.0625, 158.0]}, "_timestamp": 1682772912.1654909, "_runtime": 2.545696973800659, "_step": 0, "_wandb": {"runtime": 1}}