{"accuracy": 0.1807714450201497, "classification_report": "              precision    recall  f1-score   support\n\n           0       0.26      0.70      0.38       180\n           1       0.00      0.00      0.00       142\n           2       0.13      0.10      0.11       181\n           3       0.15      0.13      0.14       190\n           4       0.21      0.14      0.17       201\n           5       0.09      0.03      0.05       150\n           6       0.12      0.15      0.13       178\n           7       0.10      0.08      0.09       171\n           8       0.18      0.01      0.02       171\n           9       0.17      0.40      0.24       173\n\n    accuracy                           0.18      1737\n   macro avg       0.14      0.17      0.13      1737\nweighted avg       0.15      0.18      0.14      1737\n", "confusion_matrix": {"_type": "histogram", "values": [27, 8, 10, 13, 8, 10, 7, 2, 2, 3, 2, 1, 2, 1, 0, 0, 0, 1, 2, 0, 0, 0, 0, 0, 0, 0, 0, 0, 0, 0, 0, 1], "bins": [0.0, 3.9375, 7.875, 11.8125, 15.75, 19.6875, 23.625, 27.5625, 31.5, 35.4375, 39.375, 43.3125, 47.25, 51.1875, 55.125, 59.0625, 63.0, 66.9375, 70.875, 74.8125, 78.75, 82.6875, 86.625, 90.5625, 94.5, 98.4375, 102.375, 106.3125, 110.25, 114.1875, 118.125, 122.0625, 126.0]}, "_timestamp": 1682603468.556077, "_runtime": 1.753066062927246, "_step": 0, "_wandb": {"runtime": 0}}