{"accuracy": 0.17616580310880828, "classification_report": "              precision    recall  f1-score   support\n\n           0       0.34      0.32      0.33       180\n           1       0.14      0.29      0.19       142\n           2       0.13      0.13      0.13       181\n           3       0.12      0.06      0.08       190\n           4       0.11      0.11      0.11       201\n           5       0.15      0.11      0.13       150\n           6       0.20      0.15      0.17       178\n           7       0.09      0.07      0.08       171\n           8       0.20      0.19      0.19       171\n           9       0.23      0.36      0.28       173\n\n    accuracy                           0.18      1737\n   macro avg       0.17      0.18      0.17      1737\nweighted avg       0.17      0.18      0.17      1737\n", "confusion_matrix": {"_type": "histogram", "values": [4, 6, 8, 5, 13, 9, 3, 9, 8, 5, 3, 7, 4, 4, 1, 3, 3, 0, 1, 0, 1, 0, 0, 0, 0, 0, 1, 0, 0, 1, 0, 1], "bins": [2.0, 3.90625, 5.8125, 7.71875, 9.625, 11.53125, 13.4375, 15.34375, 17.25, 19.15625, 21.0625, 22.96875, 24.875, 26.78125, 28.6875, 30.59375, 32.5, 34.40625, 36.3125, 38.21875, 40.125, 42.03125, 43.9375, 45.84375, 47.75, 49.65625, 51.5625, 53.46875, 55.375, 57.28125, 59.1875, 61.09375, 63.0]}, "_timestamp": 1682602993.406296, "_runtime": 2.0754899978637695, "_step": 0, "_wandb": {"runtime": 0}}