{"accuracy": 0.15889464594127806, "classification_report": "              precision    recall  f1-score   support\n\n           0       0.25      0.23      0.24       180\n           1       0.15      0.18      0.16       142\n           2       0.13      0.14      0.13       181\n           3       0.13      0.13      0.13       190\n           4       0.14      0.14      0.14       201\n           5       0.13      0.12      0.12       150\n           6       0.14      0.13      0.13       178\n           7       0.15      0.14      0.15       171\n           8       0.13      0.12      0.12       171\n           9       0.24      0.27      0.25       173\n\n    accuracy                           0.16      1737\n   macro avg       0.16      0.16      0.16      1737\nweighted avg       0.16      0.16      0.16      1737\n", "confusion_matrix": {"_type": "histogram", "values": [2, 1, 4, 5, 7, 2, 2, 12, 7, 12, 8, 6, 8, 4, 8, 3, 1, 1, 2, 1, 1, 0, 0, 0, 0, 0, 0, 1, 0, 0, 1, 1], "bins": [3.0, 4.40625, 5.8125, 7.21875, 8.625, 10.03125, 11.4375, 12.84375, 14.25, 15.65625, 17.0625, 18.46875, 19.875, 21.28125, 22.6875, 24.09375, 25.5, 26.90625, 28.3125, 29.71875, 31.125, 32.53125, 33.9375, 35.34375, 36.75, 38.15625, 39.5625, 40.96875, 42.375, 43.78125, 45.1875, 46.59375, 48.0]}, "_timestamp": 1682603383.630093, "_runtime": 9.729183197021484, "_step": 0, "_wandb": {"runtime": 8}}