{"accuracy": 0.153713298791019, "classification_report": "              precision    recall  f1-score   support\n\n           0       0.29      0.28      0.29       180\n           1       0.14      0.18      0.16       142\n           2       0.14      0.17      0.15       181\n           3       0.12      0.12      0.12       190\n           4       0.13      0.14      0.13       201\n           5       0.09      0.07      0.08       150\n           6       0.12      0.15      0.13       178\n           7       0.19      0.15      0.16       171\n           8       0.11      0.09      0.10       171\n           9       0.23      0.19      0.21       173\n\n    accuracy                           0.15      1737\n   macro avg       0.15      0.15      0.15      1737\nweighted avg       0.16      0.15      0.15      1737\n", "confusion_matrix": {"_type": "histogram", "values": [4, 3, 0, 7, 3, 13, 3, 8, 7, 10, 2, 9, 3, 3, 4, 5, 7, 1, 1, 1, 2, 1, 0, 1, 1, 0, 0, 0, 0, 0, 0, 1], "bins": [2.0, 3.53125, 5.0625, 6.59375, 8.125, 9.65625, 11.1875, 12.71875, 14.25, 15.78125, 17.3125, 18.84375, 20.375, 21.90625, 23.4375, 24.96875, 26.5, 28.03125, 29.5625, 31.09375, 32.625, 34.15625, 35.6875, 37.21875, 38.75, 40.28125, 41.8125, 43.34375, 44.875, 46.40625, 47.9375, 49.46875, 51.0]}, "_timestamp": 1682596304.990586, "_runtime": 1.8683850765228271, "_step": 0, "_wandb": {"runtime": 0}}