{"accuracy": 0.23085780080598733, "classification_report": "              precision    recall  f1-score   support\n\n           0       0.43      0.38      0.41       180\n           1       0.23      0.28      0.25       142\n           2       0.19      0.19      0.19       181\n           3       0.16      0.14      0.15       190\n           4       0.20      0.17      0.19       201\n           5       0.17      0.15      0.16       150\n           6       0.20      0.21      0.20       178\n           7       0.18      0.21      0.19       171\n           8       0.20      0.20      0.20       171\n           9       0.33      0.38      0.35       173\n\n    accuracy                           0.23      1737\n   macro avg       0.23      0.23      0.23      1737\nweighted avg       0.23      0.23      0.23      1737\n", "confusion_matrix": {"_type": "histogram", "values": [7, 7, 9, 9, 8, 8, 6, 11, 2, 6, 12, 1, 0, 2, 0, 5, 4, 0, 1, 0, 0, 0, 0, 0, 0, 0, 0, 0, 0, 0, 1, 1], "bins": [2.0, 4.09375, 6.1875, 8.28125, 10.375, 12.46875, 14.5625, 16.65625, 18.75, 20.84375, 22.9375, 25.03125, 27.125, 29.21875, 31.3125, 33.40625, 35.5, 37.59375, 39.6875, 41.78125, 43.875, 45.96875, 48.0625, 50.15625, 52.25, 54.34375, 56.4375, 58.53125, 60.625, 62.71875, 64.8125, 66.90625, 69.0]}, "_timestamp": 1682592268.882765, "_runtime": 2.033292055130005, "_step": 0, "_wandb": {"runtime": 0}}