{"accuracy": 0.17040875071963155, "classification_report": "              precision    recall  f1-score   support\n\n           0       0.26      0.30      0.28       180\n           1       0.08      0.10      0.09       142\n           2       0.16      0.17      0.16       181\n           3       0.12      0.12      0.12       190\n           4       0.18      0.17      0.18       201\n           5       0.12      0.11      0.11       150\n           6       0.16      0.17      0.16       178\n           7       0.23      0.17      0.19       171\n           8       0.19      0.18      0.18       171\n           9       0.22      0.20      0.21       173\n\n    accuracy                           0.17      1737\n   macro avg       0.17      0.17      0.17      1737\nweighted avg       0.17      0.17      0.17      1737\n", "confusion_matrix": {"_type": "histogram", "values": [2, 3, 2, 8, 4, 13, 8, 8, 10, 4, 4, 7, 6, 7, 0, 4, 5, 2, 0, 1, 1, 0, 0, 0, 0, 0, 0, 0, 0, 0, 0, 1], "bins": [3.0, 4.59375, 6.1875, 7.78125, 9.375, 10.96875, 12.5625, 14.15625, 15.75, 17.34375, 18.9375, 20.53125, 22.125, 23.71875, 25.3125, 26.90625, 28.5, 30.09375, 31.6875, 33.28125, 34.875, 36.46875, 38.0625, 39.65625, 41.25, 42.84375, 44.4375, 46.03125, 47.625, 49.21875, 50.8125, 52.40625, 54.0]}, "_timestamp": 1682603043.466341, "_runtime": 1.9473850727081299, "_step": 0, "_wandb": {"runtime": 0}}