{"accuracy": 0.1848013816925734, "classification_report": "              precision    recall  f1-score   support\n\n           0       0.28      0.52      0.36       180\n           1       0.13      0.01      0.03       142\n           2       0.12      0.18      0.15       181\n           3       0.20      0.11      0.14       190\n           4       0.15      0.20      0.17       201\n           5       0.00      0.00      0.00       150\n           6       0.14      0.07      0.09       178\n           7       0.00      0.00      0.00       171\n           8       0.00      0.00      0.00       171\n           9       0.18      0.69      0.29       173\n\n    accuracy                           0.18      1737\n   macro avg       0.12      0.18      0.12      1737\nweighted avg       0.12      0.18      0.13      1737\n", "confusion_matrix": {"_type": "histogram", "values": [39, 8, 9, 7, 7, 5, 2, 2, 4, 3, 2, 2, 0, 0, 1, 2, 1, 0, 0, 1, 0, 0, 1, 1, 0, 1, 0, 0, 1, 0, 0, 1], "bins": [0.0, 3.71875, 7.4375, 11.15625, 14.875, 18.59375, 22.3125, 26.03125, 29.75, 33.46875, 37.1875, 40.90625, 44.625, 48.34375, 52.0625, 55.78125, 59.5, 63.21875, 66.9375, 70.65625, 74.375, 78.09375, 81.8125, 85.53125, 89.25, 92.96875, 96.6875, 100.40625, 104.125, 107.84375, 111.5625, 115.28125, 119.0]}, "_timestamp": 1682596694.312906, "_runtime": 1.7733631134033203, "_step": 0, "_wandb": {"runtime": 0}}