{"accuracy": 0.2360391479562464, "classification_report": "              precision    recall  f1-score   support\n\n           0       0.44      0.42      0.43       180\n           1       0.23      0.29      0.26       142\n           2       0.20      0.20      0.20       181\n           3       0.19      0.14      0.16       190\n           4       0.19      0.15      0.17       201\n           5       0.15      0.11      0.12       150\n           6       0.23      0.24      0.24       178\n           7       0.18      0.19      0.18       171\n           8       0.21      0.23      0.22       171\n           9       0.29      0.38      0.33       173\n\n    accuracy                           0.24      1737\n   macro avg       0.23      0.24      0.23      1737\nweighted avg       0.23      0.24      0.23      1737\n", "confusion_matrix": {"_type": "histogram", "values": [4, 7, 14, 10, 3, 14, 9, 8, 8, 3, 4, 2, 3, 2, 2, 2, 1, 2, 0, 0, 0, 0, 0, 0, 0, 0, 0, 1, 0, 0, 0, 1], "bins": [1.0, 3.34375, 5.6875, 8.03125, 10.375, 12.71875, 15.0625, 17.40625, 19.75, 22.09375, 24.4375, 26.78125, 29.125, 31.46875, 33.8125, 36.15625, 38.5, 40.84375, 43.1875, 45.53125, 47.875, 50.21875, 52.5625, 54.90625, 57.25, 59.59375, 61.9375, 64.28125, 66.625, 68.96875, 71.3125, 73.65625, 76.0]}, "_timestamp": 1682592410.9564018, "_runtime": 2.2352447509765625, "_step": 0, "_wandb": {"runtime": 0}}