{"accuracy": 0.14565342544617155, "classification_report": "              precision    recall  f1-score   support\n\n           0       0.33      0.11      0.17       180\n           1       0.09      0.81      0.17       142\n           2       0.16      0.13      0.15       181\n           3       0.31      0.07      0.11       190\n           4       0.28      0.08      0.13       201\n           5       0.21      0.04      0.07       150\n           6       0.28      0.06      0.10       178\n           7       0.27      0.10      0.15       171\n           8       0.50      0.09      0.16       171\n           9       0.44      0.08      0.14       173\n\n    accuracy                           0.15      1737\n   macro avg       0.29      0.16      0.13      1737\nweighted avg       0.29      0.15      0.13      1737\n", "confusion_matrix": {"_type": "histogram", "values": [56, 15, 9, 5, 4, 1, 0, 0, 0, 0, 0, 0, 0, 0, 0, 0, 0, 0, 0, 0, 0, 0, 0, 1, 2, 1, 0, 1, 0, 2, 2, 1], "bins": [0.0, 4.4375, 8.875, 13.3125, 17.75, 22.1875, 26.625, 31.0625, 35.5, 39.9375, 44.375, 48.8125, 53.25, 57.6875, 62.125, 66.5625, 71.0, 75.4375, 79.875, 84.3125, 88.75, 93.1875, 97.625, 102.0625, 106.5, 110.9375, 115.375, 119.8125, 124.25, 128.6875, 133.125, 137.5625, 142.0]}, "_timestamp": 1682653373.7045472, "_runtime": 11.455343246459961, "_step": 0, "_wandb": {"runtime": 9}}