{"accuracy": 0.16753022452504318, "classification_report": "              precision    recall  f1-score   support\n\n           0       0.31      0.29      0.30       180\n           1       0.10      0.10      0.10       142\n           2       0.17      0.18      0.18       181\n           3       0.12      0.16      0.14       190\n           4       0.17      0.16      0.17       201\n           5       0.12      0.07      0.09       150\n           6       0.15      0.20      0.17       178\n           7       0.20      0.09      0.12       171\n           8       0.17      0.22      0.19       171\n           9       0.19      0.17      0.18       173\n\n    accuracy                           0.17      1737\n   macro avg       0.17      0.16      0.16      1737\nweighted avg       0.17      0.17      0.17      1737\n", "confusion_matrix": {"_type": "histogram", "values": [6, 10, 2, 10, 4, 5, 2, 10, 8, 2, 7, 1, 7, 1, 5, 1, 3, 5, 4, 3, 0, 1, 1, 1, 0, 0, 0, 0, 0, 0, 0, 1], "bins": [3.0, 4.5625, 6.125, 7.6875, 9.25, 10.8125, 12.375, 13.9375, 15.5, 17.0625, 18.625, 20.1875, 21.75, 23.3125, 24.875, 26.4375, 28.0, 29.5625, 31.125, 32.6875, 34.25, 35.8125, 37.375, 38.9375, 40.5, 42.0625, 43.625, 45.1875, 46.75, 48.3125, 49.875, 51.4375, 53.0]}, "_timestamp": 1682596194.0616179, "_runtime": 1.8183739185333252, "_step": 0, "_wandb": {"runtime": 0}}