{"accuracy": 0.19573978123200922, "classification_report": "              precision    recall  f1-score   support\n\n           0       0.37      0.47      0.41       180\n           1       0.17      0.21      0.19       142\n           2       0.20      0.20      0.20       181\n           3       0.16      0.14      0.15       190\n           4       0.20      0.14      0.16       201\n           5       0.10      0.05      0.06       150\n           6       0.12      0.12      0.12       178\n           7       0.16      0.18      0.17       171\n           8       0.15      0.16      0.15       171\n           9       0.24      0.27      0.25       173\n\n    accuracy                           0.20      1737\n   macro avg       0.19      0.19      0.19      1737\nweighted avg       0.19      0.20      0.19      1737\n", "confusion_matrix": {"_type": "histogram", "values": [4, 10, 8, 14, 11, 10, 8, 4, 8, 8, 2, 6, 1, 2, 1, 0, 1, 1, 0, 0, 0, 0, 0, 0, 0, 0, 0, 0, 0, 0, 0, 1], "bins": [1.0, 3.625, 6.25, 8.875, 11.5, 14.125, 16.75, 19.375, 22.0, 24.625, 27.25, 29.875, 32.5, 35.125, 37.75, 40.375, 43.0, 45.625, 48.25, 50.875, 53.5, 56.125, 58.75, 61.375, 64.0, 66.625, 69.25, 71.875, 74.5, 77.125, 79.75, 82.375, 85.0]}, "_timestamp": 1682655180.433488, "_runtime": 25.728758811950684, "_step": 0, "_wandb": {"runtime": 24}}