{"accuracy": 0.15831894070236038, "classification_report": "              precision    recall  f1-score   support\n\n           0       0.24      0.22      0.23       180\n           1       0.14      0.17      0.15       142\n           2       0.14      0.14      0.14       181\n           3       0.14      0.14      0.14       190\n           4       0.16      0.16      0.16       201\n           5       0.13      0.13      0.13       150\n           6       0.14      0.13      0.13       178\n           7       0.14      0.12      0.13       171\n           8       0.12      0.12      0.12       171\n           9       0.23      0.25      0.24       173\n\n    accuracy                           0.16      1737\n   macro avg       0.16      0.16      0.16      1737\nweighted avg       0.16      0.16      0.16      1737\n", "confusion_matrix": {"_type": "histogram", "values": [2, 2, 4, 2, 7, 2, 11, 7, 8, 9, 14, 8, 8, 2, 2, 3, 0, 3, 1, 1, 1, 0, 0, 0, 0, 1, 0, 1, 0, 0, 0, 1], "bins": [3.0, 4.46875, 5.9375, 7.40625, 8.875, 10.34375, 11.8125, 13.28125, 14.75, 16.21875, 17.6875, 19.15625, 20.625, 22.09375, 23.5625, 25.03125, 26.5, 27.96875, 29.4375, 30.90625, 32.375, 33.84375, 35.3125, 36.78125, 38.25, 39.71875, 41.1875, 42.65625, 44.125, 45.59375, 47.0625, 48.53125, 50.0]}, "_timestamp": 1682596533.361376, "_runtime": 9.566939115524292, "_step": 0, "_wandb": {"runtime": 7}}