{"accuracy": 0.1692573402417962, "classification_report": "              precision    recall  f1-score   support\n\n           0       0.28      0.38      0.32       180\n           1       0.14      0.11      0.12       142\n           2       0.14      0.06      0.08       181\n           3       0.03      0.01      0.01       190\n           4       0.15      0.10      0.12       201\n           5       0.14      0.15      0.14       150\n           6       0.14      0.21      0.17       178\n           7       0.12      0.08      0.10       171\n           8       0.18      0.13      0.15       171\n           9       0.18      0.46      0.26       173\n\n    accuracy                           0.17      1737\n   macro avg       0.15      0.17      0.15      1737\nweighted avg       0.15      0.17      0.15      1737\n", "confusion_matrix": {"_type": "histogram", "values": [3, 7, 14, 7, 13, 8, 12, 5, 7, 5, 3, 1, 3, 0, 3, 1, 1, 0, 1, 3, 1, 0, 0, 0, 0, 0, 0, 1, 0, 0, 0, 1], "bins": [0.0, 2.46875, 4.9375, 7.40625, 9.875, 12.34375, 14.8125, 17.28125, 19.75, 22.21875, 24.6875, 27.15625, 29.625, 32.09375, 34.5625, 37.03125, 39.5, 41.96875, 44.4375, 46.90625, 49.375, 51.84375, 54.3125, 56.78125, 59.25, 61.71875, 64.1875, 66.65625, 69.125, 71.59375, 74.0625, 76.53125, 79.0]}, "_timestamp": 1682608644.562834, "_runtime": 14.951816082000732, "_step": 0, "_wandb": {"runtime": 13}}