{"accuracy": 0.07944732297063903, "classification_report": "              precision    recall  f1-score   support\n\n           0       0.01      0.02      0.01       180\n           1       0.09      0.20      0.12       142\n           2       0.13      0.18      0.15       181\n           3       0.07      0.12      0.09       190\n           4       0.08      0.15      0.10       201\n           5       0.10      0.14      0.12       150\n           6       0.00      0.00      0.00       178\n           7       0.00      0.00      0.00       171\n           8       0.00      0.00      0.00       171\n           9       0.00      0.00      0.00       173\n\n    accuracy                           0.08      1737\n   macro avg       0.05      0.08      0.06      1737\nweighted avg       0.05      0.08      0.06      1737\n", "confusion_matrix": {"_type": "histogram", "values": [41, 1, 3, 3, 6, 8, 7, 2, 6, 7, 1, 3, 3, 2, 2, 0, 1, 0, 1, 1, 0, 1, 0, 0, 0, 0, 0, 0, 0, 0, 0, 1], "bins": [0.0, 3.375, 6.75, 10.125, 13.5, 16.875, 20.25, 23.625, 27.0, 30.375, 33.75, 37.125, 40.5, 43.875, 47.25, 50.625, 54.0, 57.375, 60.75, 64.125, 67.5, 70.875, 74.25, 77.625, 81.0, 84.375, 87.75, 91.125, 94.5, 97.875, 101.25, 104.625, 108.0]}, "_timestamp": 1682774194.062648, "_runtime": 3.2178750038146973, "_step": 0, "_wandb": {"runtime": 1}}