{"accuracy": 0.10880829015544041, "classification_report": "              precision    recall  f1-score   support\n\n           0       0.25      0.06      0.10       180\n           1       0.09      0.94      0.16       142\n           2       0.19      0.03      0.05       181\n           3       0.71      0.03      0.05       190\n           4       0.37      0.03      0.06       201\n           5       0.00      0.00      0.00       150\n           6       0.26      0.03      0.05       178\n           7       0.20      0.04      0.06       171\n           8       0.55      0.04      0.07       171\n           9       0.65      0.06      0.12       173\n\n    accuracy                           0.11      1737\n   macro avg       0.33      0.12      0.07      1737\nweighted avg       0.34      0.11      0.07      1737\n", "confusion_matrix": {"_type": "histogram", "values": [81, 9, 0, 0, 0, 0, 0, 0, 0, 0, 0, 0, 0, 0, 0, 0, 0, 0, 0, 0, 0, 0, 0, 1, 2, 0, 2, 0, 3, 0, 1, 1], "bins": [0.0, 5.71875, 11.4375, 17.15625, 22.875, 28.59375, 34.3125, 40.03125, 45.75, 51.46875, 57.1875, 62.90625, 68.625, 74.34375, 80.0625, 85.78125, 91.5, 97.21875, 102.9375, 108.65625, 114.375, 120.09375, 125.8125, 131.53125, 137.25, 142.96875, 148.6875, 154.40625, 160.125, 165.84375, 171.5625, 177.28125, 183.0]}, "_timestamp": 1682653483.32214, "_runtime": 9.506850957870483, "_step": 0, "_wandb": {"runtime": 7}}