{"accuracy": 0.16580310880829016, "classification_report": "              precision    recall  f1-score   support\n\n           0       0.30      0.21      0.25       180\n           1       0.14      0.08      0.10       142\n           2       0.12      0.02      0.04       181\n           3       0.13      0.54      0.21       190\n           4       0.21      0.03      0.06       201\n           5       0.06      0.01      0.01       150\n           6       0.15      0.26      0.19       178\n           7       0.14      0.08      0.10       171\n           8       0.19      0.14      0.16       171\n           9       0.31      0.23      0.27       173\n\n    accuracy                           0.17      1737\n   macro avg       0.18      0.16      0.14      1737\nweighted avg       0.18      0.17      0.14      1737\n", "confusion_matrix": {"_type": "histogram", "values": [28, 18, 11, 9, 5, 4, 1, 3, 2, 0, 2, 3, 2, 1, 2, 0, 1, 0, 0, 0, 2, 0, 0, 0, 1, 1, 0, 1, 0, 0, 0, 3], "bins": [0.0, 3.21875, 6.4375, 9.65625, 12.875, 16.09375, 19.3125, 22.53125, 25.75, 28.96875, 32.1875, 35.40625, 38.625, 41.84375, 45.0625, 48.28125, 51.5, 54.71875, 57.9375, 61.15625, 64.375, 67.59375, 70.8125, 74.03125, 77.25, 80.46875, 83.6875, 86.90625, 90.125, 93.34375, 96.5625, 99.78125, 103.0]}, "_timestamp": 1682681491.42305, "_runtime": 2.668823003768921, "_step": 0, "_wandb": {"runtime": 0}}