{"accuracy": 0.22107081174438686, "classification_report": "              precision    recall  f1-score   support\n\n           0       0.42      0.54      0.48       180\n           1       0.17      0.20      0.18       142\n           2       0.18      0.17      0.18       181\n           3       0.15      0.16      0.16       190\n           4       0.17      0.13      0.15       201\n           5       0.06      0.01      0.02       150\n           6       0.18      0.28      0.22       178\n           7       0.16      0.12      0.14       171\n           8       0.19      0.11      0.14       171\n           9       0.29      0.46      0.36       173\n\n    accuracy                           0.22      1737\n   macro avg       0.20      0.22      0.20      1737\nweighted avg       0.20      0.22      0.20      1737\n", "confusion_matrix": {"_type": "histogram", "values": [7, 15, 13, 10, 10, 8, 10, 5, 4, 2, 6, 3, 1, 1, 1, 1, 1, 0, 0, 0, 0, 0, 0, 0, 0, 1, 0, 0, 0, 0, 0, 1], "bins": [0.0, 3.0625, 6.125, 9.1875, 12.25, 15.3125, 18.375, 21.4375, 24.5, 27.5625, 30.625, 33.6875, 36.75, 39.8125, 42.875, 45.9375, 49.0, 52.0625, 55.125, 58.1875, 61.25, 64.3125, 67.375, 70.4375, 73.5, 76.5625, 79.625, 82.6875, 85.75, 88.8125, 91.875, 94.9375, 98.0]}, "_timestamp": 1682693398.581918, "_runtime": 30.481735944747925, "_step": 0, "_wandb": {"runtime": 28}}