{"accuracy": 0.1445020149683362, "classification_report": "              precision    recall  f1-score   support\n\n           0       0.23      0.32      0.27       180\n           1       0.13      0.21      0.16       142\n           2       0.12      0.14      0.13       181\n           3       0.12      0.13      0.13       190\n           4       0.12      0.10      0.11       201\n           5       0.09      0.09      0.09       150\n           6       0.12      0.11      0.12       178\n           7       0.10      0.07      0.08       171\n           8       0.17      0.13      0.15       171\n           9       0.21      0.14      0.17       173\n\n    accuracy                           0.14      1737\n   macro avg       0.14      0.15      0.14      1737\nweighted avg       0.14      0.14      0.14      1737\n", "confusion_matrix": {"_type": "histogram", "values": [2, 0, 8, 2, 6, 11, 10, 5, 8, 9, 7, 12, 5, 7, 1, 1, 2, 1, 0, 1, 1, 0, 0, 0, 0, 0, 0, 0, 0, 0, 0, 1], "bins": [2.0, 3.71875, 5.4375, 7.15625, 8.875, 10.59375, 12.3125, 14.03125, 15.75, 17.46875, 19.1875, 20.90625, 22.625, 24.34375, 26.0625, 27.78125, 29.5, 31.21875, 32.9375, 34.65625, 36.375, 38.09375, 39.8125, 41.53125, 43.25, 44.96875, 46.6875, 48.40625, 50.125, 51.84375, 53.5625, 55.28125, 57.0]}, "_timestamp": 1682594373.071817, "_runtime": 3.489003896713257, "_step": 0, "_wandb": {"runtime": 0}}