{"accuracy": 0.09441565918249856, "classification_report": "              precision    recall  f1-score   support\n\n           0       0.04      0.02      0.03       180\n           1       0.02      0.05      0.03       142\n           2       0.15      0.35      0.21       181\n           3       0.15      0.14      0.15       190\n           4       0.24      0.03      0.05       201\n           5       0.09      0.36      0.15       150\n           6       0.04      0.01      0.02       178\n           7       0.00      0.00      0.00       171\n           8       0.00      0.00      0.00       171\n           9       0.00      0.00      0.00       173\n\n    accuracy                           0.09      1737\n   macro avg       0.07      0.10      0.06      1737\nweighted avg       0.08      0.09      0.06      1737\n", "confusion_matrix": {"_type": "histogram", "values": [42, 6, 9, 5, 4, 5, 3, 3, 3, 1, 0, 3, 1, 0, 1, 1, 4, 1, 2, 1, 0, 1, 1, 0, 0, 1, 0, 0, 1, 0, 0, 1], "bins": [0.0, 3.3125, 6.625, 9.9375, 13.25, 16.5625, 19.875, 23.1875, 26.5, 29.8125, 33.125, 36.4375, 39.75, 43.0625, 46.375, 49.6875, 53.0, 56.3125, 59.625, 62.9375, 66.25, 69.5625, 72.875, 76.1875, 79.5, 82.8125, 86.125, 89.4375, 92.75, 96.0625, 99.375, 102.6875, 106.0]}, "_timestamp": 1682841714.422714, "_runtime": 58.01230597496033, "_step": 0, "_wandb": {"runtime": 56}}