{"accuracy": 0.17731721358664365, "classification_report": "              precision    recall  f1-score   support\n\n           0       0.20      0.74      0.31       180\n           1       0.20      0.01      0.01       142\n           2       0.00      0.00      0.00       181\n           3       0.11      0.02      0.04       190\n           4       0.13      0.27      0.17       201\n           5       0.00      0.00      0.00       150\n           6       0.13      0.08      0.10       178\n           7       0.00      0.00      0.00       171\n           8       0.24      0.05      0.08       171\n           9       0.21      0.54      0.30       173\n\n    accuracy                           0.18      1737\n   macro avg       0.12      0.17      0.10      1737\nweighted avg       0.12      0.18      0.10      1737\n", "confusion_matrix": {"_type": "histogram", "values": [55, 9, 2, 5, 1, 0, 1, 2, 6, 3, 1, 1, 3, 3, 1, 0, 0, 0, 3, 1, 0, 0, 1, 1, 0, 0, 0, 0, 0, 0, 0, 1], "bins": [0.0, 4.15625, 8.3125, 12.46875, 16.625, 20.78125, 24.9375, 29.09375, 33.25, 37.40625, 41.5625, 45.71875, 49.875, 54.03125, 58.1875, 62.34375, 66.5, 70.65625, 74.8125, 78.96875, 83.125, 87.28125, 91.4375, 95.59375, 99.75, 103.90625, 108.0625, 112.21875, 116.375, 120.53125, 124.6875, 128.84375, 133.0]}, "_timestamp": 1682681666.847059, "_runtime": 2.59181809425354, "_step": 0, "_wandb": {"runtime": 0}}