{"accuracy": 0.17213586643638457, "classification_report": "              precision    recall  f1-score   support\n\n           0       0.33      0.31      0.32       180\n           1       0.16      0.20      0.18       142\n           2       0.16      0.13      0.14       181\n           3       0.15      0.17      0.16       190\n           4       0.16      0.12      0.14       201\n           5       0.11      0.13      0.12       150\n           6       0.10      0.11      0.11       178\n           7       0.16      0.13      0.14       171\n           8       0.15      0.16      0.16       171\n           9       0.26      0.25      0.26       173\n\n    accuracy                           0.17      1737\n   macro avg       0.17      0.17      0.17      1737\nweighted avg       0.18      0.17      0.17      1737\n", "confusion_matrix": {"_type": "histogram", "values": [3, 2, 4, 7, 6, 3, 11, 8, 4, 12, 10, 3, 6, 2, 2, 10, 3, 0, 1, 0, 0, 1, 0, 0, 0, 1, 0, 0, 0, 0, 0, 1], "bins": [2.0, 3.65625, 5.3125, 6.96875, 8.625, 10.28125, 11.9375, 13.59375, 15.25, 16.90625, 18.5625, 20.21875, 21.875, 23.53125, 25.1875, 26.84375, 28.5, 30.15625, 31.8125, 33.46875, 35.125, 36.78125, 38.4375, 40.09375, 41.75, 43.40625, 45.0625, 46.71875, 48.375, 50.03125, 51.6875, 53.34375, 55.0]}, "_timestamp": 1682595945.88746, "_runtime": 4.649460077285767, "_step": 0, "_wandb": {"runtime": 2}}