{"accuracy": 0.23546344271732872, "classification_report": "              precision    recall  f1-score   support\n\n           0       0.45      0.44      0.44       180\n           1       0.24      0.31      0.27       142\n           2       0.20      0.20      0.20       181\n           3       0.19      0.15      0.16       190\n           4       0.21      0.17      0.19       201\n           5       0.15      0.11      0.12       150\n           6       0.22      0.22      0.22       178\n           7       0.16      0.17      0.17       171\n           8       0.19      0.21      0.20       171\n           9       0.29      0.38      0.33       173\n\n    accuracy                           0.24      1737\n   macro avg       0.23      0.24      0.23      1737\nweighted avg       0.23      0.24      0.23      1737\n", "confusion_matrix": {"_type": "histogram", "values": [3, 6, 13, 9, 12, 9, 12, 9, 7, 1, 3, 5, 1, 3, 2, 2, 0, 1, 0, 0, 0, 0, 0, 0, 0, 0, 1, 0, 0, 0, 0, 1], "bins": [1.0, 3.4375, 5.875, 8.3125, 10.75, 13.1875, 15.625, 18.0625, 20.5, 22.9375, 25.375, 27.8125, 30.25, 32.6875, 35.125, 37.5625, 40.0, 42.4375, 44.875, 47.3125, 49.75, 52.1875, 54.625, 57.0625, 59.5, 61.9375, 64.375, 66.8125, 69.25, 71.6875, 74.125, 76.5625, 79.0]}, "_timestamp": 1682592445.792702, "_runtime": 1.9753599166870117, "_step": 0, "_wandb": {"runtime": 0}}