{"accuracy": 0.07023603914795624, "classification_report": "              precision    recall  f1-score   support\n\n           0       0.04      0.22      0.07       180\n           1       0.10      0.58      0.18       142\n           2       0.00      0.00      0.00       181\n           3       0.00      0.00      0.00       190\n           4       0.00      0.00      0.00       201\n           5       0.00      0.00      0.00       150\n           6       0.00      0.00      0.00       178\n           7       0.00      0.00      0.00       171\n           8       0.00      0.00      0.00       171\n           9       0.00      0.00      0.00       173\n\n    accuracy                           0.07      1737\n   macro avg       0.01      0.08      0.02      1737\nweighted avg       0.01      0.07      0.02      1737\n", "confusion_matrix": {"_type": "histogram", "values": [80, 0, 0, 0, 0, 0, 0, 0, 1, 1, 0, 2, 0, 1, 0, 1, 0, 0, 4, 1, 0, 2, 2, 0, 0, 0, 0, 3, 0, 0, 1, 1], "bins": [0.0, 4.375, 8.75, 13.125, 17.5, 21.875, 26.25, 30.625, 35.0, 39.375, 43.75, 48.125, 52.5, 56.875, 61.25, 65.625, 70.0, 74.375, 78.75, 83.125, 87.5, 91.875, 96.25, 100.625, 105.0, 109.375, 113.75, 118.125, 122.5, 126.875, 131.25, 135.625, 140.0]}, "_timestamp": 1682774696.294333, "_runtime": 33.40667796134949, "_step": 0, "_wandb": {"runtime": 32}}