{"accuracy": 0.1669545192861255, "classification_report": "              precision    recall  f1-score   support\n\n           0       0.31      0.38      0.34       180\n           1       0.15      0.15      0.15       142\n           2       0.16      0.17      0.16       181\n           3       0.12      0.12      0.12       190\n           4       0.12      0.10      0.11       201\n           5       0.13      0.10      0.11       150\n           6       0.14      0.15      0.15       178\n           7       0.12      0.12      0.12       171\n           8       0.12      0.09      0.10       171\n           9       0.22      0.28      0.25       173\n\n    accuracy                           0.17      1737\n   macro avg       0.16      0.17      0.16      1737\nweighted avg       0.16      0.17      0.16      1737\n", "confusion_matrix": {"_type": "histogram", "values": [6, 2, 6, 7, 10, 10, 12, 6, 9, 13, 6, 2, 2, 4, 1, 1, 0, 0, 0, 1, 0, 0, 1, 0, 0, 0, 0, 0, 0, 0, 0, 1], "bins": [2.0, 4.0625, 6.125, 8.1875, 10.25, 12.3125, 14.375, 16.4375, 18.5, 20.5625, 22.625, 24.6875, 26.75, 28.8125, 30.875, 32.9375, 35.0, 37.0625, 39.125, 41.1875, 43.25, 45.3125, 47.375, 49.4375, 51.5, 53.5625, 55.625, 57.6875, 59.75, 61.8125, 63.875, 65.9375, 68.0]}, "_timestamp": 1682603487.478932, "_runtime": 1.8587977886199951, "_step": 0, "_wandb": {"runtime": 0}}