{"accuracy": 0.23258491652274035, "classification_report": "              precision    recall  f1-score   support\n\n           0       0.35      0.49      0.41       180\n           1       0.23      0.32      0.27       142\n           2       0.16      0.19      0.17       181\n           3       0.16      0.14      0.15       190\n           4       0.22      0.17      0.19       201\n           5       0.17      0.13      0.15       150\n           6       0.25      0.24      0.25       178\n           7       0.20      0.19      0.19       171\n           8       0.20      0.19      0.20       171\n           9       0.32      0.27      0.29       173\n\n    accuracy                           0.23      1737\n   macro avg       0.23      0.23      0.23      1737\nweighted avg       0.23      0.23      0.23      1737\n", "confusion_matrix": {"_type": "histogram", "values": [6, 9, 10, 9, 10, 19, 10, 3, 7, 3, 3, 3, 3, 0, 1, 1, 2, 0, 0, 0, 0, 0, 0, 0, 0, 0, 0, 0, 0, 0, 0, 1], "bins": [1.0, 3.75, 6.5, 9.25, 12.0, 14.75, 17.5, 20.25, 23.0, 25.75, 28.5, 31.25, 34.0, 36.75, 39.5, 42.25, 45.0, 47.75, 50.5, 53.25, 56.0, 58.75, 61.5, 64.25, 67.0, 69.75, 72.5, 75.25, 78.0, 80.75, 83.5, 86.25, 89.0]}, "_timestamp": 1682592279.8015869, "_runtime": 6.915114879608154, "_step": 0, "_wandb": {"runtime": 5}}