{"accuracy": 0.16234887737478412, "classification_report": "              precision    recall  f1-score   support\n\n           0       0.32      0.23      0.27       180\n           1       0.13      0.51      0.20       142\n           2       0.10      0.07      0.08       181\n           3       0.15      0.11      0.12       190\n           4       0.19      0.12      0.15       201\n           5       0.12      0.05      0.07       150\n           6       0.18      0.15      0.16       178\n           7       0.16      0.08      0.11       171\n           8       0.17      0.13      0.14       171\n           9       0.20      0.24      0.22       173\n\n    accuracy                           0.16      1737\n   macro avg       0.17      0.17      0.15      1737\nweighted avg       0.17      0.16      0.15      1737\n", "confusion_matrix": {"_type": "histogram", "values": [7, 11, 14, 16, 14, 11, 7, 6, 1, 0, 2, 1, 1, 3, 0, 0, 1, 0, 0, 1, 0, 0, 0, 2, 0, 0, 1, 0, 0, 0, 0, 1], "bins": [0.0, 3.0625, 6.125, 9.1875, 12.25, 15.3125, 18.375, 21.4375, 24.5, 27.5625, 30.625, 33.6875, 36.75, 39.8125, 42.875, 45.9375, 49.0, 52.0625, 55.125, 58.1875, 61.25, 64.3125, 67.375, 70.4375, 73.5, 76.5625, 79.625, 82.6875, 85.75, 88.8125, 91.875, 94.9375, 98.0]}, "_timestamp": 1682682046.333885, "_runtime": 3.7171530723571777, "_step": 0, "_wandb": {"runtime": 1}}