{"accuracy": 0.20207253886010362, "classification_report": "              precision    recall  f1-score   support\n\n           0       0.35      0.45      0.39       180\n           1       0.15      0.20      0.18       142\n           2       0.21      0.19      0.20       181\n           3       0.17      0.16      0.16       190\n           4       0.14      0.12      0.13       201\n           5       0.09      0.06      0.07       150\n           6       0.16      0.19      0.17       178\n           7       0.13      0.11      0.12       171\n           8       0.18      0.13      0.15       171\n           9       0.32      0.39      0.35       173\n\n    accuracy                           0.20      1737\n   macro avg       0.19      0.20      0.19      1737\nweighted avg       0.19      0.20      0.19      1737\n", "confusion_matrix": {"_type": "histogram", "values": [4, 4, 12, 11, 13, 9, 11, 6, 9, 2, 4, 5, 4, 1, 1, 1, 1, 0, 0, 0, 0, 0, 0, 0, 0, 0, 1, 0, 0, 0, 0, 1], "bins": [1.0, 3.5, 6.0, 8.5, 11.0, 13.5, 16.0, 18.5, 21.0, 23.5, 26.0, 28.5, 31.0, 33.5, 36.0, 38.5, 41.0, 43.5, 46.0, 48.5, 51.0, 53.5, 56.0, 58.5, 61.0, 63.5, 66.0, 68.5, 71.0, 73.5, 76.0, 78.5, 81.0]}, "_timestamp": 1682694084.3214679, "_runtime": 27.100947856903076, "_step": 0, "_wandb": {"runtime": 25}}