{"accuracy": 0.1652274035693725, "classification_report": "              precision    recall  f1-score   support\n\n           0       0.36      0.13      0.19       180\n           1       0.23      0.07      0.11       142\n           2       0.32      0.09      0.14       181\n           3       0.31      0.08      0.13       190\n           4       0.35      0.09      0.14       201\n           5       0.26      0.06      0.10       150\n           6       0.32      0.07      0.11       178\n           7       0.27      0.10      0.15       171\n           8       0.46      0.10      0.16       171\n           9       0.11      0.86      0.20       173\n\n    accuracy                           0.17      1737\n   macro avg       0.30      0.16      0.14      1737\nweighted avg       0.30      0.17      0.14      1737\n", "confusion_matrix": {"_type": "histogram", "values": [57, 24, 3, 5, 0, 1, 0, 0, 0, 0, 0, 0, 0, 0, 0, 0, 0, 0, 0, 0, 0, 1, 0, 0, 2, 0, 1, 2, 0, 2, 0, 2], "bins": [0.0, 4.75, 9.5, 14.25, 19.0, 23.75, 28.5, 33.25, 38.0, 42.75, 47.5, 52.25, 57.0, 61.75, 66.5, 71.25, 76.0, 80.75, 85.5, 90.25, 95.0, 99.75, 104.5, 109.25, 114.0, 118.75, 123.5, 128.25, 133.0, 137.75, 142.5, 147.25, 152.0]}, "_timestamp": 1682653196.9320939, "_runtime": 10.04240894317627, "_step": 0, "_wandb": {"runtime": 8}}