{"accuracy": 0.16810592976396085, "classification_report": "              precision    recall  f1-score   support\n\n           0       0.36      0.18      0.24       180\n           1       0.09      0.58      0.16       142\n           2       0.15      0.08      0.11       181\n           3       0.24      0.08      0.12       190\n           4       0.27      0.15      0.20       201\n           5       0.20      0.06      0.09       150\n           6       0.16      0.11      0.13       178\n           7       0.16      0.11      0.13       171\n           8       0.27      0.16      0.20       171\n           9       0.39      0.24      0.29       173\n\n    accuracy                           0.17      1737\n   macro avg       0.23      0.18      0.17      1737\nweighted avg       0.23      0.17      0.17      1737\n", "confusion_matrix": {"_type": "histogram", "values": [16, 16, 25, 12, 9, 7, 1, 0, 1, 2, 0, 0, 1, 0, 0, 0, 0, 0, 0, 0, 1, 1, 1, 0, 3, 0, 0, 0, 1, 0, 0, 3], "bins": [0.0, 3.34375, 6.6875, 10.03125, 13.375, 16.71875, 20.0625, 23.40625, 26.75, 30.09375, 33.4375, 36.78125, 40.125, 43.46875, 46.8125, 50.15625, 53.5, 56.84375, 60.1875, 63.53125, 66.875, 70.21875, 73.5625, 76.90625, 80.25, 83.59375, 86.9375, 90.28125, 93.625, 96.96875, 100.3125, 103.65625, 107.0]}, "_timestamp": 1682653511.6805801, "_runtime": 2.167358160018921, "_step": 0, "_wandb": {"runtime": 0}}