{"accuracy": 0.2095567069660334, "classification_report": "              precision    recall  f1-score   support\n\n           0       0.27      0.71      0.39       180\n           1       0.16      0.19      0.17       142\n           2       0.11      0.08      0.09       181\n           3       0.17      0.10      0.13       190\n           4       0.15      0.07      0.10       201\n           5       0.12      0.05      0.07       150\n           6       0.18      0.11      0.13       178\n           7       0.17      0.16      0.16       171\n           8       0.17      0.12      0.14       171\n           9       0.29      0.51      0.37       173\n\n    accuracy                           0.21      1737\n   macro avg       0.18      0.21      0.18      1737\nweighted avg       0.18      0.21      0.18      1737\n", "confusion_matrix": {"_type": "histogram", "values": [7, 17, 20, 21, 5, 9, 8, 2, 2, 3, 0, 0, 1, 0, 1, 1, 0, 1, 0, 0, 0, 0, 1, 0, 0, 0, 0, 0, 0, 0, 0, 1], "bins": [0.0, 4.0, 8.0, 12.0, 16.0, 20.0, 24.0, 28.0, 32.0, 36.0, 40.0, 44.0, 48.0, 52.0, 56.0, 60.0, 64.0, 68.0, 72.0, 76.0, 80.0, 84.0, 88.0, 92.0, 96.0, 100.0, 104.0, 108.0, 112.0, 116.0, 120.0, 124.0, 128.0]}, "_timestamp": 1682653993.030758, "_runtime": 1.0405340194702148, "_step": 0, "_wandb": {"runtime": 0}}