{"accuracy": 0.20782959124928038, "classification_report": "              precision    recall  f1-score   support\n\n           0       0.40      0.51      0.45       180\n           1       0.19      0.27      0.22       142\n           2       0.17      0.15      0.16       181\n           3       0.19      0.15      0.17       190\n           4       0.15      0.09      0.11       201\n           5       0.14      0.09      0.11       150\n           6       0.11      0.12      0.12       178\n           7       0.19      0.17      0.18       171\n           8       0.14      0.13      0.13       171\n           9       0.26      0.40      0.32       173\n\n    accuracy                           0.21      1737\n   macro avg       0.19      0.21      0.20      1737\nweighted avg       0.19      0.21      0.20      1737\n", "confusion_matrix": {"_type": "histogram", "values": [7, 9, 11, 12, 8, 15, 5, 12, 5, 9, 1, 1, 0, 1, 1, 0, 1, 0, 0, 0, 0, 0, 0, 0, 1, 0, 0, 0, 0, 0, 0, 1], "bins": [1.0, 3.84375, 6.6875, 9.53125, 12.375, 15.21875, 18.0625, 20.90625, 23.75, 26.59375, 29.4375, 32.28125, 35.125, 37.96875, 40.8125, 43.65625, 46.5, 49.34375, 52.1875, 55.03125, 57.875, 60.71875, 63.5625, 66.40625, 69.25, 72.09375, 74.9375, 77.78125, 80.625, 83.46875, 86.3125, 89.15625, 92.0]}, "_timestamp": 1682605194.6054158, "_runtime": 67.59787178039551, "_step": 0, "_wandb": {"runtime": 66}}