{"accuracy": 0.16868163500287853, "classification_report": "              precision    recall  f1-score   support\n\n           0       0.47      0.16      0.23       180\n           1       0.16      0.15      0.15       142\n           2       0.00      0.00      0.00       181\n           3       0.14      0.68      0.23       190\n           4       0.00      0.00      0.00       201\n           5       0.20      0.01      0.01       150\n           6       0.12      0.19      0.15       178\n           7       0.00      0.00      0.00       171\n           8       0.00      0.00      0.00       171\n           9       0.23      0.47      0.31       173\n\n    accuracy                           0.17      1737\n   macro avg       0.13      0.16      0.11      1737\nweighted avg       0.13      0.17      0.11      1737\n", "confusion_matrix": {"_type": "histogram", "values": [59, 6, 2, 4, 0, 4, 3, 2, 4, 2, 2, 1, 0, 1, 0, 1, 0, 0, 0, 0, 4, 0, 0, 0, 1, 1, 1, 0, 0, 1, 0, 1], "bins": [0.0, 4.03125, 8.0625, 12.09375, 16.125, 20.15625, 24.1875, 28.21875, 32.25, 36.28125, 40.3125, 44.34375, 48.375, 52.40625, 56.4375, 60.46875, 64.5, 68.53125, 72.5625, 76.59375, 80.625, 84.65625, 88.6875, 92.71875, 96.75, 100.78125, 104.8125, 108.84375, 112.875, 116.90625, 120.9375, 124.96875, 129.0]}, "_timestamp": 1682681658.790533, "_runtime": 2.164128065109253, "_step": 0, "_wandb": {"runtime": 0}}