{"accuracy": 0.15889464594127806, "classification_report": "              precision    recall  f1-score   support\n\n           0       0.25      0.24      0.24       180\n           1       0.17      0.24      0.20       142\n           2       0.14      0.13      0.13       181\n           3       0.13      0.15      0.14       190\n           4       0.13      0.15      0.14       201\n           5       0.11      0.09      0.10       150\n           6       0.15      0.16      0.15       178\n           7       0.17      0.13      0.15       171\n           8       0.16      0.12      0.14       171\n           9       0.20      0.18      0.19       173\n\n    accuracy                           0.16      1737\n   macro avg       0.16      0.16      0.16      1737\nweighted avg       0.16      0.16      0.16      1737\n", "confusion_matrix": {"_type": "histogram", "values": [5, 4, 4, 1, 6, 8, 8, 6, 5, 8, 5, 4, 2, 5, 6, 5, 4, 0, 1, 3, 1, 3, 2, 0, 1, 0, 1, 0, 0, 1, 0, 1], "bins": [5.0, 6.1875, 7.375, 8.5625, 9.75, 10.9375, 12.125, 13.3125, 14.5, 15.6875, 16.875, 18.0625, 19.25, 20.4375, 21.625, 22.8125, 24.0, 25.1875, 26.375, 27.5625, 28.75, 29.9375, 31.125, 32.3125, 33.5, 34.6875, 35.875, 37.0625, 38.25, 39.4375, 40.625, 41.8125, 43.0]}, "_timestamp": 1682603037.2344902, "_runtime": 2.0101022720336914, "_step": 0, "_wandb": {"runtime": 0}}