{"accuracy": 0.15486470926885434, "classification_report": "              precision    recall  f1-score   support\n\n           0       0.25      0.29      0.27       180\n           1       0.12      0.16      0.14       142\n           2       0.11      0.12      0.11       181\n           3       0.16      0.18      0.17       190\n           4       0.16      0.14      0.15       201\n           5       0.11      0.10      0.11       150\n           6       0.10      0.11      0.10       178\n           7       0.15      0.12      0.13       171\n           8       0.15      0.11      0.13       171\n           9       0.23      0.20      0.21       173\n\n    accuracy                           0.15      1737\n   macro avg       0.15      0.15      0.15      1737\nweighted avg       0.15      0.15      0.15      1737\n", "confusion_matrix": {"_type": "histogram", "values": [1, 4, 1, 8, 4, 9, 12, 6, 5, 1, 12, 10, 4, 7, 2, 3, 3, 1, 1, 1, 3, 0, 0, 1, 0, 0, 0, 0, 0, 0, 0, 1], "bins": [2.0, 3.59375, 5.1875, 6.78125, 8.375, 9.96875, 11.5625, 13.15625, 14.75, 16.34375, 17.9375, 19.53125, 21.125, 22.71875, 24.3125, 25.90625, 27.5, 29.09375, 30.6875, 32.28125, 33.875, 35.46875, 37.0625, 38.65625, 40.25, 41.84375, 43.4375, 45.03125, 46.625, 48.21875, 49.8125, 51.40625, 53.0]}, "_timestamp": 1682596795.033559, "_runtime": 1.9471909999847412, "_step": 0, "_wandb": {"runtime": 0}}