{"accuracy": 0.19689119170984457, "classification_report": "              precision    recall  f1-score   support\n\n           0       0.30      0.58      0.40       180\n           1       0.27      0.09      0.14       142\n           2       0.17      0.14      0.15       181\n           3       0.13      0.09      0.11       190\n           4       0.13      0.25      0.17       201\n           5       0.00      0.00      0.00       150\n           6       0.10      0.10      0.10       178\n           7       0.09      0.01      0.01       171\n           8       0.20      0.26      0.22       171\n           9       0.25      0.39      0.31       173\n\n    accuracy                           0.20      1737\n   macro avg       0.16      0.19      0.16      1737\nweighted avg       0.16      0.20      0.16      1737\n", "confusion_matrix": {"_type": "histogram", "values": [28, 5, 6, 10, 8, 5, 7, 7, 5, 4, 3, 2, 2, 2, 1, 2, 1, 0, 0, 0, 1, 0, 0, 0, 0, 0, 0, 0, 0, 0, 0, 1], "bins": [0.0, 3.28125, 6.5625, 9.84375, 13.125, 16.40625, 19.6875, 22.96875, 26.25, 29.53125, 32.8125, 36.09375, 39.375, 42.65625, 45.9375, 49.21875, 52.5, 55.78125, 59.0625, 62.34375, 65.625, 68.90625, 72.1875, 75.46875, 78.75, 82.03125, 85.3125, 88.59375, 91.875, 95.15625, 98.4375, 101.71875, 105.0]}, "_timestamp": 1682596134.0798552, "_runtime": 2.2292532920837402, "_step": 0, "_wandb": {"runtime": 0}}