{"accuracy": 0.14335060449050085, "classification_report": "              precision    recall  f1-score   support\n\n           0       0.26      0.24      0.25       180\n           1       0.08      0.47      0.14       142\n           2       0.15      0.18      0.16       181\n           3       0.14      0.06      0.08       190\n           4       0.15      0.11      0.13       201\n           5       0.15      0.04      0.06       150\n           6       0.16      0.08      0.10       178\n           7       0.20      0.08      0.12       171\n           8       0.21      0.08      0.11       171\n           9       0.38      0.15      0.22       173\n\n    accuracy                           0.14      1737\n   macro avg       0.19      0.15      0.14      1737\nweighted avg       0.19      0.14      0.14      1737\n", "confusion_matrix": {"_type": "histogram", "values": [9, 18, 19, 12, 12, 4, 6, 3, 2, 1, 2, 1, 0, 0, 1, 0, 0, 0, 0, 0, 0, 1, 2, 1, 0, 1, 1, 0, 0, 1, 1, 2], "bins": [0.0, 2.96875, 5.9375, 8.90625, 11.875, 14.84375, 17.8125, 20.78125, 23.75, 26.71875, 29.6875, 32.65625, 35.625, 38.59375, 41.5625, 44.53125, 47.5, 50.46875, 53.4375, 56.40625, 59.375, 62.34375, 65.3125, 68.28125, 71.25, 74.21875, 77.1875, 80.15625, 83.125, 86.09375, 89.0625, 92.03125, 95.0]}, "_timestamp": 1682653316.1474931, "_runtime": 3.126500129699707, "_step": 0, "_wandb": {"runtime": 0}}