{"feature_importances": null, "_timestamp": 1682593211.102335, "_runtime": 258.4327759742737, "_step": 2, "_wandb": {"runtime": 1}}