{"accuracy": 0.15831894070236038, "classification_report": "              precision    recall  f1-score   support\n\n           0       0.27      0.33      0.30       180\n           1       0.12      0.17      0.14       142\n           2       0.11      0.09      0.10       181\n           3       0.14      0.13      0.13       190\n           4       0.17      0.12      0.14       201\n           5       0.07      0.06      0.06       150\n           6       0.15      0.14      0.15       178\n           7       0.13      0.13      0.13       171\n           8       0.17      0.18      0.17       171\n           9       0.21      0.23      0.22       173\n\n    accuracy                           0.16      1737\n   macro avg       0.15      0.16      0.15      1737\nweighted avg       0.16      0.16      0.16      1737\n", "confusion_matrix": {"_type": "histogram", "values": [5, 4, 9, 3, 8, 7, 10, 7, 16, 8, 3, 7, 5, 1, 1, 1, 0, 0, 0, 1, 2, 0, 1, 0, 0, 0, 0, 0, 0, 0, 0, 1], "bins": [4.0, 5.71875, 7.4375, 9.15625, 10.875, 12.59375, 14.3125, 16.03125, 17.75, 19.46875, 21.1875, 22.90625, 24.625, 26.34375, 28.0625, 29.78125, 31.5, 33.21875, 34.9375, 36.65625, 38.375, 40.09375, 41.8125, 43.53125, 45.25, 46.96875, 48.6875, 50.40625, 52.125, 53.84375, 55.5625, 57.28125, 59.0]}, "_timestamp": 1682594559.41348, "_runtime": 2.7476820945739746, "_step": 0, "_wandb": {"runtime": 0}}