{"accuracy": 0.19516407599309155, "classification_report": "              precision    recall  f1-score   support\n\n           0       0.22      0.77      0.34       180\n           1       0.22      0.08      0.12       142\n           2       0.17      0.13      0.15       181\n           3       0.21      0.05      0.08       190\n           4       0.19      0.10      0.13       201\n           5       0.00      0.00      0.00       150\n           6       0.16      0.25      0.19       178\n           7       0.12      0.04      0.06       171\n           8       0.14      0.03      0.05       171\n           9       0.21      0.47      0.29       173\n\n    accuracy                           0.20      1737\n   macro avg       0.16      0.19      0.14      1737\nweighted avg       0.17      0.20      0.14      1737\n", "confusion_matrix": {"_type": "histogram", "values": [37, 13, 13, 7, 2, 3, 2, 5, 5, 2, 2, 1, 1, 1, 1, 0, 1, 0, 3, 0, 0, 0, 0, 0, 0, 0, 0, 0, 0, 0, 0, 1], "bins": [0.0, 4.3125, 8.625, 12.9375, 17.25, 21.5625, 25.875, 30.1875, 34.5, 38.8125, 43.125, 47.4375, 51.75, 56.0625, 60.375, 64.6875, 69.0, 73.3125, 77.625, 81.9375, 86.25, 90.5625, 94.875, 99.1875, 103.5, 107.8125, 112.125, 116.4375, 120.75, 125.0625, 129.375, 133.6875, 138.0]}, "_timestamp": 1682681740.813716, "_runtime": 2.368959903717041, "_step": 0, "_wandb": {"runtime": 0}}