{"accuracy": 0.19458837075417387, "classification_report": "              precision    recall  f1-score   support\n\n           0       0.31      0.49      0.38       180\n           1       0.18      0.27      0.21       142\n           2       0.19      0.13      0.15       181\n           3       0.14      0.07      0.10       190\n           4       0.15      0.11      0.13       201\n           5       0.22      0.03      0.05       150\n           6       0.17      0.24      0.20       178\n           7       0.07      0.03      0.04       171\n           8       0.13      0.15      0.14       171\n           9       0.22      0.43      0.30       173\n\n    accuracy                           0.19      1737\n   macro avg       0.18      0.19      0.17      1737\nweighted avg       0.18      0.19      0.17      1737\n", "confusion_matrix": {"_type": "histogram", "values": [10, 10, 11, 15, 8, 6, 5, 4, 8, 4, 4, 3, 1, 3, 2, 2, 1, 0, 0, 0, 0, 0, 0, 1, 0, 0, 1, 0, 0, 0, 0, 1], "bins": [0.0, 2.78125, 5.5625, 8.34375, 11.125, 13.90625, 16.6875, 19.46875, 22.25, 25.03125, 27.8125, 30.59375, 33.375, 36.15625, 38.9375, 41.71875, 44.5, 47.28125, 50.0625, 52.84375, 55.625, 58.40625, 61.1875, 63.96875, 66.75, 69.53125, 72.3125, 75.09375, 77.875, 80.65625, 83.4375, 86.21875, 89.0]}, "_timestamp": 1682604437.422195, "_runtime": 21.3332839012146, "_step": 0, "_wandb": {"runtime": 19}}