{"accuracy": 0.14795624640184227, "classification_report": "              precision    recall  f1-score   support\n\n           0       0.21      0.23      0.22       180\n           1       0.09      0.12      0.10       142\n           2       0.13      0.17      0.15       181\n           3       0.15      0.16      0.15       190\n           4       0.13      0.13      0.13       201\n           5       0.08      0.07      0.08       150\n           6       0.15      0.15      0.15       178\n           7       0.11      0.09      0.10       171\n           8       0.15      0.11      0.12       171\n           9       0.26      0.24      0.25       173\n\n    accuracy                           0.15      1737\n   macro avg       0.15      0.15      0.15      1737\nweighted avg       0.15      0.15      0.15      1737\n", "confusion_matrix": {"_type": "histogram", "values": [2, 4, 1, 3, 7, 4, 2, 2, 8, 10, 3, 3, 11, 12, 3, 3, 2, 5, 5, 0, 2, 1, 2, 0, 1, 1, 0, 1, 0, 0, 0, 2], "bins": [3.0, 4.21875, 5.4375, 6.65625, 7.875, 9.09375, 10.3125, 11.53125, 12.75, 13.96875, 15.1875, 16.40625, 17.625, 18.84375, 20.0625, 21.28125, 22.5, 23.71875, 24.9375, 26.15625, 27.375, 28.59375, 29.8125, 31.03125, 32.25, 33.46875, 34.6875, 35.90625, 37.125, 38.34375, 39.5625, 40.78125, 42.0]}, "_timestamp": 1682596279.522912, "_runtime": 1.8893849849700928, "_step": 0, "_wandb": {"runtime": 0}}