{"accuracy": 0.18767990788716177, "classification_report": "              precision    recall  f1-score   support\n\n           0       0.33      0.27      0.30       180\n           1       0.20      0.32      0.24       142\n           2       0.17      0.14      0.15       181\n           3       0.15      0.21      0.18       190\n           4       0.20      0.13      0.16       201\n           5       0.09      0.05      0.06       150\n           6       0.17      0.19      0.18       178\n           7       0.14      0.13      0.14       171\n           8       0.15      0.16      0.16       171\n           9       0.27      0.29      0.28       173\n\n    accuracy                           0.19      1737\n   macro avg       0.19      0.19      0.18      1737\nweighted avg       0.19      0.19      0.18      1737\n", "confusion_matrix": {"_type": "histogram", "values": [1, 6, 2, 9, 3, 8, 7, 9, 3, 7, 1, 6, 7, 3, 3, 4, 5, 4, 1, 0, 3, 2, 0, 0, 1, 1, 0, 0, 1, 1, 0, 2], "bins": [1.0, 2.53125, 4.0625, 5.59375, 7.125, 8.65625, 10.1875, 11.71875, 13.25, 14.78125, 16.3125, 17.84375, 19.375, 20.90625, 22.4375, 23.96875, 25.5, 27.03125, 28.5625, 30.09375, 31.625, 33.15625, 34.6875, 36.21875, 37.75, 39.28125, 40.8125, 42.34375, 43.875, 45.40625, 46.9375, 48.46875, 50.0]}, "_timestamp": 1682686582.894856, "_runtime": 10.926029920578003, "_step": 0, "_wandb": {"runtime": 9}}