{"accuracy": 0.23834196891191708, "classification_report": "              precision    recall  f1-score   support\n\n           0       0.43      0.39      0.41       180\n           1       0.25      0.29      0.27       142\n           2       0.20      0.20      0.20       181\n           3       0.16      0.13      0.14       190\n           4       0.20      0.17      0.19       201\n           5       0.19      0.17      0.18       150\n           6       0.24      0.25      0.25       178\n           7       0.19      0.22      0.20       171\n           8       0.22      0.23      0.23       171\n           9       0.29      0.34      0.32       173\n\n    accuracy                           0.24      1737\n   macro avg       0.24      0.24      0.24      1737\nweighted avg       0.24      0.24      0.24      1737\n", "confusion_matrix": {"_type": "histogram", "values": [8, 4, 10, 8, 3, 6, 16, 6, 6, 7, 6, 6, 2, 1, 2, 2, 2, 0, 2, 0, 1, 0, 0, 0, 0, 0, 1, 0, 0, 0, 0, 1], "bins": [1.0, 3.15625, 5.3125, 7.46875, 9.625, 11.78125, 13.9375, 16.09375, 18.25, 20.40625, 22.5625, 24.71875, 26.875, 29.03125, 31.1875, 33.34375, 35.5, 37.65625, 39.8125, 41.96875, 44.125, 46.28125, 48.4375, 50.59375, 52.75, 54.90625, 57.0625, 59.21875, 61.375, 63.53125, 65.6875, 67.84375, 70.0]}, "_timestamp": 1682592296.9912472, "_runtime": 6.560025215148926, "_step": 0, "_wandb": {"runtime": 5}}