{"accuracy": 0.20840529648819806, "classification_report": "              precision    recall  f1-score   support\n\n           0       0.38      0.43      0.41       180\n           1       0.20      0.23      0.21       142\n           2       0.17      0.15      0.16       181\n           3       0.17      0.23      0.19       190\n           4       0.18      0.15      0.17       201\n           5       0.14      0.03      0.05       150\n           6       0.13      0.20      0.16       178\n           7       0.18      0.15      0.16       171\n           8       0.20      0.16      0.18       171\n           9       0.29      0.32      0.31       173\n\n    accuracy                           0.21      1737\n   macro avg       0.20      0.21      0.20      1737\nweighted avg       0.21      0.21      0.20      1737\n", "confusion_matrix": {"_type": "histogram", "values": [11, 7, 13, 4, 11, 5, 6, 5, 7, 7, 5, 3, 5, 3, 3, 1, 1, 1, 0, 0, 0, 0, 1, 0, 0, 0, 0, 0, 0, 0, 0, 1], "bins": [1.0, 3.40625, 5.8125, 8.21875, 10.625, 13.03125, 15.4375, 17.84375, 20.25, 22.65625, 25.0625, 27.46875, 29.875, 32.28125, 34.6875, 37.09375, 39.5, 41.90625, 44.3125, 46.71875, 49.125, 51.53125, 53.9375, 56.34375, 58.75, 61.15625, 63.5625, 65.96875, 68.375, 70.78125, 73.1875, 75.59375, 78.0]}, "_timestamp": 1682655149.774034, "_runtime": 24.297418117523193, "_step": 0, "_wandb": {"runtime": 22}}