{"accuracy": 0.2158894645941278, "classification_report": "              precision    recall  f1-score   support\n\n           0       0.36      0.56      0.44       180\n           1       0.17      0.15      0.16       142\n           2       0.13      0.10      0.12       181\n           3       0.16      0.23      0.19       190\n           4       0.15      0.10      0.12       201\n           5       0.21      0.02      0.04       150\n           6       0.16      0.25      0.20       178\n           7       0.22      0.19      0.20       171\n           8       0.19      0.10      0.13       171\n           9       0.28      0.43      0.34       173\n\n    accuracy                           0.22      1737\n   macro avg       0.20      0.21      0.19      1737\nweighted avg       0.20      0.22      0.20      1737\n", "confusion_matrix": {"_type": "histogram", "values": [19, 4, 13, 7, 10, 5, 16, 2, 7, 3, 3, 0, 5, 1, 2, 0, 1, 0, 0, 0, 0, 0, 0, 1, 0, 0, 0, 0, 0, 0, 0, 1], "bins": [0.0, 3.125, 6.25, 9.375, 12.5, 15.625, 18.75, 21.875, 25.0, 28.125, 31.25, 34.375, 37.5, 40.625, 43.75, 46.875, 50.0, 53.125, 56.25, 59.375, 62.5, 65.625, 68.75, 71.875, 75.0, 78.125, 81.25, 84.375, 87.5, 90.625, 93.75, 96.875, 100.0]}, "_timestamp": 1682690147.483479, "_runtime": 17.76474905014038, "_step": 0, "_wandb": {"runtime": 16}}