{"accuracy": 0.17271157167530224, "classification_report": "              precision    recall  f1-score   support\n\n           0       0.32      0.42      0.36       180\n           1       0.13      0.04      0.06       142\n           2       0.20      0.11      0.14       181\n           3       0.13      0.36      0.19       190\n           4       0.10      0.03      0.05       201\n           5       0.09      0.02      0.03       150\n           6       0.15      0.28      0.20       178\n           7       0.14      0.13      0.13       171\n           8       0.12      0.06      0.08       171\n           9       0.25      0.23      0.24       173\n\n    accuracy                           0.17      1737\n   macro avg       0.16      0.17      0.15      1737\nweighted avg       0.16      0.17      0.15      1737\n", "confusion_matrix": {"_type": "histogram", "values": [10, 12, 17, 10, 5, 8, 5, 2, 2, 3, 2, 1, 2, 2, 4, 0, 4, 0, 3, 1, 1, 0, 0, 1, 0, 1, 0, 1, 2, 0, 0, 1], "bins": [0.0, 2.375, 4.75, 7.125, 9.5, 11.875, 14.25, 16.625, 19.0, 21.375, 23.75, 26.125, 28.5, 30.875, 33.25, 35.625, 38.0, 40.375, 42.75, 45.125, 47.5, 49.875, 52.25, 54.625, 57.0, 59.375, 61.75, 64.125, 66.5, 68.875, 71.25, 73.625, 76.0]}, "_timestamp": 1682681779.514852, "_runtime": 2.1073451042175293, "_step": 0, "_wandb": {"runtime": 0}}