{"accuracy": 0.1755900978698906, "classification_report": "              precision    recall  f1-score   support\n\n           0       0.20      0.73      0.31       180\n           1       0.33      0.01      0.01       142\n           2       0.12      0.03      0.05       181\n           3       0.00      0.00      0.00       190\n           4       0.13      0.33      0.19       201\n           5       0.00      0.00      0.00       150\n           6       0.12      0.01      0.02       178\n           7       0.00      0.00      0.00       171\n           8       0.19      0.02      0.03       171\n           9       0.20      0.56      0.29       173\n\n    accuracy                           0.18      1737\n   macro avg       0.13      0.17      0.09      1737\nweighted avg       0.13      0.18      0.09      1737\n", "confusion_matrix": {"_type": "histogram", "values": [65, 6, 0, 0, 0, 1, 0, 3, 2, 3, 1, 3, 1, 3, 2, 1, 2, 1, 1, 1, 1, 0, 0, 2, 0, 0, 0, 0, 0, 0, 0, 1], "bins": [0.0, 4.09375, 8.1875, 12.28125, 16.375, 20.46875, 24.5625, 28.65625, 32.75, 36.84375, 40.9375, 45.03125, 49.125, 53.21875, 57.3125, 61.40625, 65.5, 69.59375, 73.6875, 77.78125, 81.875, 85.96875, 90.0625, 94.15625, 98.25, 102.34375, 106.4375, 110.53125, 114.625, 118.71875, 122.8125, 126.90625, 131.0]}, "_timestamp": 1682682068.5892239, "_runtime": 2.11696195602417, "_step": 0, "_wandb": {"runtime": 0}}