{"accuracy": 0.06390328151986183, "classification_report": "              precision    recall  f1-score   support\n\n           0       0.01      0.02      0.01       180\n           1       0.06      0.08      0.07       142\n           2       0.10      0.07      0.09       181\n           3       0.08      0.11      0.09       190\n           4       0.12      0.13      0.13       201\n           5       0.10      0.10      0.10       150\n           6       0.02      0.02      0.02       178\n           7       0.09      0.06      0.07       171\n           8       0.03      0.01      0.02       171\n           9       0.02      0.02      0.02       173\n\n    accuracy                           0.06      1737\n   macro avg       0.06      0.06      0.06      1737\nweighted avg       0.06      0.06      0.06      1737\n", "confusion_matrix": {"_type": "histogram", "values": [7, 7, 8, 4, 11, 5, 7, 6, 9, 8, 5, 6, 4, 0, 3, 3, 1, 0, 1, 0, 1, 1, 0, 0, 1, 0, 0, 0, 0, 1, 0, 1], "bins": [2.0, 3.96875, 5.9375, 7.90625, 9.875, 11.84375, 13.8125, 15.78125, 17.75, 19.71875, 21.6875, 23.65625, 25.625, 27.59375, 29.5625, 31.53125, 33.5, 35.46875, 37.4375, 39.40625, 41.375, 43.34375, 45.3125, 47.28125, 49.25, 51.21875, 53.1875, 55.15625, 57.125, 59.09375, 61.0625, 63.03125, 65.0]}, "_timestamp": 1682774227.564188, "_runtime": 4.115148067474365, "_step": 0, "_wandb": {"runtime": 2}}