{"accuracy": 0.17962003454231434, "classification_report": "              precision    recall  f1-score   support\n\n           0       0.23      0.60      0.33       180\n           1       0.11      0.06      0.08       142\n           2       0.13      0.13      0.13       181\n           3       0.22      0.09      0.13       190\n           4       0.16      0.13      0.15       201\n           5       0.03      0.01      0.01       150\n           6       0.14      0.25      0.18       178\n           7       0.13      0.11      0.12       171\n           8       0.21      0.16      0.18       171\n           9       0.29      0.20      0.23       173\n\n    accuracy                           0.18      1737\n   macro avg       0.17      0.18      0.15      1737\nweighted avg       0.17      0.18      0.16      1737\n", "confusion_matrix": {"_type": "histogram", "values": [16, 16, 11, 5, 11, 11, 3, 3, 9, 4, 2, 2, 0, 2, 1, 0, 1, 1, 0, 0, 0, 1, 0, 0, 0, 0, 0, 0, 0, 0, 0, 1], "bins": [0.0, 3.375, 6.75, 10.125, 13.5, 16.875, 20.25, 23.625, 27.0, 30.375, 33.75, 37.125, 40.5, 43.875, 47.25, 50.625, 54.0, 57.375, 60.75, 64.125, 67.5, 70.875, 74.25, 77.625, 81.0, 84.375, 87.75, 91.125, 94.5, 97.875, 101.25, 104.625, 108.0]}, "_timestamp": 1682681531.2712882, "_runtime": 2.4092211723327637, "_step": 0, "_wandb": {"runtime": 0}}