{"accuracy": 0.18192285549798504, "classification_report": "              precision    recall  f1-score   support\n\n           0       0.22      0.59      0.32       180\n           1       0.14      0.08      0.10       142\n           2       0.13      0.14      0.13       181\n           3       0.20      0.09      0.12       190\n           4       0.16      0.13      0.15       201\n           5       0.08      0.01      0.02       150\n           6       0.14      0.24      0.18       178\n           7       0.15      0.12      0.13       171\n           8       0.21      0.17      0.19       171\n           9       0.30      0.20      0.24       173\n\n    accuracy                           0.18      1737\n   macro avg       0.17      0.18      0.16      1737\nweighted avg       0.17      0.18      0.16      1737\n", "confusion_matrix": {"_type": "histogram", "values": [14, 17, 7, 11, 10, 9, 6, 4, 5, 6, 2, 2, 1, 1, 1, 0, 1, 1, 0, 0, 0, 1, 0, 0, 0, 0, 0, 0, 0, 0, 0, 1], "bins": [0.0, 3.3125, 6.625, 9.9375, 13.25, 16.5625, 19.875, 23.1875, 26.5, 29.8125, 33.125, 36.4375, 39.75, 43.0625, 46.375, 49.6875, 53.0, 56.3125, 59.625, 62.9375, 66.25, 69.5625, 72.875, 76.1875, 79.5, 82.8125, 86.125, 89.4375, 92.75, 96.0625, 99.375, 102.6875, 106.0]}, "_timestamp": 1682681554.871941, "_runtime": 2.6462790966033936, "_step": 0, "_wandb": {"runtime": 0}}