{"accuracy": 0.17443868739205526, "classification_report": "              precision    recall  f1-score   support\n\n           0       0.27      0.32      0.29       180\n           1       0.14      0.13      0.13       142\n           2       0.15      0.18      0.16       181\n           3       0.14      0.14      0.14       190\n           4       0.16      0.13      0.14       201\n           5       0.11      0.02      0.03       150\n           6       0.13      0.19      0.15       178\n           7       0.16      0.19      0.17       171\n           8       0.23      0.12      0.16       171\n           9       0.21      0.32      0.26       173\n\n    accuracy                           0.17      1737\n   macro avg       0.17      0.17      0.16      1737\nweighted avg       0.17      0.17      0.17      1737\n", "confusion_matrix": {"_type": "histogram", "values": [4, 6, 2, 8, 4, 9, 5, 4, 12, 1, 5, 8, 4, 3, 6, 6, 1, 3, 2, 2, 1, 0, 1, 1, 0, 0, 0, 0, 0, 0, 0, 2], "bins": [0.0, 1.78125, 3.5625, 5.34375, 7.125, 8.90625, 10.6875, 12.46875, 14.25, 16.03125, 17.8125, 19.59375, 21.375, 23.15625, 24.9375, 26.71875, 28.5, 30.28125, 32.0625, 33.84375, 35.625, 37.40625, 39.1875, 40.96875, 42.75, 44.53125, 46.3125, 48.09375, 49.875, 51.65625, 53.4375, 55.21875, 57.0]}, "_timestamp": 1682602955.570614, "_runtime": 1.8765699863433838, "_step": 0, "_wandb": {"runtime": 0}}