{"accuracy": 0.10420264824409903, "classification_report": "              precision    recall  f1-score   support\n\n           0       0.14      0.16      0.14       180\n           1       0.15      0.18      0.16       142\n           2       0.07      0.11      0.08       181\n           3       0.10      0.16      0.12       190\n           4       0.11      0.16      0.13       201\n           5       0.09      0.15      0.11       150\n           6       0.11      0.12      0.12       178\n           7       0.00      0.00      0.00       171\n           8       0.00      0.00      0.00       171\n           9       0.00      0.00      0.00       173\n\n    accuracy                           0.10      1737\n   macro avg       0.08      0.10      0.09      1737\nweighted avg       0.08      0.10      0.09      1737\n", "confusion_matrix": {"_type": "histogram", "values": [30, 1, 5, 6, 7, 2, 10, 8, 7, 6, 2, 4, 3, 1, 2, 2, 1, 0, 0, 0, 1, 0, 0, 1, 0, 0, 0, 0, 0, 0, 0, 1], "bins": [0.0, 3.0, 6.0, 9.0, 12.0, 15.0, 18.0, 21.0, 24.0, 27.0, 30.0, 33.0, 36.0, 39.0, 42.0, 45.0, 48.0, 51.0, 54.0, 57.0, 60.0, 63.0, 66.0, 69.0, 72.0, 75.0, 78.0, 81.0, 84.0, 87.0, 90.0, 93.0, 96.0]}, "_timestamp": 1682774202.184593, "_runtime": 4.5884199142456055, "_step": 0, "_wandb": {"runtime": 1}}