{"accuracy": 0.21991940126655152, "classification_report": "              precision    recall  f1-score   support\n\n           0       0.31      0.48      0.38       180\n           1       0.21      0.39      0.28       142\n           2       0.14      0.18      0.16       181\n           3       0.15      0.15      0.15       190\n           4       0.17      0.12      0.14       201\n           5       0.18      0.15      0.17       150\n           6       0.24      0.17      0.20       178\n           7       0.19      0.15      0.17       171\n           8       0.25      0.17      0.20       171\n           9       0.35      0.28      0.31       173\n\n    accuracy                           0.22      1737\n   macro avg       0.22      0.22      0.21      1737\nweighted avg       0.22      0.22      0.21      1737\n", "confusion_matrix": {"_type": "histogram", "values": [5, 6, 12, 6, 14, 12, 13, 4, 7, 6, 2, 4, 3, 2, 1, 0, 0, 1, 0, 0, 1, 0, 0, 0, 0, 0, 0, 0, 0, 0, 0, 1], "bins": [0.0, 2.71875, 5.4375, 8.15625, 10.875, 13.59375, 16.3125, 19.03125, 21.75, 24.46875, 27.1875, 29.90625, 32.625, 35.34375, 38.0625, 40.78125, 43.5, 46.21875, 48.9375, 51.65625, 54.375, 57.09375, 59.8125, 62.53125, 65.25, 67.96875, 70.6875, 73.40625, 76.125, 78.84375, 81.5625, 84.28125, 87.0]}, "_timestamp": 1682592210.83498, "_runtime": 6.922375917434692, "_step": 0, "_wandb": {"runtime": 5}}