{"accuracy": 0.07081174438687392, "classification_report": "              precision    recall  f1-score   support\n\n           0       0.03      0.18      0.05       180\n           1       0.12      0.64      0.21       142\n           2       0.00      0.00      0.00       181\n           3       0.00      0.00      0.00       190\n           4       0.00      0.00      0.00       201\n           5       0.00      0.00      0.00       150\n           6       0.00      0.00      0.00       178\n           7       0.00      0.00      0.00       171\n           8       0.00      0.00      0.00       171\n           9       0.00      0.00      0.00       173\n\n    accuracy                           0.07      1737\n   macro avg       0.02      0.08      0.03      1737\nweighted avg       0.01      0.07      0.02      1737\n", "confusion_matrix": {"_type": "histogram", "values": [80, 0, 0, 0, 0, 0, 2, 1, 1, 1, 0, 1, 1, 0, 0, 0, 1, 1, 1, 1, 0, 0, 2, 1, 0, 1, 1, 0, 1, 1, 1, 1], "bins": [0.0, 4.625, 9.25, 13.875, 18.5, 23.125, 27.75, 32.375, 37.0, 41.625, 46.25, 50.875, 55.5, 60.125, 64.75, 69.375, 74.0, 78.625, 83.25, 87.875, 92.5, 97.125, 101.75, 106.375, 111.0, 115.625, 120.25, 124.875, 129.5, 134.125, 138.75, 143.375, 148.0]}, "_timestamp": 1682841397.423777, "_runtime": 14.838640213012695, "_step": 0, "_wandb": {"runtime": 13}}