{"accuracy": 0.23949337938975246, "classification_report": "              precision    recall  f1-score   support\n\n           0       0.41      0.35      0.38       180\n           1       0.24      0.28      0.26       142\n           2       0.22      0.22      0.22       181\n           3       0.18      0.17      0.18       190\n           4       0.21      0.17      0.19       201\n           5       0.19      0.20      0.20       150\n           6       0.24      0.24      0.24       178\n           7       0.18      0.20      0.19       171\n           8       0.21      0.22      0.22       171\n           9       0.32      0.36      0.34       173\n\n    accuracy                           0.24      1737\n   macro avg       0.24      0.24      0.24      1737\nweighted avg       0.24      0.24      0.24      1737\n", "confusion_matrix": {"_type": "histogram", "values": [1, 6, 10, 14, 8, 2, 9, 10, 7, 5, 2, 6, 1, 3, 5, 2, 2, 1, 1, 2, 1, 0, 0, 0, 0, 0, 0, 0, 0, 0, 0, 2], "bins": [2.0, 3.90625, 5.8125, 7.71875, 9.625, 11.53125, 13.4375, 15.34375, 17.25, 19.15625, 21.0625, 22.96875, 24.875, 26.78125, 28.6875, 30.59375, 32.5, 34.40625, 36.3125, 38.21875, 40.125, 42.03125, 43.9375, 45.84375, 47.75, 49.65625, 51.5625, 53.46875, 55.375, 57.28125, 59.1875, 61.09375, 63.0]}, "_timestamp": 1682592199.420845, "_runtime": 2.058682918548584, "_step": 0, "_wandb": {"runtime": 0}}