{"accuracy": 0.16753022452504318, "classification_report": "              precision    recall  f1-score   support\n\n           0       0.26      0.22      0.24       180\n           1       0.14      0.19      0.16       142\n           2       0.16      0.19      0.17       181\n           3       0.19      0.18      0.18       190\n           4       0.14      0.10      0.12       201\n           5       0.12      0.09      0.10       150\n           6       0.13      0.13      0.13       178\n           7       0.13      0.13      0.13       171\n           8       0.15      0.18      0.17       171\n           9       0.24      0.26      0.25       173\n\n    accuracy                           0.17      1737\n   macro avg       0.17      0.17      0.17      1737\nweighted avg       0.17      0.17      0.17      1737\n", "confusion_matrix": {"_type": "histogram", "values": [3, 1, 4, 7, 3, 4, 7, 16, 5, 5, 4, 4, 4, 6, 6, 4, 4, 4, 0, 1, 1, 2, 0, 1, 1, 0, 1, 1, 0, 0, 0, 1], "bins": [4.0, 5.28125, 6.5625, 7.84375, 9.125, 10.40625, 11.6875, 12.96875, 14.25, 15.53125, 16.8125, 18.09375, 19.375, 20.65625, 21.9375, 23.21875, 24.5, 25.78125, 27.0625, 28.34375, 29.625, 30.90625, 32.1875, 33.46875, 34.75, 36.03125, 37.3125, 38.59375, 39.875, 41.15625, 42.4375, 43.71875, 45.0]}, "_timestamp": 1682596261.099631, "_runtime": 1.9858410358428955, "_step": 0, "_wandb": {"runtime": 0}}