{"accuracy": 0.153713298791019, "classification_report": "              precision    recall  f1-score   support\n\n           0       0.47      0.11      0.18       180\n           1       0.18      0.21      0.19       142\n           2       0.00      0.00      0.00       181\n           3       0.13      0.62      0.21       190\n           4       0.18      0.01      0.03       201\n           5       0.00      0.00      0.00       150\n           6       0.12      0.21      0.16       178\n           7       0.00      0.00      0.00       171\n           8       0.16      0.06      0.09       171\n           9       0.24      0.29      0.26       173\n\n    accuracy                           0.15      1737\n   macro avg       0.15      0.15      0.11      1737\nweighted avg       0.15      0.15      0.11      1737\n", "confusion_matrix": {"_type": "histogram", "values": [51, 9, 6, 2, 4, 3, 1, 3, 3, 2, 5, 0, 0, 1, 0, 0, 0, 0, 0, 0, 1, 1, 1, 1, 1, 0, 2, 0, 1, 1, 0, 1], "bins": [0.0, 3.65625, 7.3125, 10.96875, 14.625, 18.28125, 21.9375, 25.59375, 29.25, 32.90625, 36.5625, 40.21875, 43.875, 47.53125, 51.1875, 54.84375, 58.5, 62.15625, 65.8125, 69.46875, 73.125, 76.78125, 80.4375, 84.09375, 87.75, 91.40625, 95.0625, 98.71875, 102.375, 106.03125, 109.6875, 113.34375, 117.0]}, "_timestamp": 1682681619.8873532, "_runtime": 2.47827410697937, "_step": 0, "_wandb": {"runtime": 0}}