{"accuracy": 0.13644214162348878, "classification_report": "              precision    recall  f1-score   support\n\n           0       0.36      0.17      0.23       180\n           1       0.10      0.13      0.11       142\n           2       0.13      0.10      0.11       181\n           3       0.08      0.10      0.09       190\n           4       0.14      0.25      0.18       201\n           5       0.08      0.09      0.09       150\n           6       0.13      0.13      0.13       178\n           7       0.14      0.13      0.14       171\n           8       0.17      0.11      0.13       171\n           9       0.15      0.12      0.14       173\n\n    accuracy                           0.14      1737\n   macro avg       0.15      0.13      0.14      1737\nweighted avg       0.15      0.14      0.14      1737\n", "confusion_matrix": {"_type": "histogram", "values": [5, 4, 4, 3, 1, 12, 4, 11, 6, 4, 9, 6, 3, 6, 3, 4, 2, 2, 4, 2, 0, 0, 0, 0, 2, 0, 0, 0, 1, 1, 0, 1], "bins": [2.0, 3.53125, 5.0625, 6.59375, 8.125, 9.65625, 11.1875, 12.71875, 14.25, 15.78125, 17.3125, 18.84375, 20.375, 21.90625, 23.4375, 24.96875, 26.5, 28.03125, 29.5625, 31.09375, 32.625, 34.15625, 35.6875, 37.21875, 38.75, 40.28125, 41.8125, 43.34375, 44.875, 46.40625, 47.9375, 49.46875, 51.0]}, "_timestamp": 1682608708.92489, "_runtime": 27.218183040618896, "_step": 0, "_wandb": {"runtime": 25}}