{"accuracy": 0.178468624064479, "classification_report": "              precision    recall  f1-score   support\n\n           0       0.22      0.78      0.34       180\n           1       0.07      0.01      0.02       142\n           2       0.11      0.04      0.06       181\n           3       0.15      0.18      0.17       190\n           4       0.18      0.12      0.15       201\n           5       0.12      0.04      0.06       150\n           6       0.12      0.16      0.13       178\n           7       0.17      0.11      0.13       171\n           8       0.15      0.05      0.07       171\n           9       0.22      0.23      0.23       173\n\n    accuracy                           0.18      1737\n   macro avg       0.15      0.17      0.14      1737\nweighted avg       0.15      0.18      0.14      1737\n", "confusion_matrix": {"_type": "histogram", "values": [22, 22, 13, 11, 8, 5, 6, 2, 1, 3, 2, 0, 0, 0, 0, 0, 1, 1, 0, 2, 0, 0, 0, 0, 0, 0, 0, 0, 0, 0, 0, 1], "bins": [0.0, 4.40625, 8.8125, 13.21875, 17.625, 22.03125, 26.4375, 30.84375, 35.25, 39.65625, 44.0625, 48.46875, 52.875, 57.28125, 61.6875, 66.09375, 70.5, 74.90625, 79.3125, 83.71875, 88.125, 92.53125, 96.9375, 101.34375, 105.75, 110.15625, 114.5625, 118.96875, 123.375, 127.78125, 132.1875, 136.59375, 141.0]}, "_timestamp": 1682682216.438206, "_runtime": 2.3989100456237793, "_step": 0, "_wandb": {"runtime": 0}}