{"accuracy": 0.1894070236039148, "classification_report": "              precision    recall  f1-score   support\n\n           0       0.36      0.42      0.38       180\n           1       0.14      0.26      0.18       142\n           2       0.14      0.02      0.04       181\n           3       0.12      0.34      0.18       190\n           4       0.29      0.06      0.10       201\n           5       0.17      0.05      0.07       150\n           6       0.18      0.27      0.21       178\n           7       0.20      0.01      0.02       171\n           8       0.00      0.00      0.00       171\n           9       0.25      0.46      0.33       173\n\n    accuracy                           0.19      1737\n   macro avg       0.18      0.19      0.15      1737\nweighted avg       0.19      0.19      0.15      1737\n", "confusion_matrix": {"_type": "histogram", "values": [31, 8, 16, 2, 1, 3, 3, 1, 2, 2, 3, 1, 5, 3, 3, 0, 1, 0, 2, 4, 0, 2, 0, 1, 0, 2, 1, 0, 0, 1, 1, 1], "bins": [0.0, 2.46875, 4.9375, 7.40625, 9.875, 12.34375, 14.8125, 17.28125, 19.75, 22.21875, 24.6875, 27.15625, 29.625, 32.09375, 34.5625, 37.03125, 39.5, 41.96875, 44.4375, 46.90625, 49.375, 51.84375, 54.3125, 56.78125, 59.25, 61.71875, 64.1875, 66.65625, 69.125, 71.59375, 74.0625, 76.53125, 79.0]}, "_timestamp": 1682596161.060101, "_runtime": 3.228577136993408, "_step": 0, "_wandb": {"runtime": 0}}