{"accuracy": 0.08578008059873345, "classification_report": "              precision    recall  f1-score   support\n\n           0       0.03      0.09      0.04       180\n           1       0.14      0.59      0.23       142\n           2       0.09      0.27      0.14       181\n           3       0.00      0.00      0.00       190\n           4       0.00      0.00      0.00       201\n           5       0.00      0.00      0.00       150\n           6       0.00      0.00      0.00       178\n           7       0.00      0.00      0.00       171\n           8       0.00      0.00      0.00       171\n           9       0.00      0.00      0.00       173\n\n    accuracy                           0.09      1737\n   macro avg       0.03      0.10      0.04      1737\nweighted avg       0.02      0.09      0.04      1737\n", "confusion_matrix": {"_type": "histogram", "values": [70, 0, 0, 2, 2, 1, 0, 3, 1, 1, 1, 3, 1, 3, 2, 1, 3, 0, 2, 0, 2, 0, 0, 0, 0, 0, 1, 0, 0, 0, 0, 1], "bins": [0.0, 4.4375, 8.875, 13.3125, 17.75, 22.1875, 26.625, 31.0625, 35.5, 39.9375, 44.375, 48.8125, 53.25, 57.6875, 62.125, 66.5625, 71.0, 75.4375, 79.875, 84.3125, 88.75, 93.1875, 97.625, 102.0625, 106.5, 110.9375, 115.375, 119.8125, 124.25, 128.6875, 133.125, 137.5625, 142.0]}, "_timestamp": 1682774720.83416, "_runtime": 20.535142183303833, "_step": 0, "_wandb": {"runtime": 19}}