{"accuracy": 0.1692573402417962, "classification_report": "              precision    recall  f1-score   support\n\n           0       0.17      0.87      0.28       180\n           1       0.18      0.04      0.07       142\n           2       0.21      0.02      0.04       181\n           3       0.00      0.00      0.00       190\n           4       0.00      0.00      0.00       201\n           5       0.00      0.00      0.00       150\n           6       0.14      0.16      0.15       178\n           7       0.14      0.13      0.14       171\n           8       0.60      0.02      0.03       171\n           9       0.20      0.42      0.28       173\n\n    accuracy                           0.17      1737\n   macro avg       0.16      0.17      0.10      1737\nweighted avg       0.16      0.17      0.10      1737\n", "confusion_matrix": {"_type": "histogram", "values": [60, 5, 2, 6, 5, 5, 2, 0, 2, 1, 1, 0, 2, 1, 1, 1, 0, 1, 0, 0, 0, 2, 0, 1, 0, 1, 0, 0, 0, 0, 0, 1], "bins": [0.0, 4.875, 9.75, 14.625, 19.5, 24.375, 29.25, 34.125, 39.0, 43.875, 48.75, 53.625, 58.5, 63.375, 68.25, 73.125, 78.0, 82.875, 87.75, 92.625, 97.5, 102.375, 107.25, 112.125, 117.0, 121.875, 126.75, 131.625, 136.5, 141.375, 146.25, 151.125, 156.0]}, "_timestamp": 1682682131.338625, "_runtime": 2.278010845184326, "_step": 0, "_wandb": {"runtime": 0}}