{"accuracy": 0.15659182498560736, "classification_report": "              precision    recall  f1-score   support\n\n           0       0.23      0.64      0.33       180\n           1       0.00      0.00      0.00       142\n           2       0.12      0.11      0.12       181\n           3       0.00      0.00      0.00       190\n           4       0.00      0.00      0.00       201\n           5       0.00      0.00      0.00       150\n           6       0.00      0.00      0.00       178\n           7       0.00      0.00      0.00       171\n           8       0.19      0.02      0.03       171\n           9       0.13      0.77      0.22       173\n\n    accuracy                           0.16      1737\n   macro avg       0.07      0.15      0.07      1737\nweighted avg       0.07      0.16      0.07      1737\n", "confusion_matrix": {"_type": "histogram", "values": [70, 1, 4, 0, 4, 2, 2, 2, 0, 1, 0, 1, 1, 0, 1, 1, 1, 0, 0, 0, 1, 0, 0, 0, 1, 1, 1, 0, 0, 3, 1, 1], "bins": [0.0, 4.34375, 8.6875, 13.03125, 17.375, 21.71875, 26.0625, 30.40625, 34.75, 39.09375, 43.4375, 47.78125, 52.125, 56.46875, 60.8125, 65.15625, 69.5, 73.84375, 78.1875, 82.53125, 86.875, 91.21875, 95.5625, 99.90625, 104.25, 108.59375, 112.9375, 117.28125, 121.625, 125.96875, 130.3125, 134.65625, 139.0]}, "_timestamp": 1682605791.148899, "_runtime": 84.19384598731995, "_step": 0, "_wandb": {"runtime": 82}}