{"accuracy": 0.1755900978698906, "classification_report": "              precision    recall  f1-score   support\n\n           0       0.26      0.38      0.31       180\n           1       0.19      0.18      0.18       142\n           2       0.15      0.13      0.14       181\n           3       0.09      0.11      0.10       190\n           4       0.10      0.06      0.08       201\n           5       0.00      0.00      0.00       150\n           6       0.17      0.21      0.19       178\n           7       0.19      0.05      0.08       171\n           8       0.18      0.09      0.12       171\n           9       0.19      0.54      0.29       173\n\n    accuracy                           0.18      1737\n   macro avg       0.15      0.17      0.15      1737\nweighted avg       0.15      0.18      0.15      1737\n", "confusion_matrix": {"_type": "histogram", "values": [12, 16, 7, 11, 12, 7, 1, 7, 6, 3, 1, 5, 2, 1, 2, 0, 1, 1, 1, 0, 1, 1, 0, 1, 0, 0, 0, 0, 0, 0, 0, 1], "bins": [0.0, 2.9375, 5.875, 8.8125, 11.75, 14.6875, 17.625, 20.5625, 23.5, 26.4375, 29.375, 32.3125, 35.25, 38.1875, 41.125, 44.0625, 47.0, 49.9375, 52.875, 55.8125, 58.75, 61.6875, 64.625, 67.5625, 70.5, 73.4375, 76.375, 79.3125, 82.25, 85.1875, 88.125, 91.0625, 94.0]}, "_timestamp": 1682603456.493213, "_runtime": 1.8287620544433594, "_step": 0, "_wandb": {"runtime": 0}}