{"accuracy": 0.16810592976396085, "classification_report": "              precision    recall  f1-score   support\n\n           0       0.29      0.28      0.29       180\n           1       0.18      0.22      0.20       142\n           2       0.12      0.15      0.13       181\n           3       0.15      0.13      0.14       190\n           4       0.13      0.14      0.14       201\n           5       0.06      0.03      0.04       150\n           6       0.16      0.17      0.16       178\n           7       0.13      0.12      0.12       171\n           8       0.15      0.10      0.12       171\n           9       0.24      0.34      0.28       173\n\n    accuracy                           0.17      1737\n   macro avg       0.16      0.17      0.16      1737\nweighted avg       0.16      0.17      0.16      1737\n", "confusion_matrix": {"_type": "histogram", "values": [2, 2, 6, 7, 5, 10, 6, 10, 9, 3, 7, 4, 9, 3, 5, 3, 3, 2, 0, 0, 1, 1, 0, 0, 0, 0, 0, 0, 1, 0, 0, 1], "bins": [1.0, 2.78125, 4.5625, 6.34375, 8.125, 9.90625, 11.6875, 13.46875, 15.25, 17.03125, 18.8125, 20.59375, 22.375, 24.15625, 25.9375, 27.71875, 29.5, 31.28125, 33.0625, 34.84375, 36.625, 38.40625, 40.1875, 41.96875, 43.75, 45.53125, 47.3125, 49.09375, 50.875, 52.65625, 54.4375, 56.21875, 58.0]}, "_timestamp": 1682596713.1219141, "_runtime": 1.926950216293335, "_step": 0, "_wandb": {"runtime": 0}}