{"accuracy": 0.1692573402417962, "classification_report": "              precision    recall  f1-score   support\n\n           0       0.31      0.27      0.29       180\n           1       0.16      0.15      0.15       142\n           2       0.19      0.06      0.09       181\n           3       0.14      0.41      0.21       190\n           4       0.17      0.16      0.16       201\n           5       0.03      0.01      0.01       150\n           6       0.13      0.17      0.15       178\n           7       0.08      0.03      0.04       171\n           8       0.14      0.09      0.11       171\n           9       0.27      0.29      0.28       173\n\n    accuracy                           0.17      1737\n   macro avg       0.16      0.16      0.15      1737\nweighted avg       0.16      0.17      0.15      1737\n", "confusion_matrix": {"_type": "histogram", "values": [9, 12, 14, 12, 5, 5, 8, 5, 4, 5, 0, 0, 4, 1, 4, 1, 1, 0, 1, 1, 1, 2, 0, 0, 1, 0, 0, 1, 0, 2, 0, 1], "bins": [0.0, 2.40625, 4.8125, 7.21875, 9.625, 12.03125, 14.4375, 16.84375, 19.25, 21.65625, 24.0625, 26.46875, 28.875, 31.28125, 33.6875, 36.09375, 38.5, 40.90625, 43.3125, 45.71875, 48.125, 50.53125, 52.9375, 55.34375, 57.75, 60.15625, 62.5625, 64.96875, 67.375, 69.78125, 72.1875, 74.59375, 77.0]}, "_timestamp": 1682681898.4350789, "_runtime": 4.100534915924072, "_step": 0, "_wandb": {"runtime": 1}}