{"accuracy": 0.17731721358664365, "classification_report": "              precision    recall  f1-score   support\n\n           0       0.22      0.71      0.33       180\n           1       0.00      0.00      0.00       142\n           2       0.00      0.00      0.00       181\n           3       0.13      0.08      0.10       190\n           4       0.10      0.14      0.12       201\n           5       0.11      0.05      0.07       150\n           6       0.15      0.16      0.16       178\n           7       0.15      0.10      0.12       171\n           8       0.20      0.04      0.07       171\n           9       0.22      0.45      0.29       173\n\n    accuracy                           0.18      1737\n   macro avg       0.13      0.17      0.13      1737\nweighted avg       0.13      0.18      0.13      1737\n", "confusion_matrix": {"_type": "histogram", "values": [29, 15, 8, 9, 7, 6, 3, 7, 4, 1, 0, 2, 1, 1, 1, 1, 1, 1, 0, 2, 0, 0, 0, 0, 0, 0, 0, 0, 0, 0, 0, 1], "bins": [0.0, 4.0, 8.0, 12.0, 16.0, 20.0, 24.0, 28.0, 32.0, 36.0, 40.0, 44.0, 48.0, 52.0, 56.0, 60.0, 64.0, 68.0, 72.0, 76.0, 80.0, 84.0, 88.0, 92.0, 96.0, 100.0, 104.0, 108.0, 112.0, 116.0, 120.0, 124.0, 128.0]}, "_timestamp": 1682681611.988893, "_runtime": 2.570322036743164, "_step": 0, "_wandb": {"runtime": 0}}