{"accuracy": 0.1203223949337939, "classification_report": "              precision    recall  f1-score   support\n\n           0       0.13      0.17      0.15       180\n           1       0.16      0.50      0.25       142\n           2       0.05      0.08      0.06       181\n           3       0.11      0.20      0.14       190\n           4       0.12      0.27      0.17       201\n           5       0.00      0.00      0.00       150\n           6       0.00      0.00      0.00       178\n           7       0.00      0.00      0.00       171\n           8       0.00      0.00      0.00       171\n           9       0.00      0.00      0.00       173\n\n    accuracy                           0.12      1737\n   macro avg       0.06      0.12      0.08      1737\nweighted avg       0.06      0.12      0.08      1737\n", "confusion_matrix": {"_type": "histogram", "values": [50, 1, 0, 6, 2, 5, 4, 6, 4, 3, 4, 0, 3, 3, 1, 1, 2, 0, 1, 1, 1, 1, 0, 0, 0, 0, 0, 0, 0, 0, 0, 1], "bins": [0.0, 3.5625, 7.125, 10.6875, 14.25, 17.8125, 21.375, 24.9375, 28.5, 32.0625, 35.625, 39.1875, 42.75, 46.3125, 49.875, 53.4375, 57.0, 60.5625, 64.125, 67.6875, 71.25, 74.8125, 78.375, 81.9375, 85.5, 89.0625, 92.625, 96.1875, 99.75, 103.3125, 106.875, 110.4375, 114.0]}, "_timestamp": 1682774187.0648808, "_runtime": 2.8653578758239746, "_step": 0, "_wandb": {"runtime": 1}}