{"accuracy": 0.12377662636729994, "classification_report": "              precision    recall  f1-score   support\n\n           0       0.30      0.13      0.18       180\n           1       0.09      0.76      0.17       142\n           2       0.09      0.12      0.10       181\n           3       0.30      0.03      0.06       190\n           4       0.18      0.10      0.13       201\n           5       0.38      0.02      0.04       150\n           6       0.20      0.05      0.08       178\n           7       0.24      0.05      0.08       171\n           8       0.47      0.05      0.09       171\n           9       0.50      0.04      0.07       173\n\n    accuracy                           0.12      1737\n   macro avg       0.27      0.14      0.10      1737\nweighted avg       0.27      0.12      0.10      1737\n", "confusion_matrix": {"_type": "histogram", "values": [53, 15, 9, 2, 2, 5, 1, 2, 1, 0, 0, 0, 0, 0, 0, 0, 0, 0, 0, 0, 0, 0, 0, 0, 1, 3, 1, 0, 1, 0, 1, 3], "bins": [0.0, 4.125, 8.25, 12.375, 16.5, 20.625, 24.75, 28.875, 33.0, 37.125, 41.25, 45.375, 49.5, 53.625, 57.75, 61.875, 66.0, 70.125, 74.25, 78.375, 82.5, 86.625, 90.75, 94.875, 99.0, 103.125, 107.25, 111.375, 115.5, 119.625, 123.75, 127.875, 132.0]}, "_timestamp": 1682653304.069917, "_runtime": 9.279226064682007, "_step": 0, "_wandb": {"runtime": 7}}