{"accuracy": 0.14795624640184227, "classification_report": "              precision    recall  f1-score   support\n\n           0       0.40      0.15      0.22       180\n           1       0.14      0.23      0.18       142\n           2       0.12      0.16      0.14       181\n           3       0.11      0.08      0.09       190\n           4       0.18      0.24      0.21       201\n           5       0.07      0.05      0.06       150\n           6       0.12      0.17      0.14       178\n           7       0.10      0.09      0.09       171\n           8       0.16      0.14      0.15       171\n           9       0.21      0.17      0.19       173\n\n    accuracy                           0.15      1737\n   macro avg       0.16      0.15      0.15      1737\nweighted avg       0.16      0.15      0.15      1737\n", "confusion_matrix": {"_type": "histogram", "values": [6, 1, 4, 1, 7, 5, 9, 4, 8, 5, 10, 0, 8, 1, 6, 1, 1, 5, 2, 3, 0, 6, 2, 1, 0, 1, 0, 0, 0, 1, 1, 1], "bins": [1.0, 2.46875, 3.9375, 5.40625, 6.875, 8.34375, 9.8125, 11.28125, 12.75, 14.21875, 15.6875, 17.15625, 18.625, 20.09375, 21.5625, 23.03125, 24.5, 25.96875, 27.4375, 28.90625, 30.375, 31.84375, 33.3125, 34.78125, 36.25, 37.71875, 39.1875, 40.65625, 42.125, 43.59375, 45.0625, 46.53125, 48.0]}, "_timestamp": 1682608831.9565089, "_runtime": 39.21785092353821, "_step": 0, "_wandb": {"runtime": 37}}