{"accuracy": 0.15659182498560736, "classification_report": "              precision    recall  f1-score   support\n\n           0       0.25      0.74      0.38       180\n           1       0.03      0.06      0.04       142\n           2       0.18      0.15      0.16       181\n           3       0.16      0.15      0.16       190\n           4       0.14      0.37      0.20       201\n           5       0.00      0.00      0.00       150\n           6       0.00      0.00      0.00       178\n           7       0.00      0.00      0.00       171\n           8       0.00      0.00      0.00       171\n           9       0.00      0.00      0.00       173\n\n    accuracy                           0.16      1737\n   macro avg       0.08      0.15      0.09      1737\nweighted avg       0.08      0.16      0.10      1737\n", "confusion_matrix": {"_type": "histogram", "values": [50, 2, 8, 3, 5, 6, 6, 0, 4, 0, 0, 3, 2, 2, 1, 2, 0, 1, 2, 1, 1, 0, 0, 0, 0, 0, 0, 0, 0, 0, 0, 1], "bins": [0.0, 4.15625, 8.3125, 12.46875, 16.625, 20.78125, 24.9375, 29.09375, 33.25, 37.40625, 41.5625, 45.71875, 49.875, 54.03125, 58.1875, 62.34375, 66.5, 70.65625, 74.8125, 78.96875, 83.125, 87.28125, 91.4375, 95.59375, 99.75, 103.90625, 108.0625, 112.21875, 116.375, 120.53125, 124.6875, 128.84375, 133.0]}, "_timestamp": 1682772935.6870432, "_runtime": 3.030339241027832, "_step": 0, "_wandb": {"runtime": 1}}