{"accuracy": 0.11917098445595854, "classification_report": "              precision    recall  f1-score   support\n\n           0       0.30      0.10      0.15       180\n           1       0.09      0.90      0.16       142\n           2       0.13      0.06      0.08       181\n           3       0.50      0.03      0.05       190\n           4       0.36      0.04      0.08       201\n           5       0.40      0.01      0.03       150\n           6       0.29      0.04      0.07       178\n           7       0.28      0.06      0.10       171\n           8       0.50      0.06      0.10       171\n           9       0.47      0.04      0.07       173\n\n    accuracy                           0.12      1737\n   macro avg       0.33      0.13      0.09      1737\nweighted avg       0.33      0.12      0.09      1737\n", "confusion_matrix": {"_type": "histogram", "values": [71, 14, 4, 1, 0, 0, 0, 0, 0, 0, 0, 0, 0, 0, 0, 0, 0, 0, 0, 0, 0, 0, 0, 0, 3, 0, 1, 1, 2, 1, 0, 2], "bins": [0.0, 5.25, 10.5, 15.75, 21.0, 26.25, 31.5, 36.75, 42.0, 47.25, 52.5, 57.75, 63.0, 68.25, 73.5, 78.75, 84.0, 89.25, 94.5, 99.75, 105.0, 110.25, 115.5, 120.75, 126.0, 131.25, 136.5, 141.75, 147.0, 152.25, 157.5, 162.75, 168.0]}, "_timestamp": 1682653395.6359942, "_runtime": 9.699695110321045, "_step": 0, "_wandb": {"runtime": 8}}