{"accuracy": 0.18364997121473806, "classification_report": "              precision    recall  f1-score   support\n\n           0       0.19      0.76      0.31       180\n           1       0.19      0.08      0.11       142\n           2       0.13      0.04      0.07       181\n           3       0.31      0.04      0.07       190\n           4       0.07      0.00      0.01       201\n           5       0.18      0.02      0.04       150\n           6       0.12      0.20      0.15       178\n           7       0.16      0.19      0.17       171\n           8       0.22      0.13      0.16       171\n           9       0.24      0.35      0.29       173\n\n    accuracy                           0.18      1737\n   macro avg       0.18      0.18      0.14      1737\nweighted avg       0.18      0.18      0.14      1737\n", "confusion_matrix": {"_type": "histogram", "values": [44, 9, 8, 6, 1, 9, 2, 6, 3, 2, 2, 1, 0, 0, 1, 1, 0, 0, 2, 1, 0, 0, 0, 1, 0, 0, 0, 0, 0, 0, 0, 1], "bins": [0.0, 4.28125, 8.5625, 12.84375, 17.125, 21.40625, 25.6875, 29.96875, 34.25, 38.53125, 42.8125, 47.09375, 51.375, 55.65625, 59.9375, 64.21875, 68.5, 72.78125, 77.0625, 81.34375, 85.625, 89.90625, 94.1875, 98.46875, 102.75, 107.03125, 111.3125, 115.59375, 119.875, 124.15625, 128.4375, 132.71875, 137.0]}, "_timestamp": 1682681733.1410801, "_runtime": 2.683145046234131, "_step": 0, "_wandb": {"runtime": 0}}