{"accuracy": 0.08808290155440414, "classification_report": "              precision    recall  f1-score   support\n\n           0       0.02      0.01      0.01       180\n           1       0.08      0.06      0.07       142\n           2       0.06      0.10      0.07       181\n           3       0.09      0.14      0.11       190\n           4       0.15      0.12      0.13       201\n           5       0.07      0.12      0.09       150\n           6       0.05      0.04      0.04       178\n           7       0.18      0.16      0.17       171\n           8       0.10      0.13      0.11       171\n           9       0.00      0.00      0.00       173\n\n    accuracy                           0.09      1737\n   macro avg       0.08      0.09      0.08      1737\nweighted avg       0.08      0.09      0.08      1737\n", "confusion_matrix": {"_type": "histogram", "values": [12, 9, 12, 12, 6, 8, 8, 12, 5, 4, 2, 2, 2, 1, 1, 1, 1, 0, 0, 0, 1, 0, 0, 0, 0, 0, 0, 0, 0, 0, 0, 1], "bins": [0.0, 3.09375, 6.1875, 9.28125, 12.375, 15.46875, 18.5625, 21.65625, 24.75, 27.84375, 30.9375, 34.03125, 37.125, 40.21875, 43.3125, 46.40625, 49.5, 52.59375, 55.6875, 58.78125, 61.875, 64.96875, 68.0625, 71.15625, 74.25, 77.34375, 80.4375, 83.53125, 86.625, 89.71875, 92.8125, 95.90625, 99.0]}, "_timestamp": 1682774922.777704, "_runtime": 34.37434911727905, "_step": 0, "_wandb": {"runtime": 32}}