{"accuracy": 0.16810592976396085, "classification_report": "              precision    recall  f1-score   support\n\n           0       0.34      0.23      0.27       180\n           1       0.13      0.51      0.21       142\n           2       0.13      0.09      0.11       181\n           3       0.15      0.11      0.12       190\n           4       0.20      0.11      0.15       201\n           5       0.13      0.07      0.09       150\n           6       0.18      0.16      0.17       178\n           7       0.16      0.08      0.11       171\n           8       0.15      0.13      0.14       171\n           9       0.21      0.25      0.23       173\n\n    accuracy                           0.17      1737\n   macro avg       0.18      0.17      0.16      1737\nweighted avg       0.18      0.17      0.16      1737\n", "confusion_matrix": {"_type": "histogram", "values": [8, 10, 15, 12, 17, 12, 7, 2, 3, 1, 2, 1, 1, 2, 1, 0, 1, 0, 0, 1, 0, 0, 0, 1, 1, 0, 1, 0, 0, 0, 0, 1], "bins": [1.0, 3.9375, 6.875, 9.8125, 12.75, 15.6875, 18.625, 21.5625, 24.5, 27.4375, 30.375, 33.3125, 36.25, 39.1875, 42.125, 45.0625, 48.0, 50.9375, 53.875, 56.8125, 59.75, 62.6875, 65.625, 68.5625, 71.5, 74.4375, 77.375, 80.3125, 83.25, 86.1875, 89.125, 92.0625, 95.0]}, "_timestamp": 1682682007.949892, "_runtime": 4.819684028625488, "_step": 0, "_wandb": {"runtime": 1}}