{"accuracy": 0.16407599309153714, "classification_report": "              precision    recall  f1-score   support\n\n           0       0.30      0.29      0.30       180\n           1       0.14      0.15      0.15       142\n           2       0.15      0.13      0.14       181\n           3       0.14      0.16      0.15       190\n           4       0.17      0.15      0.16       201\n           5       0.11      0.13      0.12       150\n           6       0.09      0.11      0.10       178\n           7       0.19      0.13      0.15       171\n           8       0.13      0.13      0.13       171\n           9       0.25      0.24      0.25       173\n\n    accuracy                           0.16      1737\n   macro avg       0.17      0.16      0.16      1737\nweighted avg       0.17      0.16      0.16      1737\n", "confusion_matrix": {"_type": "histogram", "values": [2, 2, 2, 8, 5, 8, 5, 4, 9, 8, 4, 11, 6, 4, 5, 2, 4, 3, 4, 0, 2, 0, 0, 0, 0, 1, 0, 0, 0, 0, 0, 1], "bins": [1.0, 2.625, 4.25, 5.875, 7.5, 9.125, 10.75, 12.375, 14.0, 15.625, 17.25, 18.875, 20.5, 22.125, 23.75, 25.375, 27.0, 28.625, 30.25, 31.875, 33.5, 35.125, 36.75, 38.375, 40.0, 41.625, 43.25, 44.875, 46.5, 48.125, 49.75, 51.375, 53.0]}, "_timestamp": 1682602757.677948, "_runtime": 4.701122999191284, "_step": 0, "_wandb": {"runtime": 3}}