{"accuracy": 0.21473805411629246, "classification_report": "              precision    recall  f1-score   support\n\n           0       0.26      0.74      0.39       180\n           1       0.18      0.20      0.19       142\n           2       0.14      0.09      0.11       181\n           3       0.16      0.09      0.12       190\n           4       0.16      0.07      0.10       201\n           5       0.13      0.05      0.08       150\n           6       0.17      0.11      0.13       178\n           7       0.18      0.16      0.17       171\n           8       0.17      0.11      0.13       171\n           9       0.29      0.51      0.37       173\n\n    accuracy                           0.21      1737\n   macro avg       0.18      0.21      0.18      1737\nweighted avg       0.18      0.21      0.18      1737\n", "confusion_matrix": {"_type": "histogram", "values": [15, 15, 25, 10, 7, 10, 6, 3, 1, 1, 1, 0, 1, 1, 1, 0, 0, 1, 0, 0, 0, 1, 0, 0, 0, 0, 0, 0, 0, 0, 0, 1], "bins": [0.0, 4.15625, 8.3125, 12.46875, 16.625, 20.78125, 24.9375, 29.09375, 33.25, 37.40625, 41.5625, 45.71875, 49.875, 54.03125, 58.1875, 62.34375, 66.5, 70.65625, 74.8125, 78.96875, 83.125, 87.28125, 91.4375, 95.59375, 99.75, 103.90625, 108.0625, 112.21875, 116.375, 120.53125, 124.6875, 128.84375, 133.0]}, "_timestamp": 1682654013.773246, "_runtime": 2.1786091327667236, "_step": 0, "_wandb": {"runtime": 0}}