{"accuracy": 0.17674150834772595, "classification_report": "              precision    recall  f1-score   support\n\n           0       0.32      0.27      0.29       180\n           1       0.16      0.20      0.18       142\n           2       0.15      0.20      0.17       181\n           3       0.12      0.10      0.11       190\n           4       0.19      0.21      0.20       201\n           5       0.14      0.09      0.11       150\n           6       0.15      0.16      0.16       178\n           7       0.16      0.12      0.14       171\n           8       0.15      0.11      0.12       171\n           9       0.22      0.30      0.25       173\n\n    accuracy                           0.18      1737\n   macro avg       0.17      0.18      0.17      1737\nweighted avg       0.18      0.18      0.17      1737\n", "confusion_matrix": {"_type": "histogram", "values": [2, 5, 2, 9, 8, 7, 6, 8, 10, 5, 4, 2, 4, 3, 6, 3, 4, 4, 1, 0, 0, 1, 0, 1, 0, 1, 1, 0, 1, 0, 1, 1], "bins": [2.0, 3.5625, 5.125, 6.6875, 8.25, 9.8125, 11.375, 12.9375, 14.5, 16.0625, 17.625, 19.1875, 20.75, 22.3125, 23.875, 25.4375, 27.0, 28.5625, 30.125, 31.6875, 33.25, 34.8125, 36.375, 37.9375, 39.5, 41.0625, 42.625, 44.1875, 45.75, 47.3125, 48.875, 50.4375, 52.0]}, "_timestamp": 1682602974.147648, "_runtime": 1.908621072769165, "_step": 0, "_wandb": {"runtime": 0}}