{"accuracy": 0.16983304548071387, "classification_report": "              precision    recall  f1-score   support\n\n           0       0.27      0.26      0.26       180\n           1       0.14      0.18      0.16       142\n           2       0.14      0.12      0.12       181\n           3       0.13      0.12      0.12       190\n           4       0.15      0.16      0.15       201\n           5       0.16      0.13      0.14       150\n           6       0.17      0.16      0.17       178\n           7       0.16      0.12      0.14       171\n           8       0.17      0.19      0.18       171\n           9       0.20      0.26      0.23       173\n\n    accuracy                           0.17      1737\n   macro avg       0.17      0.17      0.17      1737\nweighted avg       0.17      0.17      0.17      1737\n", "confusion_matrix": {"_type": "histogram", "values": [2, 1, 9, 6, 5, 8, 4, 3, 13, 5, 1, 8, 6, 5, 10, 1, 2, 6, 0, 0, 1, 1, 0, 1, 0, 0, 0, 0, 0, 0, 1, 1], "bins": [4.0, 5.34375, 6.6875, 8.03125, 9.375, 10.71875, 12.0625, 13.40625, 14.75, 16.09375, 17.4375, 18.78125, 20.125, 21.46875, 22.8125, 24.15625, 25.5, 26.84375, 28.1875, 29.53125, 30.875, 32.21875, 33.5625, 34.90625, 36.25, 37.59375, 38.9375, 40.28125, 41.625, 42.96875, 44.3125, 45.65625, 47.0]}, "_timestamp": 1682596299.026759, "_runtime": 2.0776870250701904, "_step": 0, "_wandb": {"runtime": 0}}