{"accuracy": 0.2584916522740357, "classification_report": "              precision    recall  f1-score   support\n\n           0       0.46      0.57      0.51       180\n           1       0.26      0.30      0.28       142\n           2       0.17      0.18      0.17       181\n           3       0.16      0.18      0.17       190\n           4       0.20      0.16      0.18       201\n           5       0.19      0.07      0.11       150\n           6       0.21      0.26      0.23       178\n           7       0.23      0.15      0.18       171\n           8       0.33      0.19      0.24       171\n           9       0.30      0.51      0.38       173\n\n    accuracy                           0.26      1737\n   macro avg       0.25      0.26      0.25      1737\nweighted avg       0.25      0.26      0.25      1737\n", "confusion_matrix": {"_type": "histogram", "values": [10, 17, 10, 13, 9, 4, 9, 5, 4, 5, 5, 0, 3, 2, 2, 0, 0, 0, 0, 0, 0, 0, 0, 0, 0, 0, 0, 1, 0, 0, 0, 1], "bins": [0.0, 3.21875, 6.4375, 9.65625, 12.875, 16.09375, 19.3125, 22.53125, 25.75, 28.96875, 32.1875, 35.40625, 38.625, 41.84375, 45.0625, 48.28125, 51.5, 54.71875, 57.9375, 61.15625, 64.375, 67.59375, 70.8125, 74.03125, 77.25, 80.46875, 83.6875, 86.90625, 90.125, 93.34375, 96.5625, 99.78125, 103.0]}, "_timestamp": 1682694423.485719, "_runtime": 21.924319982528687, "_step": 0, "_wandb": {"runtime": 19}}