{"accuracy": 0.14680483592400692, "classification_report": "              precision    recall  f1-score   support\n\n           0       0.26      0.21      0.23       180\n           1       0.09      0.54      0.15       142\n           2       0.12      0.12      0.12       181\n           3       0.20      0.07      0.10       190\n           4       0.21      0.11      0.14       201\n           5       0.17      0.04      0.06       150\n           6       0.18      0.09      0.12       178\n           7       0.20      0.10      0.13       171\n           8       0.19      0.08      0.11       171\n           9       0.41      0.18      0.25       173\n\n    accuracy                           0.15      1737\n   macro avg       0.20      0.15      0.14      1737\nweighted avg       0.20      0.15      0.14      1737\n", "confusion_matrix": {"_type": "histogram", "values": [18, 22, 14, 15, 7, 5, 5, 1, 0, 1, 1, 1, 0, 0, 0, 0, 0, 0, 0, 0, 0, 0, 1, 3, 1, 1, 0, 0, 0, 1, 1, 2], "bins": [0.0, 3.28125, 6.5625, 9.84375, 13.125, 16.40625, 19.6875, 22.96875, 26.25, 29.53125, 32.8125, 36.09375, 39.375, 42.65625, 45.9375, 49.21875, 52.5, 55.78125, 59.0625, 62.34375, 65.625, 68.90625, 72.1875, 75.46875, 78.75, 82.03125, 85.3125, 88.59375, 91.875, 95.15625, 98.4375, 101.71875, 105.0]}, "_timestamp": 1682653357.866177, "_runtime": 2.1054890155792236, "_step": 0, "_wandb": {"runtime": 0}}