{"accuracy": 0.14104778353483016, "classification_report": "              precision    recall  f1-score   support\n\n           0       0.32      0.10      0.15       180\n           1       0.09      0.84      0.16       142\n           2       0.20      0.10      0.13       181\n           3       0.30      0.06      0.10       190\n           4       0.33      0.07      0.12       201\n           5       0.22      0.04      0.07       150\n           6       0.30      0.06      0.10       178\n           7       0.27      0.10      0.15       171\n           8       0.53      0.09      0.16       171\n           9       0.45      0.09      0.15       173\n\n    accuracy                           0.14      1737\n   macro avg       0.30      0.15      0.13      1737\nweighted avg       0.31      0.14      0.13      1737\n", "confusion_matrix": {"_type": "histogram", "values": [60, 18, 7, 5, 0, 0, 0, 0, 0, 0, 0, 0, 0, 0, 0, 0, 0, 0, 0, 0, 0, 0, 0, 1, 1, 2, 0, 0, 2, 1, 1, 2], "bins": [0.0, 4.75, 9.5, 14.25, 19.0, 23.75, 28.5, 33.25, 38.0, 42.75, 47.5, 52.25, 57.0, 61.75, 66.5, 71.25, 76.0, 80.75, 85.5, 90.25, 95.0, 99.75, 104.5, 109.25, 114.0, 118.75, 123.5, 128.25, 133.0, 137.75, 142.5, 147.25, 152.0]}, "_timestamp": 1682653417.1202161, "_runtime": 9.901666164398193, "_step": 0, "_wandb": {"runtime": 8}}