{"accuracy": 0.1577432354634427, "classification_report": "              precision    recall  f1-score   support\n\n           0       0.27      0.53      0.36       180\n           1       0.00      0.00      0.00       142\n           2       0.11      0.05      0.07       181\n           3       0.12      0.05      0.07       190\n           4       0.09      0.12      0.11       201\n           5       0.00      0.00      0.00       150\n           6       0.10      0.29      0.15       178\n           7       0.07      0.01      0.02       171\n           8       0.23      0.04      0.07       171\n           9       0.18      0.43      0.26       173\n\n    accuracy                           0.16      1737\n   macro avg       0.12      0.15      0.11      1737\nweighted avg       0.12      0.16      0.11      1737\n", "confusion_matrix": {"_type": "histogram", "values": [31, 12, 9, 8, 6, 1, 1, 3, 3, 1, 2, 2, 3, 3, 1, 1, 1, 2, 3, 1, 3, 0, 0, 0, 0, 2, 0, 0, 0, 0, 0, 1], "bins": [0.0, 3.0, 6.0, 9.0, 12.0, 15.0, 18.0, 21.0, 24.0, 27.0, 30.0, 33.0, 36.0, 39.0, 42.0, 45.0, 48.0, 51.0, 54.0, 57.0, 60.0, 63.0, 66.0, 69.0, 72.0, 75.0, 78.0, 81.0, 84.0, 87.0, 90.0, 93.0, 96.0]}, "_timestamp": 1682603450.334105, "_runtime": 1.8055651187896729, "_step": 0, "_wandb": {"runtime": 0}}