{"accuracy": 0.17040875071963155, "classification_report": "              precision    recall  f1-score   support\n\n           0       0.34      0.42      0.38       180\n           1       0.12      0.10      0.11       142\n           2       0.00      0.00      0.00       181\n           3       0.11      0.28      0.16       190\n           4       0.07      0.01      0.02       201\n           5       0.00      0.00      0.00       150\n           6       0.13      0.43      0.20       178\n           7       0.00      0.00      0.00       171\n           8       0.26      0.07      0.11       171\n           9       0.25      0.35      0.29       173\n\n    accuracy                           0.17      1737\n   macro avg       0.13      0.17      0.13      1737\nweighted avg       0.13      0.17      0.13      1737\n", "confusion_matrix": {"_type": "histogram", "values": [36, 9, 9, 4, 6, 2, 2, 2, 2, 1, 3, 2, 1, 1, 0, 2, 0, 0, 2, 3, 1, 2, 1, 0, 1, 1, 1, 0, 2, 0, 2, 2], "bins": [0.0, 2.5, 5.0, 7.5, 10.0, 12.5, 15.0, 17.5, 20.0, 22.5, 25.0, 27.5, 30.0, 32.5, 35.0, 37.5, 40.0, 42.5, 45.0, 47.5, 50.0, 52.5, 55.0, 57.5, 60.0, 62.5, 65.0, 67.5, 70.0, 72.5, 75.0, 77.5, 80.0]}, "_timestamp": 1682602910.510506, "_runtime": 1.7551698684692383, "_step": 0, "_wandb": {"runtime": 0}}