{"accuracy": 0.18537708693149108, "classification_report": "              precision    recall  f1-score   support\n\n           0       0.23      0.62      0.33       180\n           1       0.16      0.10      0.12       142\n           2       0.16      0.10      0.12       181\n           3       0.15      0.17      0.16       190\n           4       0.14      0.11      0.13       201\n           5       0.15      0.06      0.09       150\n           6       0.16      0.20      0.18       178\n           7       0.13      0.10      0.11       171\n           8       0.19      0.08      0.11       171\n           9       0.27      0.27      0.27       173\n\n    accuracy                           0.19      1737\n   macro avg       0.17      0.18      0.16      1737\nweighted avg       0.17      0.19      0.16      1737\n", "confusion_matrix": {"_type": "histogram", "values": [8, 14, 15, 11, 13, 9, 12, 4, 1, 4, 2, 1, 1, 1, 0, 1, 0, 0, 2, 0, 0, 0, 0, 0, 0, 0, 0, 0, 0, 0, 0, 1], "bins": [0.0, 3.5, 7.0, 10.5, 14.0, 17.5, 21.0, 24.5, 28.0, 31.5, 35.0, 38.5, 42.0, 45.5, 49.0, 52.5, 56.0, 59.5, 63.0, 66.5, 70.0, 73.5, 77.0, 80.5, 84.0, 87.5, 91.0, 94.5, 98.0, 101.5, 105.0, 108.5, 112.0]}, "_timestamp": 1682682246.7002702, "_runtime": 2.7961111068725586, "_step": 0, "_wandb": {"runtime": 0}}