{"accuracy": 0.2095567069660334, "classification_report": "              precision    recall  f1-score   support\n\n           0       0.43      0.41      0.42       180\n           1       0.16      0.22      0.19       142\n           2       0.20      0.18      0.19       181\n           3       0.15      0.15      0.15       190\n           4       0.18      0.14      0.16       201\n           5       0.10      0.04      0.06       150\n           6       0.18      0.24      0.21       178\n           7       0.18      0.16      0.17       171\n           8       0.20      0.16      0.18       171\n           9       0.25      0.38      0.30       173\n\n    accuracy                           0.21      1737\n   macro avg       0.20      0.21      0.20      1737\nweighted avg       0.20      0.21      0.20      1737\n", "confusion_matrix": {"_type": "histogram", "values": [3, 6, 13, 12, 5, 5, 13, 3, 4, 8, 6, 6, 6, 2, 2, 1, 0, 0, 1, 0, 0, 0, 1, 1, 0, 0, 0, 0, 1, 0, 0, 1], "bins": [0.0, 2.3125, 4.625, 6.9375, 9.25, 11.5625, 13.875, 16.1875, 18.5, 20.8125, 23.125, 25.4375, 27.75, 30.0625, 32.375, 34.6875, 37.0, 39.3125, 41.625, 43.9375, 46.25, 48.5625, 50.875, 53.1875, 55.5, 57.8125, 60.125, 62.4375, 64.75, 67.0625, 69.375, 71.6875, 74.0]}, "_timestamp": 1682605524.4008389, "_runtime": 84.4666838645935, "_step": 0, "_wandb": {"runtime": 82}}