{"accuracy": 0.06217616580310881, "classification_report": "              precision    recall  f1-score   support\n\n           0       0.00      0.00      0.00       180\n           1       0.03      0.17      0.06       142\n           2       0.00      0.00      0.00       181\n           3       0.15      0.11      0.13       190\n           4       0.00      0.00      0.00       201\n           5       0.07      0.40      0.12       150\n           6       0.00      0.00      0.00       178\n           7       0.00      0.00      0.00       171\n           8       0.00      0.00      0.00       171\n           9       0.06      0.02      0.03       173\n\n    accuracy                           0.06      1737\n   macro avg       0.03      0.07      0.03      1737\nweighted avg       0.03      0.06      0.03      1737\n", "confusion_matrix": {"_type": "histogram", "values": [64, 7, 5, 4, 1, 1, 0, 1, 1, 1, 0, 0, 2, 0, 2, 1, 1, 0, 2, 1, 0, 2, 0, 2, 0, 1, 0, 0, 0, 0, 0, 1], "bins": [0.0, 4.78125, 9.5625, 14.34375, 19.125, 23.90625, 28.6875, 33.46875, 38.25, 43.03125, 47.8125, 52.59375, 57.375, 62.15625, 66.9375, 71.71875, 76.5, 81.28125, 86.0625, 90.84375, 95.625, 100.40625, 105.1875, 109.96875, 114.75, 119.53125, 124.3125, 129.09375, 133.875, 138.65625, 143.4375, 148.21875, 153.0]}, "_timestamp": 1682604688.995681, "_runtime": 34.86571216583252, "_step": 0, "_wandb": {"runtime": 33}}