{"accuracy": 0.2688543465745538, "classification_report": "              precision    recall  f1-score   support\n\n           0       0.47      0.53      0.50       180\n           1       0.23      0.30      0.26       142\n           2       0.20      0.20      0.20       181\n           3       0.18      0.17      0.18       190\n           4       0.23      0.20      0.21       201\n           5       0.20      0.13      0.16       150\n           6       0.21      0.22      0.22       178\n           7       0.26      0.20      0.23       171\n           8       0.33      0.22      0.27       171\n           9       0.34      0.50      0.40       173\n\n    accuracy                           0.27      1737\n   macro avg       0.26      0.27      0.26      1737\nweighted avg       0.26      0.27      0.26      1737\n", "confusion_matrix": {"_type": "histogram", "values": [4, 14, 11, 13, 7, 14, 7, 5, 4, 6, 3, 3, 3, 2, 2, 0, 0, 0, 0, 0, 0, 0, 0, 0, 0, 0, 0, 0, 0, 1, 0, 1], "bins": [0.0, 2.96875, 5.9375, 8.90625, 11.875, 14.84375, 17.8125, 20.78125, 23.75, 26.71875, 29.6875, 32.65625, 35.625, 38.59375, 41.5625, 44.53125, 47.5, 50.46875, 53.4375, 56.40625, 59.375, 62.34375, 65.3125, 68.28125, 71.25, 74.21875, 77.1875, 80.15625, 83.125, 86.09375, 89.0625, 92.03125, 95.0]}, "_timestamp": 1682694477.941917, "_runtime": 23.282203912734985, "_step": 0, "_wandb": {"runtime": 20}}