{"accuracy": 0.19919401266551526, "classification_report": "              precision    recall  f1-score   support\n\n           0       0.38      0.34      0.36       180\n           1       0.19      0.18      0.18       142\n           2       0.18      0.13      0.15       181\n           3       0.15      0.27      0.20       190\n           4       0.20      0.21      0.21       201\n           5       0.08      0.03      0.05       150\n           6       0.12      0.24      0.16       178\n           7       0.17      0.09      0.12       171\n           8       0.22      0.10      0.14       171\n           9       0.37      0.35      0.36       173\n\n    accuracy                           0.20      1737\n   macro avg       0.21      0.19      0.19      1737\nweighted avg       0.21      0.20      0.19      1737\n", "confusion_matrix": {"_type": "histogram", "values": [5, 6, 9, 11, 9, 8, 7, 5, 4, 1, 4, 5, 2, 3, 1, 0, 2, 4, 1, 1, 1, 1, 3, 2, 1, 0, 1, 1, 0, 0, 0, 2], "bins": [0.0, 1.9375, 3.875, 5.8125, 7.75, 9.6875, 11.625, 13.5625, 15.5, 17.4375, 19.375, 21.3125, 23.25, 25.1875, 27.125, 29.0625, 31.0, 32.9375, 34.875, 36.8125, 38.75, 40.6875, 42.625, 44.5625, 46.5, 48.4375, 50.375, 52.3125, 54.25, 56.1875, 58.125, 60.0625, 62.0]}, "_timestamp": 1682686984.981586, "_runtime": 43.74768590927124, "_step": 0, "_wandb": {"runtime": 41}}