{"accuracy": 0.16580310880829016, "classification_report": "              precision    recall  f1-score   support\n\n           0       0.47      0.23      0.31       180\n           1       0.15      0.18      0.17       142\n           2       0.16      0.18      0.17       181\n           3       0.17      0.17      0.17       190\n           4       0.14      0.13      0.14       201\n           5       0.03      0.03      0.03       150\n           6       0.14      0.20      0.16       178\n           7       0.15      0.13      0.14       171\n           8       0.13      0.14      0.13       171\n           9       0.22      0.25      0.24       173\n\n    accuracy                           0.17      1737\n   macro avg       0.18      0.16      0.17      1737\nweighted avg       0.18      0.17      0.17      1737\n", "confusion_matrix": {"_type": "histogram", "values": [4, 1, 6, 3, 3, 2, 6, 3, 3, 10, 9, 2, 8, 1, 5, 1, 9, 2, 2, 4, 1, 3, 3, 2, 0, 2, 1, 1, 0, 1, 1, 1], "bins": [1.0, 2.3125, 3.625, 4.9375, 6.25, 7.5625, 8.875, 10.1875, 11.5, 12.8125, 14.125, 15.4375, 16.75, 18.0625, 19.375, 20.6875, 22.0, 23.3125, 24.625, 25.9375, 27.25, 28.5625, 29.875, 31.1875, 32.5, 33.8125, 35.125, 36.4375, 37.75, 39.0625, 40.375, 41.6875, 43.0]}, "_timestamp": 1682686936.158977, "_runtime": 30.15685200691223, "_step": 0, "_wandb": {"runtime": 27}}