{"accuracy": 0.16407599309153714, "classification_report": "              precision    recall  f1-score   support\n\n           0       0.23      0.21      0.22       180\n           1       0.15      0.18      0.16       142\n           2       0.17      0.17      0.17       181\n           3       0.12      0.15      0.13       190\n           4       0.16      0.14      0.15       201\n           5       0.09      0.09      0.09       150\n           6       0.16      0.20      0.18       178\n           7       0.16      0.12      0.13       171\n           8       0.15      0.12      0.14       171\n           9       0.25      0.26      0.25       173\n\n    accuracy                           0.16      1737\n   macro avg       0.16      0.16      0.16      1737\nweighted avg       0.17      0.16      0.16      1737\n", "confusion_matrix": {"_type": "histogram", "values": [1, 6, 4, 4, 4, 7, 3, 15, 1, 5, 6, 6, 6, 5, 9, 2, 2, 0, 6, 2, 1, 1, 0, 0, 1, 1, 1, 0, 0, 0, 0, 1], "bins": [4.0, 5.28125, 6.5625, 7.84375, 9.125, 10.40625, 11.6875, 12.96875, 14.25, 15.53125, 16.8125, 18.09375, 19.375, 20.65625, 21.9375, 23.21875, 24.5, 25.78125, 27.0625, 28.34375, 29.625, 30.90625, 32.1875, 33.46875, 34.75, 36.03125, 37.3125, 38.59375, 39.875, 41.15625, 42.4375, 43.71875, 45.0]}, "_timestamp": 1682603563.447874, "_runtime": 2.254798173904419, "_step": 0, "_wandb": {"runtime": 0}}