{"accuracy": 0.21301093839953944, "classification_report": "              precision    recall  f1-score   support\n\n           0       0.26      0.74      0.39       180\n           1       0.17      0.19      0.18       142\n           2       0.14      0.09      0.11       181\n           3       0.16      0.09      0.11       190\n           4       0.18      0.08      0.11       201\n           5       0.11      0.05      0.07       150\n           6       0.16      0.10      0.12       178\n           7       0.18      0.16      0.17       171\n           8       0.17      0.11      0.13       171\n           9       0.29      0.50      0.37       173\n\n    accuracy                           0.21      1737\n   macro avg       0.18      0.21      0.18      1737\nweighted avg       0.18      0.21      0.18      1737\n", "confusion_matrix": {"_type": "histogram", "values": [14, 16, 24, 10, 9, 10, 5, 2, 2, 1, 1, 0, 1, 1, 0, 1, 0, 1, 0, 0, 1, 0, 0, 0, 0, 0, 0, 0, 0, 0, 0, 1], "bins": [0.0, 4.1875, 8.375, 12.5625, 16.75, 20.9375, 25.125, 29.3125, 33.5, 37.6875, 41.875, 46.0625, 50.25, 54.4375, 58.625, 62.8125, 67.0, 71.1875, 75.375, 79.5625, 83.75, 87.9375, 92.125, 96.3125, 100.5, 104.6875, 108.875, 113.0625, 117.25, 121.4375, 125.625, 129.8125, 134.0]}, "_timestamp": 1682654020.684479, "_runtime": 1.716897964477539, "_step": 0, "_wandb": {"runtime": 0}}