{"accuracy": 0.22279792746113988, "classification_report": "              precision    recall  f1-score   support\n\n           0       0.34      0.49      0.40       180\n           1       0.21      0.34      0.26       142\n           2       0.16      0.19      0.17       181\n           3       0.15      0.13      0.14       190\n           4       0.22      0.16      0.19       201\n           5       0.18      0.13      0.15       150\n           6       0.21      0.17      0.19       178\n           7       0.18      0.16      0.17       171\n           8       0.21      0.18      0.19       171\n           9       0.32      0.28      0.30       173\n\n    accuracy                           0.22      1737\n   macro avg       0.22      0.22      0.22      1737\nweighted avg       0.22      0.22      0.22      1737\n", "confusion_matrix": {"_type": "histogram", "values": [3, 8, 9, 9, 14, 14, 7, 9, 5, 4, 7, 3, 3, 2, 0, 0, 0, 2, 0, 0, 0, 0, 0, 0, 0, 0, 0, 0, 0, 0, 0, 1], "bins": [0.0, 2.75, 5.5, 8.25, 11.0, 13.75, 16.5, 19.25, 22.0, 24.75, 27.5, 30.25, 33.0, 35.75, 38.5, 41.25, 44.0, 46.75, 49.5, 52.25, 55.0, 57.75, 60.5, 63.25, 66.0, 68.75, 71.5, 74.25, 77.0, 79.75, 82.5, 85.25, 88.0]}, "_timestamp": 1682592245.1681511, "_runtime": 6.7486162185668945, "_step": 0, "_wandb": {"runtime": 5}}