{"accuracy": 0.16983304548071387, "classification_report": "              precision    recall  f1-score   support\n\n           0       0.27      0.12      0.17       180\n           1       0.12      0.16      0.14       142\n           2       0.15      0.20      0.17       181\n           3       0.15      0.19      0.17       190\n           4       0.15      0.11      0.13       201\n           5       0.13      0.09      0.11       150\n           6       0.14      0.24      0.18       178\n           7       0.14      0.11      0.13       171\n           8       0.18      0.19      0.19       171\n           9       0.37      0.27      0.31       173\n\n    accuracy                           0.17      1737\n   macro avg       0.18      0.17      0.17      1737\nweighted avg       0.18      0.17      0.17      1737\n", "confusion_matrix": {"_type": "histogram", "values": [11, 8, 3, 9, 6, 11, 9, 8, 4, 7, 5, 2, 1, 3, 2, 3, 3, 0, 2, 1, 0, 1, 0, 0, 0, 0, 0, 0, 0, 0, 0, 1], "bins": [2.0, 4.125, 6.25, 8.375, 10.5, 12.625, 14.75, 16.875, 19.0, 21.125, 23.25, 25.375, 27.5, 29.625, 31.75, 33.875, 36.0, 38.125, 40.25, 42.375, 44.5, 46.625, 48.75, 50.875, 53.0, 55.125, 57.25, 59.375, 61.5, 63.625, 65.75, 67.875, 70.0]}, "_timestamp": 1682686804.1240509, "_runtime": 16.104424953460693, "_step": 0, "_wandb": {"runtime": 14}}