{"accuracy": 0.23085780080598733, "classification_report": "              precision    recall  f1-score   support\n\n           0       0.41      0.62      0.49       180\n           1       0.14      0.08      0.10       142\n           2       0.30      0.07      0.12       181\n           3       0.17      0.41      0.24       190\n           4       0.33      0.07      0.12       201\n           5       0.00      0.00      0.00       150\n           6       0.15      0.40      0.22       178\n           7       0.29      0.02      0.04       171\n           8       0.38      0.02      0.03       171\n           9       0.27      0.55      0.37       173\n\n    accuracy                           0.23      1737\n   macro avg       0.24      0.22      0.17      1737\nweighted avg       0.25      0.23      0.18      1737\n", "confusion_matrix": {"_type": "histogram", "values": [44, 10, 4, 8, 3, 1, 4, 2, 1, 3, 3, 1, 5, 0, 0, 0, 2, 1, 0, 2, 2, 1, 1, 0, 0, 0, 0, 1, 0, 0, 0, 1], "bins": [0.0, 3.5, 7.0, 10.5, 14.0, 17.5, 21.0, 24.5, 28.0, 31.5, 35.0, 38.5, 42.0, 45.5, 49.0, 52.5, 56.0, 59.5, 63.0, 66.5, 70.0, 73.5, 77.0, 80.5, 84.0, 87.5, 91.0, 94.5, 98.0, 101.5, 105.0, 108.5, 112.0]}, "_timestamp": 1682693362.834346, "_runtime": 37.631417989730835, "_step": 0, "_wandb": {"runtime": 36}}