{"accuracy": 0.22625215889464595, "classification_report": "              precision    recall  f1-score   support\n\n           0       0.38      0.47      0.42       180\n           1       0.21      0.33      0.25       142\n           2       0.18      0.22      0.20       181\n           3       0.16      0.14      0.15       190\n           4       0.21      0.17      0.19       201\n           5       0.15      0.10      0.12       150\n           6       0.23      0.23      0.23       178\n           7       0.17      0.13      0.15       171\n           8       0.18      0.16      0.17       171\n           9       0.29      0.31      0.30       173\n\n    accuracy                           0.23      1737\n   macro avg       0.22      0.23      0.22      1737\nweighted avg       0.22      0.23      0.22      1737\n", "confusion_matrix": {"_type": "histogram", "values": [6, 5, 7, 17, 14, 12, 7, 7, 4, 6, 3, 1, 5, 0, 1, 2, 0, 1, 0, 0, 1, 0, 0, 0, 0, 0, 0, 0, 0, 0, 0, 1], "bins": [1.0, 3.625, 6.25, 8.875, 11.5, 14.125, 16.75, 19.375, 22.0, 24.625, 27.25, 29.875, 32.5, 35.125, 37.75, 40.375, 43.0, 45.625, 48.25, 50.875, 53.5, 56.125, 58.75, 61.375, 64.0, 66.625, 69.25, 71.875, 74.5, 77.125, 79.75, 82.375, 85.0]}, "_timestamp": 1682592428.865016, "_runtime": 2.135641098022461, "_step": 0, "_wandb": {"runtime": 0}}