{"accuracy": 0.2026482440990213, "classification_report": "              precision    recall  f1-score   support\n\n           0       0.43      0.38      0.40       180\n           1       0.00      0.00      0.00       142\n           2       0.00      0.00      0.00       181\n           3       0.15      0.54      0.23       190\n           4       1.00      0.01      0.02       201\n           5       0.00      0.00      0.00       150\n           6       0.16      0.50      0.24       178\n           7       0.00      0.00      0.00       171\n           8       0.00      0.00      0.00       171\n           9       0.27      0.53      0.36       173\n\n    accuracy                           0.20      1737\n   macro avg       0.20      0.20      0.13      1737\nweighted avg       0.22      0.20      0.13      1737\n", "confusion_matrix": {"_type": "histogram", "values": [62, 5, 1, 1, 1, 1, 3, 1, 3, 3, 1, 1, 0, 1, 1, 2, 0, 1, 0, 1, 1, 1, 1, 1, 1, 2, 1, 1, 0, 1, 0, 1], "bins": [0.0, 3.46875, 6.9375, 10.40625, 13.875, 17.34375, 20.8125, 24.28125, 27.75, 31.21875, 34.6875, 38.15625, 41.625, 45.09375, 48.5625, 52.03125, 55.5, 58.96875, 62.4375, 65.90625, 69.375, 72.84375, 76.3125, 79.78125, 83.25, 86.71875, 90.1875, 93.65625, 97.125, 100.59375, 104.0625, 107.53125, 111.0]}, "_timestamp": 1682693757.533762, "_runtime": 36.85623002052307, "_step": 0, "_wandb": {"runtime": 34}}