{"accuracy": 0.1669545192861255, "classification_report": "              precision    recall  f1-score   support\n\n           0       0.33      0.18      0.23       180\n           1       0.09      0.57      0.16       142\n           2       0.16      0.08      0.11       181\n           3       0.22      0.09      0.13       190\n           4       0.27      0.15      0.19       201\n           5       0.17      0.06      0.09       150\n           6       0.15      0.10      0.12       178\n           7       0.16      0.10      0.12       171\n           8       0.27      0.17      0.21       171\n           9       0.40      0.24      0.30       173\n\n    accuracy                           0.17      1737\n   macro avg       0.22      0.17      0.17      1737\nweighted avg       0.23      0.17      0.17      1737\n", "confusion_matrix": {"_type": "histogram", "values": [17, 14, 29, 13, 5, 7, 1, 0, 2, 1, 0, 0, 1, 0, 0, 0, 0, 0, 0, 1, 0, 1, 1, 0, 3, 0, 0, 0, 1, 1, 1, 1], "bins": [0.0, 3.375, 6.75, 10.125, 13.5, 16.875, 20.25, 23.625, 27.0, 30.375, 33.75, 37.125, 40.5, 43.875, 47.25, 50.625, 54.0, 57.375, 60.75, 64.125, 67.5, 70.875, 74.25, 77.625, 81.0, 84.375, 87.75, 91.125, 94.5, 97.875, 101.25, 104.625, 108.0]}, "_timestamp": 1682653469.6695628, "_runtime": 2.055861711502075, "_step": 0, "_wandb": {"runtime": 0}}