{"accuracy": 0.17443868739205526, "classification_report": "              precision    recall  f1-score   support\n\n           0       0.36      0.41      0.38       180\n           1       0.14      0.21      0.17       142\n           2       0.14      0.16      0.15       181\n           3       0.12      0.10      0.11       190\n           4       0.16      0.08      0.11       201\n           5       0.17      0.12      0.14       150\n           6       0.12      0.11      0.11       178\n           7       0.18      0.16      0.17       171\n           8       0.15      0.13      0.14       171\n           9       0.17      0.28      0.21       173\n\n    accuracy                           0.17      1737\n   macro avg       0.17      0.18      0.17      1737\nweighted avg       0.17      0.17      0.17      1737\n", "confusion_matrix": {"_type": "histogram", "values": [6, 10, 8, 8, 17, 10, 13, 1, 5, 6, 0, 6, 3, 0, 3, 0, 1, 0, 1, 0, 1, 0, 0, 0, 0, 0, 0, 0, 0, 0, 0, 1], "bins": [4.0, 6.15625, 8.3125, 10.46875, 12.625, 14.78125, 16.9375, 19.09375, 21.25, 23.40625, 25.5625, 27.71875, 29.875, 32.03125, 34.1875, 36.34375, 38.5, 40.65625, 42.8125, 44.96875, 47.125, 49.28125, 51.4375, 53.59375, 55.75, 57.90625, 60.0625, 62.21875, 64.375, 66.53125, 68.6875, 70.84375, 73.0]}, "_timestamp": 1682596200.350985, "_runtime": 1.9433629512786865, "_step": 0, "_wandb": {"runtime": 0}}