{"accuracy": 0.22337363270005758, "classification_report": "              precision    recall  f1-score   support\n\n           0       0.37      0.46      0.41       180\n           1       0.20      0.31      0.24       142\n           2       0.17      0.20      0.19       181\n           3       0.16      0.14      0.15       190\n           4       0.18      0.14      0.16       201\n           5       0.15      0.11      0.12       150\n           6       0.22      0.22      0.22       178\n           7       0.19      0.16      0.17       171\n           8       0.21      0.18      0.20       171\n           9       0.31      0.32      0.32       173\n\n    accuracy                           0.22      1737\n   macro avg       0.22      0.22      0.22      1737\nweighted avg       0.22      0.22      0.22      1737\n", "confusion_matrix": {"_type": "histogram", "values": [4, 6, 5, 14, 9, 15, 14, 5, 5, 2, 9, 3, 2, 2, 0, 1, 2, 0, 0, 0, 0, 1, 0, 0, 0, 0, 0, 0, 0, 0, 0, 1], "bins": [0.0, 2.59375, 5.1875, 7.78125, 10.375, 12.96875, 15.5625, 18.15625, 20.75, 23.34375, 25.9375, 28.53125, 31.125, 33.71875, 36.3125, 38.90625, 41.5, 44.09375, 46.6875, 49.28125, 51.875, 54.46875, 57.0625, 59.65625, 62.25, 64.84375, 67.4375, 70.03125, 72.625, 75.21875, 77.8125, 80.40625, 83.0]}, "_timestamp": 1682592392.184339, "_runtime": 2.1267430782318115, "_step": 0, "_wandb": {"runtime": 0}}