{"accuracy": 0.19055843408175013, "classification_report": "              precision    recall  f1-score   support\n\n           0       0.32      0.55      0.40       180\n           1       0.13      0.07      0.09       142\n           2       0.17      0.13      0.15       181\n           3       0.12      0.25      0.16       190\n           4       0.17      0.11      0.13       201\n           5       0.00      0.00      0.00       150\n           6       0.16      0.09      0.12       178\n           7       0.14      0.12      0.13       171\n           8       0.08      0.01      0.01       171\n           9       0.21      0.53      0.30       173\n\n    accuracy                           0.19      1737\n   macro avg       0.15      0.19      0.15      1737\nweighted avg       0.15      0.19      0.15      1737\n", "confusion_matrix": {"_type": "histogram", "values": [22, 9, 9, 16, 6, 7, 6, 3, 0, 2, 3, 2, 0, 2, 3, 5, 1, 2, 0, 0, 0, 0, 0, 0, 0, 0, 0, 0, 0, 1, 0, 1], "bins": [0.0, 3.09375, 6.1875, 9.28125, 12.375, 15.46875, 18.5625, 21.65625, 24.75, 27.84375, 30.9375, 34.03125, 37.125, 40.21875, 43.3125, 46.40625, 49.5, 52.59375, 55.6875, 58.78125, 61.875, 64.96875, 68.0625, 71.15625, 74.25, 77.34375, 80.4375, 83.53125, 86.625, 89.71875, 92.8125, 95.90625, 99.0]}, "_timestamp": 1682596675.040234, "_runtime": 1.841055154800415, "_step": 0, "_wandb": {"runtime": 0}}