{"accuracy": 0.1577432354634427, "classification_report": "              precision    recall  f1-score   support\n\n           0       0.28      0.31      0.29       180\n           1       0.14      0.18      0.16       142\n           2       0.15      0.12      0.13       181\n           3       0.13      0.12      0.12       190\n           4       0.14      0.15      0.15       201\n           5       0.08      0.09      0.08       150\n           6       0.13      0.13      0.13       178\n           7       0.14      0.11      0.12       171\n           8       0.16      0.15      0.15       171\n           9       0.22      0.20      0.21       173\n\n    accuracy                           0.16      1737\n   macro avg       0.16      0.16      0.16      1737\nweighted avg       0.16      0.16      0.16      1737\n", "confusion_matrix": {"_type": "histogram", "values": [2, 1, 1, 10, 6, 3, 6, 10, 8, 11, 12, 4, 7, 8, 4, 3, 0, 1, 0, 1, 0, 0, 1, 0, 0, 0, 0, 0, 0, 0, 0, 1], "bins": [2.0, 3.65625, 5.3125, 6.96875, 8.625, 10.28125, 11.9375, 13.59375, 15.25, 16.90625, 18.5625, 20.21875, 21.875, 23.53125, 25.1875, 26.84375, 28.5, 30.15625, 31.8125, 33.46875, 35.125, 36.78125, 38.4375, 40.09375, 41.75, 43.40625, 45.0625, 46.71875, 48.375, 50.03125, 51.6875, 53.34375, 55.0]}, "_timestamp": 1682602834.591691, "_runtime": 5.101561069488525, "_step": 0, "_wandb": {"runtime": 3}}