{"accuracy": 0.22164651698330454, "classification_report": "              precision    recall  f1-score   support\n\n           0       0.40      0.54      0.46       180\n           1       0.20      0.26      0.23       142\n           2       0.18      0.14      0.16       181\n           3       0.14      0.15      0.14       190\n           4       0.20      0.17      0.19       201\n           5       0.11      0.03      0.04       150\n           6       0.18      0.20      0.19       178\n           7       0.14      0.11      0.12       171\n           8       0.16      0.12      0.13       171\n           9       0.28      0.50      0.36       173\n\n    accuracy                           0.22      1737\n   macro avg       0.20      0.22      0.20      1737\nweighted avg       0.20      0.22      0.20      1737\n", "confusion_matrix": {"_type": "histogram", "values": [9, 12, 12, 13, 9, 9, 8, 7, 3, 5, 3, 4, 1, 1, 1, 0, 0, 1, 0, 0, 0, 0, 0, 0, 0, 0, 0, 0, 1, 0, 0, 1], "bins": [0.0, 3.03125, 6.0625, 9.09375, 12.125, 15.15625, 18.1875, 21.21875, 24.25, 27.28125, 30.3125, 33.34375, 36.375, 39.40625, 42.4375, 45.46875, 48.5, 51.53125, 54.5625, 57.59375, 60.625, 63.65625, 66.6875, 69.71875, 72.75, 75.78125, 78.8125, 81.84375, 84.875, 87.90625, 90.9375, 93.96875, 97.0]}, "_timestamp": 1682694730.6009622, "_runtime": 22.46867823600769, "_step": 0, "_wandb": {"runtime": 19}}