{"accuracy": 0.1715601611974669, "classification_report": "              precision    recall  f1-score   support\n\n           0       0.34      0.20      0.25       180\n           1       0.09      0.53      0.15       142\n           2       0.15      0.10      0.12       181\n           3       0.26      0.12      0.17       190\n           4       0.26      0.13      0.18       201\n           5       0.18      0.07      0.10       150\n           6       0.17      0.11      0.13       178\n           7       0.20      0.12      0.15       171\n           8       0.27      0.15      0.19       171\n           9       0.37      0.24      0.29       173\n\n    accuracy                           0.17      1737\n   macro avg       0.23      0.18      0.17      1737\nweighted avg       0.23      0.17      0.18      1737\n", "confusion_matrix": {"_type": "histogram", "values": [11, 17, 24, 16, 11, 4, 1, 1, 3, 0, 0, 1, 1, 0, 0, 0, 0, 0, 0, 1, 0, 0, 1, 3, 1, 0, 1, 0, 1, 0, 1, 1], "bins": [0.0, 3.25, 6.5, 9.75, 13.0, 16.25, 19.5, 22.75, 26.0, 29.25, 32.5, 35.75, 39.0, 42.25, 45.5, 48.75, 52.0, 55.25, 58.5, 61.75, 65.0, 68.25, 71.5, 74.75, 78.0, 81.25, 84.5, 87.75, 91.0, 94.25, 97.5, 100.75, 104.0]}, "_timestamp": 1682653425.140141, "_runtime": 2.2674059867858887, "_step": 0, "_wandb": {"runtime": 0}}