{"accuracy": 0.18767990788716177, "classification_report": "              precision    recall  f1-score   support\n\n           0       0.21      0.81      0.34       180\n           1       0.04      0.01      0.02       142\n           2       0.24      0.05      0.08       181\n           3       0.27      0.16      0.20       190\n           4       0.14      0.12      0.13       201\n           5       0.10      0.02      0.03       150\n           6       0.12      0.17      0.14       178\n           7       0.11      0.09      0.10       171\n           8       0.24      0.08      0.12       171\n           9       0.26      0.29      0.27       173\n\n    accuracy                           0.19      1737\n   macro avg       0.17      0.18      0.14      1737\nweighted avg       0.18      0.19      0.15      1737\n", "confusion_matrix": {"_type": "histogram", "values": [23, 26, 9, 13, 7, 3, 7, 2, 1, 0, 2, 2, 0, 0, 0, 1, 0, 1, 0, 0, 1, 1, 0, 0, 0, 0, 0, 0, 0, 0, 0, 1], "bins": [0.0, 4.5625, 9.125, 13.6875, 18.25, 22.8125, 27.375, 31.9375, 36.5, 41.0625, 45.625, 50.1875, 54.75, 59.3125, 63.875, 68.4375, 73.0, 77.5625, 82.125, 86.6875, 91.25, 95.8125, 100.375, 104.9375, 109.5, 114.0625, 118.625, 123.1875, 127.75, 132.3125, 136.875, 141.4375, 146.0]}, "_timestamp": 1682682182.947724, "_runtime": 2.266746997833252, "_step": 0, "_wandb": {"runtime": 0}}