{"accuracy": 0.18767990788716177, "classification_report": "              precision    recall  f1-score   support\n\n           0       0.30      0.67      0.42       180\n           1       0.07      0.03      0.04       142\n           2       0.11      0.14      0.12       181\n           3       0.15      0.10      0.12       190\n           4       0.14      0.01      0.03       201\n           5       0.13      0.03      0.04       150\n           6       0.14      0.30      0.19       178\n           7       0.13      0.21      0.16       171\n           8       0.25      0.04      0.06       171\n           9       0.26      0.32      0.29       173\n\n    accuracy                           0.19      1737\n   macro avg       0.17      0.18      0.15      1737\nweighted avg       0.17      0.19      0.15      1737\n", "confusion_matrix": {"_type": "histogram", "values": [24, 20, 5, 5, 7, 9, 10, 1, 4, 4, 2, 0, 3, 0, 2, 0, 3, 0, 0, 0, 0, 0, 0, 0, 0, 0, 0, 0, 0, 0, 0, 1], "bins": [0.0, 3.75, 7.5, 11.25, 15.0, 18.75, 22.5, 26.25, 30.0, 33.75, 37.5, 41.25, 45.0, 48.75, 52.5, 56.25, 60.0, 63.75, 67.5, 71.25, 75.0, 78.75, 82.5, 86.25, 90.0, 93.75, 97.5, 101.25, 105.0, 108.75, 112.5, 116.25, 120.0]}, "_timestamp": 1682603103.53011, "_runtime": 6.001378774642944, "_step": 0, "_wandb": {"runtime": 4}}