{"accuracy": 0.14335060449050085, "classification_report": "              precision    recall  f1-score   support\n\n           0       0.32      0.14      0.20       180\n           1       0.22      0.07      0.11       142\n           2       0.22      0.07      0.11       181\n           3       0.31      0.09      0.14       190\n           4       0.29      0.07      0.11       201\n           5       0.29      0.07      0.11       150\n           6       0.33      0.07      0.12       178\n           7       0.27      0.09      0.14       171\n           8       0.09      0.70      0.16       171\n           9       0.52      0.06      0.11       173\n\n    accuracy                           0.14      1737\n   macro avg       0.29      0.14      0.13      1737\nweighted avg       0.29      0.14      0.13      1737\n", "confusion_matrix": {"_type": "histogram", "values": [54, 22, 11, 2, 0, 1, 0, 0, 0, 0, 0, 0, 0, 0, 0, 0, 0, 0, 0, 0, 0, 0, 1, 0, 1, 1, 2, 0, 2, 2, 0, 1], "bins": [0.0, 4.71875, 9.4375, 14.15625, 18.875, 23.59375, 28.3125, 33.03125, 37.75, 42.46875, 47.1875, 51.90625, 56.625, 61.34375, 66.0625, 70.78125, 75.5, 80.21875, 84.9375, 89.65625, 94.375, 99.09375, 103.8125, 108.53125, 113.25, 117.96875, 122.6875, 127.40625, 132.125, 136.84375, 141.5625, 146.28125, 151.0]}, "_timestamp": 1682653218.095456, "_runtime": 10.34241795539856, "_step": 0, "_wandb": {"runtime": 8}}