{"accuracy": 0.17731721358664365, "classification_report": "              precision    recall  f1-score   support\n\n           0       0.34      0.38      0.36       180\n           1       0.11      0.16      0.13       142\n           2       0.14      0.10      0.12       181\n           3       0.12      0.16      0.14       190\n           4       0.18      0.12      0.14       201\n           5       0.12      0.05      0.07       150\n           6       0.16      0.24      0.19       178\n           7       0.12      0.06      0.08       171\n           8       0.19      0.10      0.13       171\n           9       0.21      0.39      0.27       173\n\n    accuracy                           0.18      1737\n   macro avg       0.17      0.18      0.16      1737\nweighted avg       0.17      0.18      0.17      1737\n", "confusion_matrix": {"_type": "histogram", "values": [4, 8, 5, 11, 10, 12, 6, 10, 3, 0, 4, 3, 4, 2, 5, 3, 1, 2, 1, 2, 1, 1, 0, 0, 0, 0, 0, 0, 0, 0, 0, 2], "bins": [0.0, 2.15625, 4.3125, 6.46875, 8.625, 10.78125, 12.9375, 15.09375, 17.25, 19.40625, 21.5625, 23.71875, 25.875, 28.03125, 30.1875, 32.34375, 34.5, 36.65625, 38.8125, 40.96875, 43.125, 45.28125, 47.4375, 49.59375, 51.75, 53.90625, 56.0625, 58.21875, 60.375, 62.53125, 64.6875, 66.84375, 69.0]}, "_timestamp": 1682594980.227678, "_runtime": 2.769005060195923, "_step": 0, "_wandb": {"runtime": 0}}