{"accuracy": 0.14795624640184227, "classification_report": "              precision    recall  f1-score   support\n\n           0       0.25      0.26      0.25       180\n           1       0.08      0.11      0.10       142\n           2       0.15      0.13      0.14       181\n           3       0.13      0.13      0.13       190\n           4       0.17      0.16      0.16       201\n           5       0.12      0.12      0.12       150\n           6       0.12      0.12      0.12       178\n           7       0.15      0.14      0.15       171\n           8       0.12      0.12      0.12       171\n           9       0.18      0.18      0.18       173\n\n    accuracy                           0.15      1737\n   macro avg       0.15      0.15      0.15      1737\nweighted avg       0.15      0.15      0.15      1737\n", "confusion_matrix": {"_type": "histogram", "values": [1, 0, 4, 2, 4, 10, 2, 5, 18, 7, 5, 8, 5, 4, 8, 5, 2, 2, 1, 1, 1, 2, 1, 0, 0, 0, 0, 0, 0, 0, 0, 2], "bins": [3.0, 4.34375, 5.6875, 7.03125, 8.375, 9.71875, 11.0625, 12.40625, 13.75, 15.09375, 16.4375, 17.78125, 19.125, 20.46875, 21.8125, 23.15625, 24.5, 25.84375, 27.1875, 28.53125, 29.875, 31.21875, 32.5625, 33.90625, 35.25, 36.59375, 37.9375, 39.28125, 40.625, 41.96875, 43.3125, 44.65625, 46.0]}, "_timestamp": 1682603569.98079, "_runtime": 2.0209808349609375, "_step": 0, "_wandb": {"runtime": 0}}