{"accuracy": 0.18192285549798504, "classification_report": "              precision    recall  f1-score   support\n\n           0       0.23      0.48      0.31       180\n           1       0.17      0.15      0.16       142\n           2       0.17      0.10      0.12       181\n           3       0.18      0.19      0.18       190\n           4       0.16      0.20      0.18       201\n           5       0.07      0.02      0.03       150\n           6       0.14      0.22      0.17       178\n           7       0.16      0.09      0.11       171\n           8       0.14      0.12      0.13       171\n           9       0.31      0.20      0.25       173\n\n    accuracy                           0.18      1737\n   macro avg       0.17      0.18      0.17      1737\nweighted avg       0.17      0.18      0.17      1737\n", "confusion_matrix": {"_type": "histogram", "values": [7, 12, 12, 2, 11, 13, 10, 7, 3, 4, 2, 5, 1, 5, 2, 0, 1, 1, 0, 0, 1, 0, 0, 0, 0, 0, 0, 0, 0, 0, 0, 1], "bins": [0.0, 2.71875, 5.4375, 8.15625, 10.875, 13.59375, 16.3125, 19.03125, 21.75, 24.46875, 27.1875, 29.90625, 32.625, 35.34375, 38.0625, 40.78125, 43.5, 46.21875, 48.9375, 51.65625, 54.375, 57.09375, 59.8125, 62.53125, 65.25, 67.96875, 70.6875, 73.40625, 76.125, 78.84375, 81.5625, 84.28125, 87.0]}, "_timestamp": 1682681789.393825, "_runtime": 2.436138153076172, "_step": 0, "_wandb": {"runtime": 0}}