{"accuracy": 0.1560161197466897, "classification_report": "              precision    recall  f1-score   support\n\n           0       0.28      0.28      0.28       180\n           1       0.15      0.21      0.18       142\n           2       0.12      0.10      0.11       181\n           3       0.12      0.13      0.12       190\n           4       0.15      0.17      0.16       201\n           5       0.08      0.07      0.08       150\n           6       0.12      0.13      0.13       178\n           7       0.13      0.09      0.11       171\n           8       0.16      0.16      0.16       171\n           9       0.23      0.20      0.22       173\n\n    accuracy                           0.16      1737\n   macro avg       0.16      0.16      0.15      1737\nweighted avg       0.16      0.16      0.15      1737\n", "confusion_matrix": {"_type": "histogram", "values": [2, 1, 5, 3, 6, 2, 7, 5, 11, 7, 10, 9, 6, 2, 9, 1, 4, 3, 1, 1, 0, 1, 3, 0, 0, 0, 0, 0, 0, 0, 0, 1], "bins": [2.0, 3.5, 5.0, 6.5, 8.0, 9.5, 11.0, 12.5, 14.0, 15.5, 17.0, 18.5, 20.0, 21.5, 23.0, 24.5, 26.0, 27.5, 29.0, 30.5, 32.0, 33.5, 35.0, 36.5, 38.0, 39.5, 41.0, 42.5, 44.0, 45.5, 47.0, 48.5, 50.0]}, "_timestamp": 1682596032.261394, "_runtime": 5.100251913070679, "_step": 0, "_wandb": {"runtime": 3}}