{"accuracy": 0.21646516983304548, "classification_report": "              precision    recall  f1-score   support\n\n           0       0.38      0.51      0.43       180\n           1       0.14      0.18      0.16       142\n           2       0.19      0.19      0.19       181\n           3       0.15      0.14      0.14       190\n           4       0.16      0.14      0.15       201\n           5       0.14      0.07      0.09       150\n           6       0.18      0.23      0.20       178\n           7       0.16      0.12      0.14       171\n           8       0.21      0.15      0.18       171\n           9       0.30      0.42      0.35       173\n\n    accuracy                           0.22      1737\n   macro avg       0.20      0.21      0.20      1737\nweighted avg       0.20      0.22      0.21      1737\n", "confusion_matrix": {"_type": "histogram", "values": [7, 6, 14, 16, 10, 11, 7, 5, 9, 2, 1, 5, 1, 2, 1, 1, 0, 0, 0, 0, 0, 0, 0, 0, 0, 1, 0, 0, 0, 0, 0, 1], "bins": [1.0, 3.8125, 6.625, 9.4375, 12.25, 15.0625, 17.875, 20.6875, 23.5, 26.3125, 29.125, 31.9375, 34.75, 37.5625, 40.375, 43.1875, 46.0, 48.8125, 51.625, 54.4375, 57.25, 60.0625, 62.875, 65.6875, 68.5, 71.3125, 74.125, 76.9375, 79.75, 82.5625, 85.375, 88.1875, 91.0]}, "_timestamp": 1682693433.292974, "_runtime": 28.967544078826904, "_step": 0, "_wandb": {"runtime": 26}}