{"accuracy": 0.20782959124928038, "classification_report": "              precision    recall  f1-score   support\n\n           0       0.37      0.50      0.43       180\n           1       0.14      0.18      0.15       142\n           2       0.17      0.16      0.17       181\n           3       0.15      0.14      0.15       190\n           4       0.15      0.13      0.14       201\n           5       0.10      0.05      0.07       150\n           6       0.17      0.21      0.19       178\n           7       0.17      0.14      0.16       171\n           8       0.18      0.12      0.14       171\n           9       0.30      0.43      0.35       173\n\n    accuracy                           0.21      1737\n   macro avg       0.19      0.21      0.19      1737\nweighted avg       0.19      0.21      0.20      1737\n", "confusion_matrix": {"_type": "histogram", "values": [6, 9, 13, 16, 8, 10, 7, 7, 7, 3, 2, 6, 0, 3, 0, 0, 1, 0, 0, 0, 0, 0, 0, 0, 0, 0, 1, 0, 0, 0, 0, 1], "bins": [1.0, 3.78125, 6.5625, 9.34375, 12.125, 14.90625, 17.6875, 20.46875, 23.25, 26.03125, 28.8125, 31.59375, 34.375, 37.15625, 39.9375, 42.71875, 45.5, 48.28125, 51.0625, 53.84375, 56.625, 59.40625, 62.1875, 64.96875, 67.75, 70.53125, 73.3125, 76.09375, 78.875, 81.65625, 84.4375, 87.21875, 90.0]}, "_timestamp": 1682694019.4867861, "_runtime": 28.509565114974976, "_step": 0, "_wandb": {"runtime": 26}}