{"accuracy": 0.2602187679907887, "classification_report": "              precision    recall  f1-score   support\n\n           0       0.46      0.54      0.49       180\n           1       0.23      0.28      0.25       142\n           2       0.21      0.22      0.21       181\n           3       0.17      0.17      0.17       190\n           4       0.21      0.19      0.20       201\n           5       0.20      0.11      0.14       150\n           6       0.20      0.24      0.22       178\n           7       0.21      0.15      0.18       171\n           8       0.33      0.20      0.25       171\n           9       0.31      0.50      0.38       173\n\n    accuracy                           0.26      1737\n   macro avg       0.25      0.26      0.25      1737\nweighted avg       0.25      0.26      0.25      1737\n", "confusion_matrix": {"_type": "histogram", "values": [11, 14, 6, 16, 8, 11, 4, 6, 4, 6, 2, 4, 3, 2, 1, 0, 0, 0, 0, 0, 0, 0, 0, 0, 0, 0, 0, 0, 1, 0, 0, 1], "bins": [0.0, 3.03125, 6.0625, 9.09375, 12.125, 15.15625, 18.1875, 21.21875, 24.25, 27.28125, 30.3125, 33.34375, 36.375, 39.40625, 42.4375, 45.46875, 48.5, 51.53125, 54.5625, 57.59375, 60.625, 63.65625, 66.6875, 69.71875, 72.75, 75.78125, 78.8125, 81.84375, 84.875, 87.90625, 90.9375, 93.96875, 97.0]}, "_timestamp": 1682694449.688978, "_runtime": 20.967650890350342, "_step": 0, "_wandb": {"runtime": 19}}