{"accuracy": 0.17213586643638457, "classification_report": "              precision    recall  f1-score   support\n\n           0       0.31      0.28      0.29       180\n           1       0.20      0.01      0.01       142\n           2       0.12      0.01      0.02       181\n           3       0.13      0.66      0.21       190\n           4       0.11      0.01      0.02       201\n           5       0.00      0.00      0.00       150\n           6       0.00      0.00      0.00       178\n           7       0.16      0.11      0.13       171\n           8       0.20      0.16      0.18       171\n           9       0.24      0.41      0.30       173\n\n    accuracy                           0.17      1737\n   macro avg       0.15      0.17      0.12      1737\nweighted avg       0.15      0.17      0.12      1737\n", "confusion_matrix": {"_type": "histogram", "values": [52, 9, 6, 3, 9, 1, 0, 5, 1, 0, 1, 1, 1, 0, 0, 0, 1, 0, 1, 0, 1, 2, 0, 1, 0, 0, 1, 0, 1, 1, 0, 2], "bins": [0.0, 3.9375, 7.875, 11.8125, 15.75, 19.6875, 23.625, 27.5625, 31.5, 35.4375, 39.375, 43.3125, 47.25, 51.1875, 55.125, 59.0625, 63.0, 66.9375, 70.875, 74.8125, 78.75, 82.6875, 86.625, 90.5625, 94.5, 98.4375, 102.375, 106.3125, 110.25, 114.1875, 118.125, 122.0625, 126.0]}, "_timestamp": 1682681643.056095, "_runtime": 2.6567459106445312, "_step": 0, "_wandb": {"runtime": 0}}