{"accuracy": 0.15889464594127806, "classification_report": "              precision    recall  f1-score   support\n\n           0       0.27      0.36      0.31       180\n           1       0.13      0.16      0.14       142\n           2       0.11      0.10      0.11       181\n           3       0.14      0.14      0.14       190\n           4       0.13      0.10      0.11       201\n           5       0.10      0.08      0.09       150\n           6       0.13      0.12      0.12       178\n           7       0.11      0.11      0.11       171\n           8       0.20      0.18      0.19       171\n           9       0.21      0.24      0.22       173\n\n    accuracy                           0.16      1737\n   macro avg       0.15      0.16      0.15      1737\nweighted avg       0.15      0.16      0.15      1737\n", "confusion_matrix": {"_type": "histogram", "values": [2, 3, 8, 3, 12, 13, 10, 13, 8, 8, 7, 2, 4, 1, 1, 0, 2, 0, 0, 2, 0, 0, 0, 0, 0, 0, 0, 0, 0, 0, 0, 1], "bins": [3.0, 4.9375, 6.875, 8.8125, 10.75, 12.6875, 14.625, 16.5625, 18.5, 20.4375, 22.375, 24.3125, 26.25, 28.1875, 30.125, 32.0625, 34.0, 35.9375, 37.875, 39.8125, 41.75, 43.6875, 45.625, 47.5625, 49.5, 51.4375, 53.375, 55.3125, 57.25, 59.1875, 61.125, 63.0625, 65.0]}, "_timestamp": 1682594506.6870558, "_runtime": 3.3841397762298584, "_step": 0, "_wandb": {"runtime": 0}}