{"accuracy": 0.206678180771445, "classification_report": "              precision    recall  f1-score   support\n\n           0       0.38      0.44      0.41       180\n           1       0.18      0.20      0.19       142\n           2       0.19      0.20      0.20       181\n           3       0.16      0.20      0.18       190\n           4       0.21      0.16      0.18       201\n           5       0.12      0.04      0.06       150\n           6       0.14      0.22      0.17       178\n           7       0.16      0.13      0.14       171\n           8       0.16      0.12      0.14       171\n           9       0.30      0.31      0.30       173\n\n    accuracy                           0.21      1737\n   macro avg       0.20      0.20      0.20      1737\nweighted avg       0.20      0.21      0.20      1737\n", "confusion_matrix": {"_type": "histogram", "values": [9, 8, 13, 9, 7, 5, 7, 6, 9, 3, 8, 2, 3, 3, 3, 1, 2, 0, 0, 0, 0, 1, 0, 0, 0, 0, 0, 0, 0, 0, 0, 1], "bins": [1.0, 3.46875, 5.9375, 8.40625, 10.875, 13.34375, 15.8125, 18.28125, 20.75, 23.21875, 25.6875, 28.15625, 30.625, 33.09375, 35.5625, 38.03125, 40.5, 42.96875, 45.4375, 47.90625, 50.375, 52.84375, 55.3125, 57.78125, 60.25, 62.71875, 65.1875, 67.65625, 70.125, 72.59375, 75.0625, 77.53125, 80.0]}, "_timestamp": 1682655314.800095, "_runtime": 31.093244075775146, "_step": 0, "_wandb": {"runtime": 29}}