{"accuracy": 0.1629245826137018, "classification_report": "              precision    recall  f1-score   support\n\n           0       0.28      0.32      0.30       180\n           1       0.10      0.13      0.11       142\n           2       0.16      0.15      0.15       181\n           3       0.11      0.14      0.12       190\n           4       0.11      0.10      0.11       201\n           5       0.08      0.05      0.06       150\n           6       0.12      0.13      0.12       178\n           7       0.20      0.18      0.19       171\n           8       0.22      0.19      0.20       171\n           9       0.23      0.23      0.23       173\n\n    accuracy                           0.16      1737\n   macro avg       0.16      0.16      0.16      1737\nweighted avg       0.16      0.16      0.16      1737\n", "confusion_matrix": {"_type": "histogram", "values": [2, 4, 5, 2, 8, 7, 14, 3, 7, 10, 12, 2, 7, 4, 5, 0, 2, 4, 0, 0, 0, 1, 0, 0, 0, 0, 0, 0, 0, 0, 0, 1], "bins": [2.0, 3.75, 5.5, 7.25, 9.0, 10.75, 12.5, 14.25, 16.0, 17.75, 19.5, 21.25, 23.0, 24.75, 26.5, 28.25, 30.0, 31.75, 33.5, 35.25, 37.0, 38.75, 40.5, 42.25, 44.0, 45.75, 47.5, 49.25, 51.0, 52.75, 54.5, 56.25, 58.0]}, "_timestamp": 1682603582.133066, "_runtime": 1.8441998958587646, "_step": 0, "_wandb": {"runtime": 0}}