{"accuracy": 0.16580310880829016, "classification_report": "              precision    recall  f1-score   support\n\n           0       0.31      0.30      0.30       180\n           1       0.17      0.18      0.17       142\n           2       0.12      0.09      0.11       181\n           3       0.11      0.16      0.13       190\n           4       0.14      0.13      0.13       201\n           5       0.11      0.07      0.09       150\n           6       0.14      0.21      0.17       178\n           7       0.18      0.13      0.15       171\n           8       0.14      0.12      0.13       171\n           9       0.28      0.24      0.26       173\n\n    accuracy                           0.17      1737\n   macro avg       0.17      0.17      0.16      1737\nweighted avg       0.17      0.17      0.16      1737\n", "confusion_matrix": {"_type": "histogram", "values": [3, 2, 2, 7, 9, 3, 13, 7, 4, 7, 7, 2, 5, 9, 0, 6, 2, 3, 2, 0, 1, 1, 2, 1, 1, 0, 0, 0, 0, 0, 0, 1], "bins": [1.0, 2.65625, 4.3125, 5.96875, 7.625, 9.28125, 10.9375, 12.59375, 14.25, 15.90625, 17.5625, 19.21875, 20.875, 22.53125, 24.1875, 25.84375, 27.5, 29.15625, 30.8125, 32.46875, 34.125, 35.78125, 37.4375, 39.09375, 40.75, 42.40625, 44.0625, 45.71875, 47.375, 49.03125, 50.6875, 52.34375, 54.0]}, "_timestamp": 1682603194.0481422, "_runtime": 9.001821279525757, "_step": 0, "_wandb": {"runtime": 7}}