{"accuracy": 0.16637881404720783, "classification_report": "              precision    recall  f1-score   support\n\n           0       0.35      0.36      0.35       180\n           1       0.15      0.16      0.16       142\n           2       0.09      0.07      0.08       181\n           3       0.12      0.17      0.14       190\n           4       0.12      0.11      0.12       201\n           5       0.08      0.05      0.06       150\n           6       0.13      0.21      0.16       178\n           7       0.18      0.13      0.15       171\n           8       0.16      0.14      0.15       171\n           9       0.28      0.24      0.26       173\n\n    accuracy                           0.17      1737\n   macro avg       0.17      0.17      0.16      1737\nweighted avg       0.17      0.17      0.16      1737\n", "confusion_matrix": {"_type": "histogram", "values": [3, 7, 2, 11, 11, 8, 6, 9, 8, 4, 7, 5, 4, 3, 2, 2, 2, 2, 1, 1, 1, 0, 0, 0, 0, 0, 0, 0, 0, 0, 0, 1], "bins": [2.0, 3.9375, 5.875, 7.8125, 9.75, 11.6875, 13.625, 15.5625, 17.5, 19.4375, 21.375, 23.3125, 25.25, 27.1875, 29.125, 31.0625, 33.0, 34.9375, 36.875, 38.8125, 40.75, 42.6875, 44.625, 46.5625, 48.5, 50.4375, 52.375, 54.3125, 56.25, 58.1875, 60.125, 62.0625, 64.0]}, "_timestamp": 1682603207.934174, "_runtime": 9.56194806098938, "_step": 0, "_wandb": {"runtime": 7}}