{"accuracy": 0.1871042026482441, "classification_report": "              precision    recall  f1-score   support\n\n           0       0.33      0.33      0.33       180\n           1       0.24      0.13      0.17       142\n           2       0.21      0.09      0.12       181\n           3       0.13      0.48      0.21       190\n           4       0.21      0.07      0.11       201\n           5       0.16      0.06      0.09       150\n           6       0.16      0.21      0.18       178\n           7       0.17      0.09      0.12       171\n           8       0.25      0.12      0.16       171\n           9       0.22      0.25      0.23       173\n\n    accuracy                           0.19      1737\n   macro avg       0.21      0.18      0.17      1737\nweighted avg       0.21      0.19      0.17      1737\n", "confusion_matrix": {"_type": "histogram", "values": [7, 16, 24, 11, 4, 10, 1, 6, 3, 1, 1, 2, 0, 2, 1, 1, 1, 0, 1, 0, 0, 1, 1, 1, 0, 1, 1, 0, 0, 2, 0, 1], "bins": [0.0, 2.84375, 5.6875, 8.53125, 11.375, 14.21875, 17.0625, 19.90625, 22.75, 25.59375, 28.4375, 31.28125, 34.125, 36.96875, 39.8125, 42.65625, 45.5, 48.34375, 51.1875, 54.03125, 56.875, 59.71875, 62.5625, 65.40625, 68.25, 71.09375, 73.9375, 76.78125, 79.625, 82.46875, 85.3125, 88.15625, 91.0]}, "_timestamp": 1682681755.54618, "_runtime": 2.419173002243042, "_step": 0, "_wandb": {"runtime": 0}}