{"accuracy": 0.1755900978698906, "classification_report": "              precision    recall  f1-score   support\n\n           0       0.28      0.38      0.32       180\n           1       0.10      0.11      0.10       142\n           2       0.19      0.19      0.19       181\n           3       0.14      0.18      0.16       190\n           4       0.18      0.12      0.15       201\n           5       0.07      0.03      0.04       150\n           6       0.16      0.18      0.17       178\n           7       0.17      0.12      0.14       171\n           8       0.17      0.13      0.15       171\n           9       0.21      0.27      0.24       173\n\n    accuracy                           0.18      1737\n   macro avg       0.17      0.17      0.17      1737\nweighted avg       0.17      0.18      0.17      1737\n", "confusion_matrix": {"_type": "histogram", "values": [7, 10, 8, 3, 12, 11, 6, 7, 9, 6, 4, 4, 1, 2, 4, 3, 0, 0, 1, 0, 0, 1, 0, 0, 0, 0, 0, 0, 0, 0, 0, 1], "bins": [4.0, 6.0, 8.0, 10.0, 12.0, 14.0, 16.0, 18.0, 20.0, 22.0, 24.0, 26.0, 28.0, 30.0, 32.0, 34.0, 36.0, 38.0, 40.0, 42.0, 44.0, 46.0, 48.0, 50.0, 52.0, 54.0, 56.0, 58.0, 60.0, 62.0, 64.0, 66.0, 68.0]}, "_timestamp": 1682603506.9860659, "_runtime": 2.139805793762207, "_step": 0, "_wandb": {"runtime": 0}}