{"accuracy": 0.18307426597582038, "classification_report": "              precision    recall  f1-score   support\n\n           0       0.30      0.49      0.37       180\n           1       0.12      0.13      0.12       142\n           2       0.12      0.10      0.11       181\n           3       0.14      0.15      0.15       190\n           4       0.17      0.13      0.15       201\n           5       0.07      0.01      0.01       150\n           6       0.16      0.20      0.18       178\n           7       0.15      0.08      0.10       171\n           8       0.13      0.05      0.07       171\n           9       0.20      0.47      0.28       173\n\n    accuracy                           0.18      1737\n   macro avg       0.16      0.18      0.15      1737\nweighted avg       0.16      0.18      0.16      1737\n", "confusion_matrix": {"_type": "histogram", "values": [10, 9, 11, 10, 9, 10, 9, 6, 3, 5, 4, 2, 2, 1, 2, 1, 1, 1, 0, 1, 0, 1, 0, 0, 0, 0, 0, 0, 0, 1, 0, 1], "bins": [0.0, 2.75, 5.5, 8.25, 11.0, 13.75, 16.5, 19.25, 22.0, 24.75, 27.5, 30.25, 33.0, 35.75, 38.5, 41.25, 44.0, 46.75, 49.5, 52.25, 55.0, 57.75, 60.5, 63.25, 66.0, 68.75, 71.5, 74.25, 77.0, 79.75, 82.5, 85.25, 88.0]}, "_timestamp": 1682603431.4402308, "_runtime": 2.0439858436584473, "_step": 0, "_wandb": {"runtime": 0}}