{"accuracy": 0.16637881404720783, "classification_report": "              precision    recall  f1-score   support\n\n           0       0.34      0.27      0.30       180\n           1       0.12      0.50      0.20       142\n           2       0.12      0.08      0.10       181\n           3       0.15      0.09      0.11       190\n           4       0.18      0.11      0.14       201\n           5       0.13      0.08      0.10       150\n           6       0.21      0.17      0.19       178\n           7       0.19      0.09      0.12       171\n           8       0.16      0.12      0.14       171\n           9       0.18      0.21      0.19       173\n\n    accuracy                           0.17      1737\n   macro avg       0.18      0.17      0.16      1737\nweighted avg       0.18      0.17      0.16      1737\n", "confusion_matrix": {"_type": "histogram", "values": [12, 7, 13, 13, 19, 8, 10, 4, 0, 1, 2, 1, 2, 1, 0, 1, 1, 0, 0, 0, 0, 1, 0, 1, 1, 0, 1, 0, 0, 0, 0, 1], "bins": [1.0, 4.0, 7.0, 10.0, 13.0, 16.0, 19.0, 22.0, 25.0, 28.0, 31.0, 34.0, 37.0, 40.0, 43.0, 46.0, 49.0, 52.0, 55.0, 58.0, 61.0, 64.0, 67.0, 70.0, 73.0, 76.0, 79.0, 82.0, 85.0, 88.0, 91.0, 94.0, 97.0]}, "_timestamp": 1682682055.655411, "_runtime": 3.5572500228881836, "_step": 0, "_wandb": {"runtime": 1}}