{"accuracy": 0.23719055843408174, "classification_report": "              precision    recall  f1-score   support\n\n           0       0.42      0.39      0.41       180\n           1       0.24      0.28      0.26       142\n           2       0.22      0.22      0.22       181\n           3       0.19      0.17      0.18       190\n           4       0.20      0.16      0.18       201\n           5       0.18      0.17      0.18       150\n           6       0.23      0.24      0.24       178\n           7       0.17      0.20      0.19       171\n           8       0.19      0.19      0.19       171\n           9       0.31      0.35      0.33       173\n\n    accuracy                           0.24      1737\n   macro avg       0.24      0.24      0.24      1737\nweighted avg       0.24      0.24      0.24      1737\n", "confusion_matrix": {"_type": "histogram", "values": [4, 11, 8, 6, 13, 6, 7, 6, 11, 9, 1, 3, 1, 0, 4, 5, 0, 2, 0, 1, 0, 0, 0, 0, 0, 0, 0, 1, 0, 0, 0, 1], "bins": [2.0, 4.125, 6.25, 8.375, 10.5, 12.625, 14.75, 16.875, 19.0, 21.125, 23.25, 25.375, 27.5, 29.625, 31.75, 33.875, 36.0, 38.125, 40.25, 42.375, 44.5, 46.625, 48.75, 50.875, 53.0, 55.125, 57.25, 59.375, 61.5, 63.625, 65.75, 67.875, 70.0]}, "_timestamp": 1682592234.266191, "_runtime": 1.6858739852905273, "_step": 0, "_wandb": {"runtime": 0}}