{"accuracy": 0.17962003454231434, "classification_report": "              precision    recall  f1-score   support\n\n           0       0.34      0.39      0.37       180\n           1       0.11      0.15      0.13       142\n           2       0.13      0.09      0.11       181\n           3       0.12      0.17      0.14       190\n           4       0.16      0.11      0.13       201\n           5       0.12      0.04      0.06       150\n           6       0.16      0.23      0.19       178\n           7       0.15      0.08      0.10       171\n           8       0.22      0.12      0.16       171\n           9       0.21      0.39      0.28       173\n\n    accuracy                           0.18      1737\n   macro avg       0.17      0.18      0.17      1737\nweighted avg       0.17      0.18      0.17      1737\n", "confusion_matrix": {"_type": "histogram", "values": [7, 7, 13, 5, 8, 15, 5, 5, 3, 5, 2, 3, 2, 3, 7, 2, 1, 1, 2, 1, 1, 0, 0, 0, 0, 0, 0, 0, 0, 0, 1, 1], "bins": [1.0, 3.1875, 5.375, 7.5625, 9.75, 11.9375, 14.125, 16.3125, 18.5, 20.6875, 22.875, 25.0625, 27.25, 29.4375, 31.625, 33.8125, 36.0, 38.1875, 40.375, 42.5625, 44.75, 46.9375, 49.125, 51.3125, 53.5, 55.6875, 57.875, 60.0625, 62.25, 64.4375, 66.625, 68.8125, 71.0]}, "_timestamp": 1682595071.020916, "_runtime": 1.8127598762512207, "_step": 0, "_wandb": {"runtime": 0}}