{"accuracy": 0.17386298215313759, "classification_report": "              precision    recall  f1-score   support\n\n           0       0.31      0.44      0.36       180\n           1       0.13      0.20      0.16       142\n           2       0.11      0.10      0.10       181\n           3       0.12      0.21      0.15       190\n           4       0.19      0.12      0.15       201\n           5       0.09      0.03      0.05       150\n           6       0.15      0.13      0.14       178\n           7       0.19      0.12      0.15       171\n           8       0.18      0.15      0.17       171\n           9       0.20      0.21      0.21       173\n\n    accuracy                           0.17      1737\n   macro avg       0.17      0.17      0.16      1737\nweighted avg       0.17      0.17      0.17      1737\n", "confusion_matrix": {"_type": "histogram", "values": [5, 8, 10, 5, 13, 10, 13, 3, 10, 4, 3, 4, 3, 2, 2, 4, 0, 0, 0, 0, 0, 0, 0, 0, 0, 0, 0, 0, 0, 0, 0, 1], "bins": [1.0, 3.46875, 5.9375, 8.40625, 10.875, 13.34375, 15.8125, 18.28125, 20.75, 23.21875, 25.6875, 28.15625, 30.625, 33.09375, 35.5625, 38.03125, 40.5, 42.96875, 45.4375, 47.90625, 50.375, 52.84375, 55.3125, 57.78125, 60.25, 62.71875, 65.1875, 67.65625, 70.125, 72.59375, 75.0625, 77.53125, 80.0]}, "_timestamp": 1682596242.423708, "_runtime": 1.83017897605896, "_step": 0, "_wandb": {"runtime": 0}}