{"accuracy": 0.20149683362118595, "classification_report": "              precision    recall  f1-score   support\n\n           0       0.27      0.70      0.39       180\n           1       0.16      0.06      0.08       142\n           2       0.11      0.13      0.12       181\n           3       0.18      0.16      0.17       190\n           4       0.17      0.15      0.16       201\n           5       0.16      0.11      0.13       150\n           6       0.16      0.15      0.15       178\n           7       0.15      0.07      0.10       171\n           8       0.22      0.18      0.20       171\n           9       0.25      0.28      0.26       173\n\n    accuracy                           0.20      1737\n   macro avg       0.18      0.20      0.18      1737\nweighted avg       0.18      0.20      0.18      1737\n", "confusion_matrix": {"_type": "histogram", "values": [14, 14, 15, 18, 10, 8, 6, 6, 3, 1, 0, 1, 1, 0, 0, 1, 0, 1, 0, 0, 0, 0, 0, 0, 0, 0, 0, 0, 0, 0, 0, 1], "bins": [1.0, 4.90625, 8.8125, 12.71875, 16.625, 20.53125, 24.4375, 28.34375, 32.25, 36.15625, 40.0625, 43.96875, 47.875, 51.78125, 55.6875, 59.59375, 63.5, 67.40625, 71.3125, 75.21875, 79.125, 83.03125, 86.9375, 90.84375, 94.75, 98.65625, 102.5625, 106.46875, 110.375, 114.28125, 118.1875, 122.09375, 126.0]}, "_timestamp": 1682681812.564418, "_runtime": 2.3036131858825684, "_step": 0, "_wandb": {"runtime": 0}}