{"accuracy": 0.22913068508923431, "classification_report": "              precision    recall  f1-score   support\n\n           0       0.38      0.48      0.43       180\n           1       0.21      0.31      0.25       142\n           2       0.17      0.20      0.19       181\n           3       0.17      0.15      0.16       190\n           4       0.19      0.14      0.16       201\n           5       0.16      0.15      0.15       150\n           6       0.23      0.21      0.22       178\n           7       0.19      0.17      0.18       171\n           8       0.19      0.18      0.19       171\n           9       0.35      0.31      0.33       173\n\n    accuracy                           0.23      1737\n   macro avg       0.22      0.23      0.23      1737\nweighted avg       0.22      0.23      0.22      1737\n", "confusion_matrix": {"_type": "histogram", "values": [4, 7, 9, 7, 19, 7, 14, 6, 9, 2, 6, 2, 1, 3, 1, 0, 1, 0, 0, 1, 0, 0, 0, 0, 0, 0, 0, 0, 0, 0, 0, 1], "bins": [0.0, 2.71875, 5.4375, 8.15625, 10.875, 13.59375, 16.3125, 19.03125, 21.75, 24.46875, 27.1875, 29.90625, 32.625, 35.34375, 38.0625, 40.78125, 43.5, 46.21875, 48.9375, 51.65625, 54.375, 57.09375, 59.8125, 62.53125, 65.25, 67.96875, 70.6875, 73.40625, 76.125, 78.84375, 81.5625, 84.28125, 87.0]}, "_timestamp": 1682592320.981666, "_runtime": 2.022037982940674, "_step": 0, "_wandb": {"runtime": 0}}