{"accuracy": 0.2538860103626943, "classification_report": "              precision    recall  f1-score   support\n\n           0       0.44      0.57      0.50       180\n           1       0.24      0.27      0.25       142\n           2       0.16      0.16      0.16       181\n           3       0.18      0.21      0.19       190\n           4       0.18      0.14      0.16       201\n           5       0.22      0.03      0.06       150\n           6       0.20      0.28      0.24       178\n           7       0.24      0.15      0.18       171\n           8       0.32      0.19      0.24       171\n           9       0.30      0.54      0.38       173\n\n    accuracy                           0.25      1737\n   macro avg       0.25      0.25      0.23      1737\nweighted avg       0.25      0.25      0.24      1737\n", "confusion_matrix": {"_type": "histogram", "values": [15, 16, 12, 6, 8, 5, 9, 5, 4, 2, 7, 4, 2, 1, 0, 2, 0, 0, 0, 0, 0, 0, 0, 0, 0, 0, 0, 0, 0, 1, 0, 1], "bins": [0.0, 3.1875, 6.375, 9.5625, 12.75, 15.9375, 19.125, 22.3125, 25.5, 28.6875, 31.875, 35.0625, 38.25, 41.4375, 44.625, 47.8125, 51.0, 54.1875, 57.375, 60.5625, 63.75, 66.9375, 70.125, 73.3125, 76.5, 79.6875, 82.875, 86.0625, 89.25, 92.4375, 95.625, 98.8125, 102.0]}, "_timestamp": 1682694563.542197, "_runtime": 22.430756092071533, "_step": 0, "_wandb": {"runtime": 20}}