{"accuracy": 0.16868163500287853, "classification_report": "              precision    recall  f1-score   support\n\n           0       0.30      0.29      0.30       180\n           1       0.15      0.17      0.16       142\n           2       0.16      0.14      0.15       181\n           3       0.13      0.16      0.15       190\n           4       0.16      0.15      0.16       201\n           5       0.13      0.15      0.14       150\n           6       0.09      0.11      0.10       178\n           7       0.19      0.13      0.15       171\n           8       0.12      0.12      0.12       171\n           9       0.27      0.27      0.27       173\n\n    accuracy                           0.17      1737\n   macro avg       0.17      0.17      0.17      1737\nweighted avg       0.17      0.17      0.17      1737\n", "confusion_matrix": {"_type": "histogram", "values": [2, 3, 3, 6, 4, 7, 7, 5, 6, 7, 9, 7, 5, 5, 3, 6, 5, 0, 5, 0, 2, 1, 0, 0, 0, 0, 0, 0, 1, 0, 0, 1], "bins": [1.0, 2.59375, 4.1875, 5.78125, 7.375, 8.96875, 10.5625, 12.15625, 13.75, 15.34375, 16.9375, 18.53125, 20.125, 21.71875, 23.3125, 24.90625, 26.5, 28.09375, 29.6875, 31.28125, 32.875, 34.46875, 36.0625, 37.65625, 39.25, 40.84375, 42.4375, 44.03125, 45.625, 47.21875, 48.8125, 50.40625, 52.0]}, "_timestamp": 1682602739.368574, "_runtime": 4.7939558029174805, "_step": 0, "_wandb": {"runtime": 3}}