{"accuracy": 0.19919401266551526, "classification_report": "              precision    recall  f1-score   support\n\n           0       0.37      0.33      0.35       180\n           1       0.14      0.11      0.12       142\n           2       0.21      0.18      0.19       181\n           3       0.14      0.24      0.18       190\n           4       0.20      0.17      0.19       201\n           5       0.10      0.11      0.10       150\n           6       0.16      0.21      0.18       178\n           7       0.18      0.15      0.17       171\n           8       0.24      0.19      0.21       171\n           9       0.33      0.27      0.29       173\n\n    accuracy                           0.20      1737\n   macro avg       0.21      0.20      0.20      1737\nweighted avg       0.21      0.20      0.20      1737\n", "confusion_matrix": {"_type": "histogram", "values": [5, 5, 3, 9, 9, 6, 3, 7, 10, 6, 9, 5, 0, 8, 1, 0, 5, 1, 2, 1, 1, 0, 0, 1, 2, 0, 0, 0, 0, 0, 0, 1], "bins": [1.0, 2.84375, 4.6875, 6.53125, 8.375, 10.21875, 12.0625, 13.90625, 15.75, 17.59375, 19.4375, 21.28125, 23.125, 24.96875, 26.8125, 28.65625, 30.5, 32.34375, 34.1875, 36.03125, 37.875, 39.71875, 41.5625, 43.40625, 45.25, 47.09375, 48.9375, 50.78125, 52.625, 54.46875, 56.3125, 58.15625, 60.0]}, "_timestamp": 1682687818.511329, "_runtime": 53.550360918045044, "_step": 0, "_wandb": {"runtime": 51}}