{"accuracy": 0.1669545192861255, "classification_report": "              precision    recall  f1-score   support\n\n           0       0.22      0.22      0.22       180\n           1       0.13      0.17      0.15       142\n           2       0.14      0.15      0.15       181\n           3       0.17      0.16      0.17       190\n           4       0.18      0.16      0.17       201\n           5       0.11      0.11      0.11       150\n           6       0.14      0.17      0.16       178\n           7       0.20      0.16      0.18       171\n           8       0.18      0.17      0.17       171\n           9       0.20      0.18      0.19       173\n\n    accuracy                           0.17      1737\n   macro avg       0.17      0.17      0.17      1737\nweighted avg       0.17      0.17      0.17      1737\n", "confusion_matrix": {"_type": "histogram", "values": [4, 0, 1, 3, 3, 4, 10, 8, 16, 3, 6, 4, 2, 2, 2, 2, 7, 3, 1, 2, 1, 3, 4, 0, 6, 1, 0, 1, 0, 0, 0, 1], "bins": [4.0, 5.125, 6.25, 7.375, 8.5, 9.625, 10.75, 11.875, 13.0, 14.125, 15.25, 16.375, 17.5, 18.625, 19.75, 20.875, 22.0, 23.125, 24.25, 25.375, 26.5, 27.625, 28.75, 29.875, 31.0, 32.125, 33.25, 34.375, 35.5, 36.625, 37.75, 38.875, 40.0]}, "_timestamp": 1682603024.892041, "_runtime": 2.0274009704589844, "_step": 0, "_wandb": {"runtime": 0}}