{"accuracy": 0.1491076568796776, "classification_report": "              precision    recall  f1-score   support\n\n           0       0.24      0.80      0.38       180\n           1       0.13      0.18      0.15       142\n           2       0.14      0.13      0.13       181\n           3       0.08      0.34      0.13       190\n           4       0.00      0.00      0.00       201\n           5       0.00      0.00      0.00       150\n           6       0.00      0.00      0.00       178\n           7       0.00      0.00      0.00       171\n           8       0.00      0.00      0.00       171\n           9       0.00      0.00      0.00       173\n\n    accuracy                           0.15      1737\n   macro avg       0.06      0.15      0.08      1737\nweighted avg       0.06      0.15      0.08      1737\n", "confusion_matrix": {"_type": "histogram", "values": [60, 0, 6, 5, 3, 5, 5, 2, 0, 2, 0, 0, 0, 0, 2, 1, 0, 1, 1, 0, 2, 0, 0, 1, 2, 0, 1, 0, 0, 0, 0, 1], "bins": [0.0, 4.5, 9.0, 13.5, 18.0, 22.5, 27.0, 31.5, 36.0, 40.5, 45.0, 49.5, 54.0, 58.5, 63.0, 67.5, 72.0, 76.5, 81.0, 85.5, 90.0, 94.5, 99.0, 103.5, 108.0, 112.5, 117.0, 121.5, 126.0, 130.5, 135.0, 139.5, 144.0]}, "_timestamp": 1682773813.722013, "_runtime": 2.8973209857940674, "_step": 0, "_wandb": {"runtime": 1}}