{"accuracy": 0.16580310880829016, "classification_report": "              precision    recall  f1-score   support\n\n           0       0.23      0.23      0.23       180\n           1       0.15      0.19      0.17       142\n           2       0.15      0.17      0.16       181\n           3       0.13      0.13      0.13       190\n           4       0.13      0.15      0.14       201\n           5       0.13      0.09      0.10       150\n           6       0.14      0.15      0.14       178\n           7       0.16      0.12      0.14       171\n           8       0.20      0.16      0.18       171\n           9       0.23      0.26      0.25       173\n\n    accuracy                           0.17      1737\n   macro avg       0.17      0.17      0.16      1737\nweighted avg       0.17      0.17      0.16      1737\n", "confusion_matrix": {"_type": "histogram", "values": [4, 2, 4, 1, 4, 11, 3, 3, 13, 3, 6, 12, 3, 2, 9, 3, 2, 6, 1, 2, 2, 1, 0, 0, 0, 0, 0, 0, 1, 0, 0, 2], "bins": [3.0, 4.34375, 5.6875, 7.03125, 8.375, 9.71875, 11.0625, 12.40625, 13.75, 15.09375, 16.4375, 17.78125, 19.125, 20.46875, 21.8125, 23.15625, 24.5, 25.84375, 27.1875, 28.53125, 29.875, 31.21875, 32.5625, 33.90625, 35.25, 36.59375, 37.9375, 39.28125, 40.625, 41.96875, 43.3125, 44.65625, 46.0]}, "_timestamp": 1682603056.260243, "_runtime": 2.138010025024414, "_step": 0, "_wandb": {"runtime": 0}}