{"accuracy": 0.1629245826137018, "classification_report": "              precision    recall  f1-score   support\n\n           0       0.27      0.38      0.32       180\n           1       0.13      0.17      0.15       142\n           2       0.10      0.09      0.09       181\n           3       0.10      0.08      0.09       190\n           4       0.16      0.13      0.15       201\n           5       0.11      0.09      0.10       150\n           6       0.16      0.16      0.16       178\n           7       0.09      0.09      0.09       171\n           8       0.20      0.16      0.18       171\n           9       0.26      0.26      0.26       173\n\n    accuracy                           0.16      1737\n   macro avg       0.16      0.16      0.16      1737\nweighted avg       0.16      0.16      0.16      1737\n", "confusion_matrix": {"_type": "histogram", "values": [4, 7, 1, 8, 12, 11, 11, 10, 6, 5, 13, 3, 3, 1, 0, 0, 0, 1, 1, 0, 2, 0, 0, 0, 0, 0, 0, 0, 0, 0, 0, 1], "bins": [2.0, 4.09375, 6.1875, 8.28125, 10.375, 12.46875, 14.5625, 16.65625, 18.75, 20.84375, 22.9375, 25.03125, 27.125, 29.21875, 31.3125, 33.40625, 35.5, 37.59375, 39.6875, 41.78125, 43.875, 45.96875, 48.0625, 50.15625, 52.25, 54.34375, 56.4375, 58.53125, 60.625, 62.71875, 64.8125, 66.90625, 69.0]}, "_timestamp": 1682594465.0353558, "_runtime": 4.107966899871826, "_step": 0, "_wandb": {"runtime": 0}}