{"accuracy": 0.18364997121473806, "classification_report": "              precision    recall  f1-score   support\n\n           0       0.28      0.45      0.34       180\n           1       0.13      0.19      0.15       142\n           2       0.19      0.15      0.17       181\n           3       0.14      0.09      0.11       190\n           4       0.17      0.09      0.12       201\n           5       0.15      0.06      0.09       150\n           6       0.16      0.16      0.16       178\n           7       0.11      0.07      0.09       171\n           8       0.17      0.11      0.13       171\n           9       0.20      0.47      0.28       173\n\n    accuracy                           0.18      1737\n   macro avg       0.17      0.18      0.16      1737\nweighted avg       0.17      0.18      0.16      1737\n", "confusion_matrix": {"_type": "histogram", "values": [11, 5, 14, 12, 12, 9, 12, 1, 8, 0, 3, 2, 0, 2, 1, 0, 2, 0, 1, 2, 0, 0, 0, 0, 0, 0, 0, 1, 0, 0, 0, 2], "bins": [2.0, 4.5, 7.0, 9.5, 12.0, 14.5, 17.0, 19.5, 22.0, 24.5, 27.0, 29.5, 32.0, 34.5, 37.0, 39.5, 42.0, 44.5, 47.0, 49.5, 52.0, 54.5, 57.0, 59.5, 62.0, 64.5, 67.0, 69.5, 72.0, 74.5, 77.0, 79.5, 82.0]}, "_timestamp": 1682604461.9013948, "_runtime": 20.158121824264526, "_step": 0, "_wandb": {"runtime": 18}}