{"accuracy": 0.16983304548071387, "classification_report": "              precision    recall  f1-score   support\n\n           0       0.33      0.32      0.32       180\n           1       0.15      0.17      0.16       142\n           2       0.16      0.14      0.15       181\n           3       0.14      0.16      0.15       190\n           4       0.17      0.15      0.16       201\n           5       0.12      0.13      0.13       150\n           6       0.09      0.11      0.10       178\n           7       0.17      0.12      0.14       171\n           8       0.13      0.13      0.13       171\n           9       0.27      0.26      0.26       173\n\n    accuracy                           0.17      1737\n   macro avg       0.17      0.17      0.17      1737\nweighted avg       0.17      0.17      0.17      1737\n", "confusion_matrix": {"_type": "histogram", "values": [1, 3, 7, 3, 7, 6, 8, 6, 10, 7, 9, 3, 5, 8, 6, 2, 3, 2, 0, 0, 2, 0, 0, 0, 0, 1, 0, 0, 0, 0, 0, 1], "bins": [1.0, 2.75, 4.5, 6.25, 8.0, 9.75, 11.5, 13.25, 15.0, 16.75, 18.5, 20.25, 22.0, 23.75, 25.5, 27.25, 29.0, 30.75, 32.5, 34.25, 36.0, 37.75, 39.5, 41.25, 43.0, 44.75, 46.5, 48.25, 50.0, 51.75, 53.5, 55.25, 57.0]}, "_timestamp": 1682595965.900049, "_runtime": 4.770549058914185, "_step": 0, "_wandb": {"runtime": 2}}