{"accuracy": 0.14622913068508925, "classification_report": "              precision    recall  f1-score   support\n\n           0       0.26      0.29      0.27       180\n           1       0.12      0.27      0.17       142\n           2       0.17      0.12      0.14       181\n           3       0.15      0.09      0.11       190\n           4       0.17      0.14      0.15       201\n           5       0.09      0.26      0.13       150\n           6       0.08      0.03      0.04       178\n           7       0.17      0.31      0.22       171\n           8       0.00      0.00      0.00       171\n           9       0.00      0.00      0.00       173\n\n    accuracy                           0.15      1737\n   macro avg       0.12      0.15      0.12      1737\nweighted avg       0.12      0.15      0.12      1737\n", "confusion_matrix": {"_type": "histogram", "values": [22, 4, 8, 11, 6, 6, 7, 2, 4, 6, 1, 1, 3, 1, 1, 3, 4, 1, 0, 1, 1, 2, 1, 0, 1, 0, 1, 0, 0, 0, 0, 2], "bins": [0.0, 2.4375, 4.875, 7.3125, 9.75, 12.1875, 14.625, 17.0625, 19.5, 21.9375, 24.375, 26.8125, 29.25, 31.6875, 34.125, 36.5625, 39.0, 41.4375, 43.875, 46.3125, 48.75, 51.1875, 53.625, 56.0625, 58.5, 60.9375, 63.375, 65.8125, 68.25, 70.6875, 73.125, 75.5625, 78.0]}, "_timestamp": 1682773844.275668, "_runtime": 3.4303510189056396, "_step": 0, "_wandb": {"runtime": 1}}