{"accuracy": 0.17789291882556132, "classification_report": "              precision    recall  f1-score   support\n\n           0       0.29      0.62      0.39       180\n           1       0.20      0.01      0.01       142\n           2       0.12      0.19      0.15       181\n           3       0.07      0.07      0.07       190\n           4       0.17      0.07      0.10       201\n           5       0.00      0.00      0.00       150\n           6       0.14      0.21      0.17       178\n           7       0.09      0.04      0.06       171\n           8       0.11      0.02      0.03       171\n           9       0.21      0.51      0.30       173\n\n    accuracy                           0.18      1737\n   macro avg       0.14      0.17      0.13      1737\nweighted avg       0.14      0.18      0.13      1737\n", "confusion_matrix": {"_type": "histogram", "values": [32, 7, 9, 4, 12, 3, 5, 2, 7, 3, 6, 2, 2, 0, 0, 1, 0, 2, 0, 1, 0, 0, 0, 0, 0, 1, 0, 0, 0, 0, 0, 1], "bins": [0.0, 3.46875, 6.9375, 10.40625, 13.875, 17.34375, 20.8125, 24.28125, 27.75, 31.21875, 34.6875, 38.15625, 41.625, 45.09375, 48.5625, 52.03125, 55.5, 58.96875, 62.4375, 65.90625, 69.375, 72.84375, 76.3125, 79.78125, 83.25, 86.71875, 90.1875, 93.65625, 97.125, 100.59375, 104.0625, 107.53125, 111.0]}, "_timestamp": 1682603444.0295591, "_runtime": 1.733856201171875, "_step": 0, "_wandb": {"runtime": 0}}