{"accuracy": 0.26424870466321243, "classification_report": "              precision    recall  f1-score   support\n\n           0       0.46      0.56      0.50       180\n           1       0.24      0.29      0.26       142\n           2       0.19      0.18      0.18       181\n           3       0.18      0.20      0.19       190\n           4       0.18      0.15      0.16       201\n           5       0.26      0.10      0.14       150\n           6       0.23      0.28      0.25       178\n           7       0.25      0.18      0.21       171\n           8       0.32      0.20      0.25       171\n           9       0.30      0.51      0.38       173\n\n    accuracy                           0.26      1737\n   macro avg       0.26      0.26      0.25      1737\nweighted avg       0.26      0.26      0.25      1737\n", "confusion_matrix": {"_type": "histogram", "values": [10, 17, 7, 14, 8, 6, 7, 8, 4, 6, 5, 0, 1, 3, 0, 2, 0, 0, 0, 0, 0, 0, 0, 0, 0, 0, 0, 0, 1, 0, 0, 1], "bins": [0.0, 3.125, 6.25, 9.375, 12.5, 15.625, 18.75, 21.875, 25.0, 28.125, 31.25, 34.375, 37.5, 40.625, 43.75, 46.875, 50.0, 53.125, 56.25, 59.375, 62.5, 65.625, 68.75, 71.875, 75.0, 78.125, 81.25, 84.375, 87.5, 90.625, 93.75, 96.875, 100.0]}, "_timestamp": 1682694591.548801, "_runtime": 22.53848695755005, "_step": 0, "_wandb": {"runtime": 20}}