{"accuracy": 0.16868163500287853, "classification_report": "              precision    recall  f1-score   support\n\n           0       0.31      0.31      0.31       180\n           1       0.15      0.17      0.16       142\n           2       0.16      0.14      0.15       181\n           3       0.13      0.16      0.14       190\n           4       0.16      0.14      0.15       201\n           5       0.13      0.15      0.14       150\n           6       0.10      0.11      0.10       178\n           7       0.19      0.13      0.15       171\n           8       0.13      0.13      0.13       171\n           9       0.26      0.25      0.26       173\n\n    accuracy                           0.17      1737\n   macro avg       0.17      0.17      0.17      1737\nweighted avg       0.17      0.17      0.17      1737\n", "confusion_matrix": {"_type": "histogram", "values": [1, 3, 6, 5, 6, 7, 4, 10, 7, 6, 5, 9, 6, 7, 4, 2, 3, 5, 0, 0, 2, 0, 0, 0, 0, 1, 0, 0, 0, 0, 0, 1], "bins": [1.0, 2.6875, 4.375, 6.0625, 7.75, 9.4375, 11.125, 12.8125, 14.5, 16.1875, 17.875, 19.5625, 21.25, 22.9375, 24.625, 26.3125, 28.0, 29.6875, 31.375, 33.0625, 34.75, 36.4375, 38.125, 39.8125, 41.5, 43.1875, 44.875, 46.5625, 48.25, 49.9375, 51.625, 53.3125, 55.0]}, "_timestamp": 1682595935.1466858, "_runtime": 5.346071720123291, "_step": 0, "_wandb": {"runtime": 2}}