{"accuracy": 0.15947035118019573, "classification_report": "              precision    recall  f1-score   support\n\n           0       0.30      0.24      0.27       180\n           1       0.15      0.14      0.14       142\n           2       0.13      0.09      0.11       181\n           3       0.21      0.15      0.17       190\n           4       0.21      0.14      0.17       201\n           5       0.17      0.09      0.12       150\n           6       0.21      0.12      0.16       178\n           7       0.22      0.11      0.14       171\n           8       0.10      0.42      0.16       171\n           9       0.37      0.09      0.14       173\n\n    accuracy                           0.16      1737\n   macro avg       0.21      0.16      0.16      1737\nweighted avg       0.21      0.16      0.16      1737\n", "confusion_matrix": {"_type": "histogram", "values": [5, 17, 19, 8, 17, 10, 6, 3, 0, 3, 1, 0, 0, 0, 0, 1, 0, 0, 0, 1, 0, 0, 1, 0, 0, 1, 0, 3, 2, 0, 1, 1], "bins": [0.0, 2.8125, 5.625, 8.4375, 11.25, 14.0625, 16.875, 19.6875, 22.5, 25.3125, 28.125, 30.9375, 33.75, 36.5625, 39.375, 42.1875, 45.0, 47.8125, 50.625, 53.4375, 56.25, 59.0625, 61.875, 64.6875, 67.5, 70.3125, 73.125, 75.9375, 78.75, 81.5625, 84.375, 87.1875, 90.0]}, "_timestamp": 1682653224.9815722, "_runtime": 2.2672922611236572, "_step": 0, "_wandb": {"runtime": 0}}