{"accuracy": 0.1888313183649971, "classification_report": "              precision    recall  f1-score   support\n\n           0       0.22      0.82      0.34       180\n           1       0.11      0.04      0.05       142\n           2       0.09      0.02      0.04       181\n           3       0.20      0.04      0.06       190\n           4       0.15      0.22      0.18       201\n           5       0.00      0.00      0.00       150\n           6       0.14      0.13      0.14       178\n           7       0.14      0.03      0.05       171\n           8       0.18      0.11      0.14       171\n           9       0.23      0.42      0.29       173\n\n    accuracy                           0.19      1737\n   macro avg       0.15      0.18      0.13      1737\nweighted avg       0.15      0.19      0.13      1737\n", "confusion_matrix": {"_type": "histogram", "values": [33, 25, 7, 4, 7, 3, 3, 2, 4, 3, 2, 1, 0, 0, 0, 2, 0, 1, 0, 2, 0, 0, 0, 0, 0, 0, 0, 0, 0, 0, 0, 1], "bins": [0.0, 4.625, 9.25, 13.875, 18.5, 23.125, 27.75, 32.375, 37.0, 41.625, 46.25, 50.875, 55.5, 60.125, 64.75, 69.375, 74.0, 78.625, 83.25, 87.875, 92.5, 97.125, 101.75, 106.375, 111.0, 115.625, 120.25, 124.875, 129.5, 134.125, 138.75, 143.375, 148.0]}, "_timestamp": 1682682175.198763, "_runtime": 1.9820778369903564, "_step": 0, "_wandb": {"runtime": 0}}