{"accuracy": 0.1577432354634427, "classification_report": "              precision    recall  f1-score   support\n\n           0       0.28      0.26      0.27       180\n           1       0.13      0.15      0.14       142\n           2       0.14      0.13      0.13       181\n           3       0.14      0.17      0.15       190\n           4       0.13      0.16      0.14       201\n           5       0.16      0.10      0.12       150\n           6       0.15      0.16      0.15       178\n           7       0.16      0.15      0.15       171\n           8       0.16      0.11      0.13       171\n           9       0.16      0.17      0.17       173\n\n    accuracy                           0.16      1737\n   macro avg       0.16      0.16      0.16      1737\nweighted avg       0.16      0.16      0.16      1737\n", "confusion_matrix": {"_type": "histogram", "values": [1, 3, 5, 3, 9, 5, 5, 6, 4, 10, 3, 9, 5, 1, 5, 2, 8, 3, 0, 5, 0, 3, 3, 0, 1, 0, 0, 0, 0, 0, 0, 1], "bins": [2.0, 3.40625, 4.8125, 6.21875, 7.625, 9.03125, 10.4375, 11.84375, 13.25, 14.65625, 16.0625, 17.46875, 18.875, 20.28125, 21.6875, 23.09375, 24.5, 25.90625, 27.3125, 28.71875, 30.125, 31.53125, 32.9375, 34.34375, 35.75, 37.15625, 38.5625, 39.96875, 41.375, 42.78125, 44.1875, 45.59375, 47.0]}, "_timestamp": 1682603018.697716, "_runtime": 2.075486898422241, "_step": 0, "_wandb": {"runtime": 0}}