{"accuracy": 0.20379965457685664, "classification_report": "              precision    recall  f1-score   support\n\n           0       0.26      0.65      0.37       180\n           1       0.23      0.08      0.12       142\n           2       0.19      0.12      0.15       181\n           3       0.19      0.14      0.16       190\n           4       0.17      0.23      0.20       201\n           5       0.13      0.08      0.10       150\n           6       0.12      0.19      0.15       178\n           7       0.22      0.06      0.09       171\n           8       0.19      0.16      0.18       171\n           9       0.33      0.27      0.30       173\n\n    accuracy                           0.20      1737\n   macro avg       0.20      0.20      0.18      1737\nweighted avg       0.20      0.20      0.18      1737\n", "confusion_matrix": {"_type": "histogram", "values": [12, 18, 11, 15, 11, 2, 8, 4, 6, 4, 1, 2, 2, 0, 1, 2, 0, 0, 0, 0, 0, 0, 0, 0, 0, 0, 0, 0, 0, 0, 0, 1], "bins": [0.0, 3.65625, 7.3125, 10.96875, 14.625, 18.28125, 21.9375, 25.59375, 29.25, 32.90625, 36.5625, 40.21875, 43.875, 47.53125, 51.1875, 54.84375, 58.5, 62.15625, 65.8125, 69.46875, 73.125, 76.78125, 80.4375, 84.09375, 87.75, 91.40625, 95.0625, 98.71875, 102.375, 106.03125, 109.6875, 113.34375, 117.0]}, "_timestamp": 1682681805.002941, "_runtime": 2.6463937759399414, "_step": 0, "_wandb": {"runtime": 0}}