{"accuracy": 0.11053540587219343, "classification_report": "              precision    recall  f1-score   support\n\n           0       0.06      0.02      0.03       180\n           1       0.07      0.01      0.02       142\n           2       0.13      0.28      0.18       181\n           3       0.00      0.00      0.00       190\n           4       0.10      0.14      0.12       201\n           5       0.12      0.33      0.18       150\n           6       0.04      0.01      0.02       178\n           7       0.11      0.32      0.16       171\n           8       0.00      0.00      0.00       171\n           9       0.00      0.00      0.00       173\n\n    accuracy                           0.11      1737\n   macro avg       0.06      0.11      0.07      1737\nweighted avg       0.06      0.11      0.07      1737\n", "confusion_matrix": {"_type": "histogram", "values": [42, 6, 9, 4, 5, 1, 2, 0, 3, 2, 1, 4, 1, 2, 2, 2, 4, 1, 1, 0, 2, 2, 0, 0, 1, 2, 0, 0, 0, 0, 0, 1], "bins": [0.0, 2.96875, 5.9375, 8.90625, 11.875, 14.84375, 17.8125, 20.78125, 23.75, 26.71875, 29.6875, 32.65625, 35.625, 38.59375, 41.5625, 44.53125, 47.5, 50.46875, 53.4375, 56.40625, 59.375, 62.34375, 65.3125, 68.28125, 71.25, 74.21875, 77.1875, 80.15625, 83.125, 86.09375, 89.0625, 92.03125, 95.0]}, "_timestamp": 1682841869.3846369, "_runtime": 150.78111577033997, "_step": 0, "_wandb": {"runtime": 149}}