{"accuracy": 0.16753022452504318, "classification_report": "              precision    recall  f1-score   support\n\n           0       0.31      0.41      0.36       180\n           1       0.14      0.17      0.15       142\n           2       0.15      0.11      0.13       181\n           3       0.13      0.18      0.15       190\n           4       0.10      0.07      0.09       201\n           5       0.09      0.05      0.07       150\n           6       0.11      0.11      0.11       178\n           7       0.13      0.12      0.13       171\n           8       0.18      0.15      0.17       171\n           9       0.21      0.29      0.25       173\n\n    accuracy                           0.17      1737\n   macro avg       0.16      0.17      0.16      1737\nweighted avg       0.16      0.17      0.16      1737\n", "confusion_matrix": {"_type": "histogram", "values": [6, 7, 5, 13, 10, 11, 8, 7, 12, 5, 7, 2, 0, 3, 1, 1, 0, 0, 0, 0, 0, 1, 0, 0, 0, 0, 0, 0, 0, 0, 0, 1], "bins": [3.0, 5.21875, 7.4375, 9.65625, 11.875, 14.09375, 16.3125, 18.53125, 20.75, 22.96875, 25.1875, 27.40625, 29.625, 31.84375, 34.0625, 36.28125, 38.5, 40.71875, 42.9375, 45.15625, 47.375, 49.59375, 51.8125, 54.03125, 56.25, 58.46875, 60.6875, 62.90625, 65.125, 67.34375, 69.5625, 71.78125, 74.0]}, "_timestamp": 1682603474.7978508, "_runtime": 1.9597268104553223, "_step": 0, "_wandb": {"runtime": 0}}