{"accuracy": 0.2135866436384571, "classification_report": "              precision    recall  f1-score   support\n\n           0       0.40      0.55      0.47       180\n           1       0.15      0.13      0.14       142\n           2       0.18      0.12      0.15       181\n           3       0.14      0.22      0.17       190\n           4       0.16      0.10      0.13       201\n           5       0.00      0.00      0.00       150\n           6       0.18      0.31      0.23       178\n           7       0.10      0.03      0.05       171\n           8       0.24      0.09      0.13       171\n           9       0.24      0.54      0.33       173\n\n    accuracy                           0.21      1737\n   macro avg       0.18      0.21      0.18      1737\nweighted avg       0.18      0.21      0.18      1737\n", "confusion_matrix": {"_type": "histogram", "values": [21, 11, 15, 6, 4, 8, 5, 3, 4, 4, 4, 3, 0, 5, 1, 2, 0, 0, 1, 0, 1, 0, 0, 0, 0, 0, 0, 0, 0, 0, 1, 1], "bins": [0.0, 3.09375, 6.1875, 9.28125, 12.375, 15.46875, 18.5625, 21.65625, 24.75, 27.84375, 30.9375, 34.03125, 37.125, 40.21875, 43.3125, 46.40625, 49.5, 52.59375, 55.6875, 58.78125, 61.875, 64.96875, 68.0625, 71.15625, 74.25, 77.34375, 80.4375, 83.53125, 86.625, 89.71875, 92.8125, 95.90625, 99.0]}, "_timestamp": 1682607817.119714, "_runtime": 54.45948100090027, "_step": 0, "_wandb": {"runtime": 52}}