{"accuracy": 0.1496833621185953, "classification_report": "              precision    recall  f1-score   support\n\n           0       0.32      0.28      0.30       180\n           1       0.15      0.19      0.17       142\n           2       0.09      0.07      0.08       181\n           3       0.12      0.13      0.12       190\n           4       0.13      0.15      0.14       201\n           5       0.09      0.09      0.09       150\n           6       0.11      0.13      0.12       178\n           7       0.14      0.12      0.13       171\n           8       0.14      0.15      0.14       171\n           9       0.22      0.20      0.21       173\n\n    accuracy                           0.15      1737\n   macro avg       0.15      0.15      0.15      1737\nweighted avg       0.15      0.15      0.15      1737\n", "confusion_matrix": {"_type": "histogram", "values": [6, 2, 4, 3, 3, 8, 11, 4, 6, 10, 5, 12, 6, 5, 4, 1, 4, 0, 2, 0, 2, 1, 0, 0, 0, 0, 0, 0, 0, 0, 0, 1], "bins": [4.0, 5.4375, 6.875, 8.3125, 9.75, 11.1875, 12.625, 14.0625, 15.5, 16.9375, 18.375, 19.8125, 21.25, 22.6875, 24.125, 25.5625, 27.0, 28.4375, 29.875, 31.3125, 32.75, 34.1875, 35.625, 37.0625, 38.5, 39.9375, 41.375, 42.8125, 44.25, 45.6875, 47.125, 48.5625, 50.0]}, "_timestamp": 1682602816.236879, "_runtime": 5.0338521003723145, "_step": 0, "_wandb": {"runtime": 3}}