{"accuracy": 0.1560161197466897, "classification_report": "              precision    recall  f1-score   support\n\n           0       0.28      0.27      0.27       180\n           1       0.12      0.16      0.14       142\n           2       0.13      0.12      0.13       181\n           3       0.12      0.12      0.12       190\n           4       0.16      0.17      0.16       201\n           5       0.11      0.11      0.11       150\n           6       0.12      0.13      0.13       178\n           7       0.15      0.12      0.13       171\n           8       0.15      0.15      0.15       171\n           9       0.22      0.20      0.21       173\n\n    accuracy                           0.16      1737\n   macro avg       0.16      0.16      0.16      1737\nweighted avg       0.16      0.16      0.16      1737\n", "confusion_matrix": {"_type": "histogram", "values": [2, 0, 2, 0, 5, 6, 4, 8, 7, 8, 12, 4, 14, 2, 7, 6, 7, 0, 1, 0, 1, 0, 2, 0, 1, 0, 0, 0, 0, 0, 0, 1], "bins": [1.0, 2.5, 4.0, 5.5, 7.0, 8.5, 10.0, 11.5, 13.0, 14.5, 16.0, 17.5, 19.0, 20.5, 22.0, 23.5, 25.0, 26.5, 28.0, 29.5, 31.0, 32.5, 34.0, 35.5, 37.0, 38.5, 40.0, 41.5, 43.0, 44.5, 46.0, 47.5, 49.0]}, "_timestamp": 1682596065.505329, "_runtime": 5.117144823074341, "_step": 0, "_wandb": {"runtime": 3}}