{"accuracy": 0.19689119170984457, "classification_report": "              precision    recall  f1-score   support\n\n           0       0.42      0.33      0.37       180\n           1       0.21      0.29      0.24       142\n           2       0.17      0.15      0.16       181\n           3       0.12      0.17      0.14       190\n           4       0.17      0.13      0.15       201\n           5       0.10      0.04      0.06       150\n           6       0.13      0.21      0.16       178\n           7       0.19      0.17      0.18       171\n           8       0.17      0.09      0.12       171\n           9       0.29      0.39      0.33       173\n\n    accuracy                           0.20      1737\n   macro avg       0.20      0.20      0.19      1737\nweighted avg       0.20      0.20      0.19      1737\n", "confusion_matrix": {"_type": "histogram", "values": [3, 9, 9, 9, 7, 5, 6, 7, 12, 3, 4, 3, 4, 4, 2, 3, 0, 3, 0, 2, 2, 1, 0, 0, 0, 0, 0, 1, 0, 0, 0, 1], "bins": [0.0, 2.125, 4.25, 6.375, 8.5, 10.625, 12.75, 14.875, 17.0, 19.125, 21.25, 23.375, 25.5, 27.625, 29.75, 31.875, 34.0, 36.125, 38.25, 40.375, 42.5, 44.625, 46.75, 48.875, 51.0, 53.125, 55.25, 57.375, 59.5, 61.625, 63.75, 65.875, 68.0]}, "_timestamp": 1682686567.524682, "_runtime": 10.398530006408691, "_step": 0, "_wandb": {"runtime": 9}}