{"accuracy": 0.18537708693149108, "classification_report": "              precision    recall  f1-score   support\n\n           0       0.33      0.39      0.36       180\n           1       0.16      0.23      0.19       142\n           2       0.21      0.17      0.19       181\n           3       0.18      0.11      0.14       190\n           4       0.18      0.07      0.11       201\n           5       0.12      0.09      0.10       150\n           6       0.13      0.16      0.14       178\n           7       0.12      0.12      0.12       171\n           8       0.15      0.16      0.15       171\n           9       0.21      0.36      0.27       173\n\n    accuracy                           0.19      1737\n   macro avg       0.18      0.19      0.18      1737\nweighted avg       0.18      0.19      0.18      1737\n", "confusion_matrix": {"_type": "histogram", "values": [4, 15, 11, 12, 5, 9, 5, 5, 4, 2, 8, 5, 3, 4, 2, 1, 1, 0, 2, 0, 0, 0, 0, 0, 0, 0, 0, 0, 1, 0, 0, 1], "bins": [3.0, 5.09375, 7.1875, 9.28125, 11.375, 13.46875, 15.5625, 17.65625, 19.75, 21.84375, 23.9375, 26.03125, 28.125, 30.21875, 32.3125, 34.40625, 36.5, 38.59375, 40.6875, 42.78125, 44.875, 46.96875, 49.0625, 51.15625, 53.25, 55.34375, 57.4375, 59.53125, 61.625, 63.71875, 65.8125, 67.90625, 70.0]}, "_timestamp": 1682655383.977718, "_runtime": 30.57418203353882, "_step": 0, "_wandb": {"runtime": 28}}