{"accuracy": 0.1755900978698906, "classification_report": "              precision    recall  f1-score   support\n\n           0       0.29      0.17      0.22       180\n           1       0.09      0.42      0.15       142\n           2       0.17      0.18      0.17       181\n           3       0.25      0.14      0.18       190\n           4       0.21      0.17      0.19       201\n           5       0.18      0.09      0.12       150\n           6       0.19      0.13      0.15       178\n           7       0.17      0.12      0.14       171\n           8       0.28      0.17      0.21       171\n           9       0.34      0.21      0.26       173\n\n    accuracy                           0.18      1737\n   macro avg       0.22      0.18      0.18      1737\nweighted avg       0.22      0.18      0.18      1737\n", "confusion_matrix": {"_type": "histogram", "values": [5, 11, 10, 20, 14, 7, 9, 4, 2, 2, 0, 3, 2, 0, 1, 0, 0, 1, 0, 0, 0, 0, 2, 1, 2, 0, 1, 1, 0, 1, 0, 1], "bins": [0.0, 2.625, 5.25, 7.875, 10.5, 13.125, 15.75, 18.375, 21.0, 23.625, 26.25, 28.875, 31.5, 34.125, 36.75, 39.375, 42.0, 44.625, 47.25, 49.875, 52.5, 55.125, 57.75, 60.375, 63.0, 65.625, 68.25, 70.875, 73.5, 76.125, 78.75, 81.375, 84.0]}, "_timestamp": 1682653337.608767, "_runtime": 2.2081239223480225, "_step": 0, "_wandb": {"runtime": 0}}