{"accuracy": 0.14622913068508925, "classification_report": "              precision    recall  f1-score   support\n\n           0       0.30      0.19      0.23       180\n           1       0.09      0.65      0.16       142\n           2       0.11      0.06      0.08       181\n           3       0.20      0.07      0.10       190\n           4       0.24      0.11      0.15       201\n           5       0.21      0.04      0.07       150\n           6       0.17      0.10      0.12       178\n           7       0.20      0.10      0.13       171\n           8       0.22      0.08      0.12       171\n           9       0.42      0.16      0.23       173\n\n    accuracy                           0.15      1737\n   macro avg       0.22      0.16      0.14      1737\nweighted avg       0.22      0.15      0.14      1737\n", "confusion_matrix": {"_type": "histogram", "values": [23, 29, 19, 10, 5, 2, 0, 1, 1, 0, 0, 0, 0, 0, 0, 0, 0, 0, 0, 0, 0, 0, 0, 2, 3, 0, 0, 1, 0, 1, 1, 2], "bins": [0.0, 3.78125, 7.5625, 11.34375, 15.125, 18.90625, 22.6875, 26.46875, 30.25, 34.03125, 37.8125, 41.59375, 45.375, 49.15625, 52.9375, 56.71875, 60.5, 64.28125, 68.0625, 71.84375, 75.625, 79.40625, 83.1875, 86.96875, 90.75, 94.53125, 98.3125, 102.09375, 105.875, 109.65625, 113.4375, 117.21875, 121.0]}, "_timestamp": 1682653448.828725, "_runtime": 3.0880911350250244, "_step": 0, "_wandb": {"runtime": 0}}