{"accuracy": 0.15947035118019573, "classification_report": "              precision    recall  f1-score   support\n\n           0       0.28      0.30      0.29       180\n           1       0.15      0.20      0.17       142\n           2       0.14      0.12      0.13       181\n           3       0.13      0.13      0.13       190\n           4       0.16      0.17      0.16       201\n           5       0.10      0.11      0.11       150\n           6       0.11      0.13      0.12       178\n           7       0.15      0.11      0.13       171\n           8       0.15      0.15      0.15       171\n           9       0.22      0.17      0.19       173\n\n    accuracy                           0.16      1737\n   macro avg       0.16      0.16      0.16      1737\nweighted avg       0.16      0.16      0.16      1737\n", "confusion_matrix": {"_type": "histogram", "values": [1, 2, 2, 7, 9, 1, 8, 6, 11, 11, 4, 11, 12, 1, 5, 1, 2, 2, 0, 2, 1, 0, 0, 0, 0, 0, 0, 0, 0, 0, 0, 1], "bins": [2.0, 3.625, 5.25, 6.875, 8.5, 10.125, 11.75, 13.375, 15.0, 16.625, 18.25, 19.875, 21.5, 23.125, 24.75, 26.375, 28.0, 29.625, 31.25, 32.875, 34.5, 36.125, 37.75, 39.375, 41.0, 42.625, 44.25, 45.875, 47.5, 49.125, 50.75, 52.375, 54.0]}, "_timestamp": 1682596098.660012, "_runtime": 5.253015041351318, "_step": 0, "_wandb": {"runtime": 3}}