{"accuracy": 0.17501439263097293, "classification_report": "              precision    recall  f1-score   support\n\n           0       0.22      0.67      0.34       180\n           1       0.16      0.03      0.05       142\n           2       0.09      0.02      0.03       181\n           3       0.14      0.22      0.17       190\n           4       0.10      0.04      0.06       201\n           5       0.12      0.01      0.02       150\n           6       0.13      0.19      0.15       178\n           7       0.28      0.05      0.09       171\n           8       0.16      0.13      0.15       171\n           9       0.19      0.33      0.24       173\n\n    accuracy                           0.18      1737\n   macro avg       0.16      0.17      0.13      1737\nweighted avg       0.16      0.18      0.13      1737\n", "confusion_matrix": {"_type": "histogram", "values": [28, 19, 7, 8, 0, 4, 4, 6, 10, 3, 2, 3, 0, 0, 1, 1, 1, 0, 1, 0, 1, 0, 0, 0, 0, 0, 0, 0, 0, 0, 0, 1], "bins": [0.0, 3.78125, 7.5625, 11.34375, 15.125, 18.90625, 22.6875, 26.46875, 30.25, 34.03125, 37.8125, 41.59375, 45.375, 49.15625, 52.9375, 56.71875, 60.5, 64.28125, 68.0625, 71.84375, 75.625, 79.40625, 83.1875, 86.96875, 90.75, 94.53125, 98.3125, 102.09375, 105.875, 109.65625, 113.4375, 117.21875, 121.0]}, "_timestamp": 1682681690.7624478, "_runtime": 2.4419658184051514, "_step": 0, "_wandb": {"runtime": 0}}