{"accuracy": 0.15947035118019573, "classification_report": "              precision    recall  f1-score   support\n\n           0       0.24      0.28      0.26       180\n           1       0.13      0.18      0.16       142\n           2       0.15      0.12      0.13       181\n           3       0.11      0.13      0.12       190\n           4       0.19      0.19      0.19       201\n           5       0.12      0.11      0.12       150\n           6       0.10      0.10      0.10       178\n           7       0.14      0.12      0.13       171\n           8       0.16      0.11      0.13       171\n           9       0.22      0.25      0.24       173\n\n    accuracy                           0.16      1737\n   macro avg       0.16      0.16      0.16      1737\nweighted avg       0.16      0.16      0.16      1737\n", "confusion_matrix": {"_type": "histogram", "values": [1, 1, 2, 5, 7, 5, 6, 6, 14, 7, 9, 4, 8, 1, 7, 2, 5, 1, 3, 1, 2, 0, 0, 0, 1, 0, 0, 0, 1, 0, 0, 1], "bins": [2.0, 3.5, 5.0, 6.5, 8.0, 9.5, 11.0, 12.5, 14.0, 15.5, 17.0, 18.5, 20.0, 21.5, 23.0, 24.5, 26.0, 27.5, 29.0, 30.5, 32.0, 33.5, 35.0, 36.5, 38.0, 39.5, 41.0, 42.5, 44.0, 45.5, 47.0, 48.5, 50.0]}, "_timestamp": 1682596286.6548648, "_runtime": 2.085115671157837, "_step": 0, "_wandb": {"runtime": 0}}