{"accuracy": 0.15544041450777202, "classification_report": "              precision    recall  f1-score   support\n\n           0       0.24      0.24      0.24       180\n           1       0.13      0.15      0.14       142\n           2       0.12      0.14      0.13       181\n           3       0.11      0.11      0.11       190\n           4       0.15      0.15      0.15       201\n           5       0.11      0.09      0.10       150\n           6       0.11      0.11      0.11       178\n           7       0.15      0.13      0.14       171\n           8       0.16      0.13      0.14       171\n           9       0.25      0.29      0.27       173\n\n    accuracy                           0.16      1737\n   macro avg       0.15      0.16      0.15      1737\nweighted avg       0.15      0.16      0.15      1737\n", "confusion_matrix": {"_type": "histogram", "values": [3, 3, 5, 4, 7, 4, 12, 1, 11, 8, 8, 10, 6, 5, 4, 1, 2, 1, 2, 0, 0, 0, 0, 0, 0, 0, 0, 1, 0, 0, 0, 2], "bins": [4.0, 5.4375, 6.875, 8.3125, 9.75, 11.1875, 12.625, 14.0625, 15.5, 16.9375, 18.375, 19.8125, 21.25, 22.6875, 24.125, 25.5625, 27.0, 28.4375, 29.875, 31.3125, 32.75, 34.1875, 35.625, 37.0625, 38.5, 39.9375, 41.375, 42.8125, 44.25, 45.6875, 47.125, 48.5625, 50.0]}, "_timestamp": 1682603397.929918, "_runtime": 9.73056697845459, "_step": 0, "_wandb": {"runtime": 8}}