{"accuracy": 0.14162348877374784, "classification_report": "              precision    recall  f1-score   support\n\n           0       0.26      0.07      0.11       180\n           1       0.09      0.82      0.16       142\n           2       0.23      0.10      0.14       181\n           3       0.41      0.05      0.08       190\n           4       0.30      0.07      0.11       201\n           5       0.24      0.03      0.05       150\n           6       0.20      0.11      0.14       178\n           7       0.23      0.13      0.17       171\n           8       0.46      0.10      0.16       171\n           9       0.45      0.08      0.14       173\n\n    accuracy                           0.14      1737\n   macro avg       0.29      0.15      0.13      1737\nweighted avg       0.29      0.14      0.13      1737\n", "confusion_matrix": {"_type": "histogram", "values": [49, 25, 10, 3, 3, 0, 0, 0, 0, 0, 0, 0, 0, 0, 0, 0, 0, 0, 0, 0, 0, 0, 1, 0, 1, 2, 1, 0, 2, 0, 1, 2], "bins": [0.0, 4.59375, 9.1875, 13.78125, 18.375, 22.96875, 27.5625, 32.15625, 36.75, 41.34375, 45.9375, 50.53125, 55.125, 59.71875, 64.3125, 68.90625, 73.5, 78.09375, 82.6875, 87.28125, 91.875, 96.46875, 101.0625, 105.65625, 110.25, 114.84375, 119.4375, 124.03125, 128.625, 133.21875, 137.8125, 142.40625, 147.0]}, "_timestamp": 1682653589.284847, "_runtime": 9.484580039978027, "_step": 0, "_wandb": {"runtime": 7}}