{"accuracy": 0.08981001727115717, "classification_report": "              precision    recall  f1-score   support\n\n           0       0.01      0.01      0.01       180\n           1       0.03      0.03      0.03       142\n           2       0.06      0.10      0.08       181\n           3       0.10      0.16      0.12       190\n           4       0.15      0.11      0.13       201\n           5       0.08      0.10      0.09       150\n           6       0.05      0.04      0.05       178\n           7       0.19      0.16      0.18       171\n           8       0.11      0.14      0.12       171\n           9       0.05      0.02      0.03       173\n\n    accuracy                           0.09      1737\n   macro avg       0.08      0.09      0.08      1737\nweighted avg       0.09      0.09      0.09      1737\n", "confusion_matrix": {"_type": "histogram", "values": [9, 15, 12, 8, 13, 10, 8, 8, 6, 3, 2, 1, 0, 3, 0, 0, 1, 0, 0, 0, 0, 0, 0, 0, 0, 0, 0, 0, 0, 0, 0, 1], "bins": [1.0, 4.1875, 7.375, 10.5625, 13.75, 16.9375, 20.125, 23.3125, 26.5, 29.6875, 32.875, 36.0625, 39.25, 42.4375, 45.625, 48.8125, 52.0, 55.1875, 58.375, 61.5625, 64.75, 67.9375, 71.125, 74.3125, 77.5, 80.6875, 83.875, 87.0625, 90.25, 93.4375, 96.625, 99.8125, 103.0]}, "_timestamp": 1682774965.7335129, "_runtime": 38.77066397666931, "_step": 0, "_wandb": {"runtime": 37}}