{"accuracy": 0.15025906735751296, "classification_report": "              precision    recall  f1-score   support\n\n           0       0.35      0.22      0.27       180\n           1       0.09      0.68      0.16       142\n           2       0.10      0.06      0.07       181\n           3       0.22      0.06      0.09       190\n           4       0.26      0.10      0.15       201\n           5       0.16      0.02      0.04       150\n           6       0.20      0.09      0.12       178\n           7       0.16      0.08      0.10       171\n           8       0.23      0.08      0.12       171\n           9       0.44      0.21      0.29       173\n\n    accuracy                           0.15      1737\n   macro avg       0.22      0.16      0.14      1737\nweighted avg       0.23      0.15      0.14      1737\n", "confusion_matrix": {"_type": "histogram", "values": [31, 31, 16, 7, 3, 0, 0, 0, 1, 1, 0, 0, 0, 0, 0, 0, 0, 0, 0, 0, 1, 1, 3, 0, 0, 1, 1, 0, 2, 0, 0, 1], "bins": [0.0, 4.28125, 8.5625, 12.84375, 17.125, 21.40625, 25.6875, 29.96875, 34.25, 38.53125, 42.8125, 47.09375, 51.375, 55.65625, 59.9375, 64.21875, 68.5, 72.78125, 77.0625, 81.34375, 85.625, 89.90625, 94.1875, 98.46875, 102.75, 107.03125, 111.3125, 115.59375, 119.875, 124.15625, 128.4375, 132.71875, 137.0]}, "_timestamp": 1682653575.4382222, "_runtime": 2.347750186920166, "_step": 0, "_wandb": {"runtime": 0}}