{"accuracy": 0.10074841681059298, "classification_report": "              precision    recall  f1-score   support\n\n           0       0.06      0.04      0.05       180\n           1       0.02      0.06      0.03       142\n           2       0.15      0.39      0.22       181\n           3       0.16      0.15      0.15       190\n           4       0.24      0.04      0.07       201\n           5       0.09      0.36      0.15       150\n           6       0.00      0.00      0.00       178\n           7       0.00      0.00      0.00       171\n           8       0.00      0.00      0.00       171\n           9       0.00      0.00      0.00       173\n\n    accuracy                           0.10      1737\n   macro avg       0.07      0.10      0.07      1737\nweighted avg       0.08      0.10      0.07      1737\n", "confusion_matrix": {"_type": "histogram", "values": [47, 7, 5, 4, 5, 6, 1, 4, 1, 1, 2, 2, 0, 2, 1, 2, 2, 2, 0, 2, 1, 0, 0, 0, 1, 1, 0, 0, 0, 0, 0, 1], "bins": [0.0, 3.625, 7.25, 10.875, 14.5, 18.125, 21.75, 25.375, 29.0, 32.625, 36.25, 39.875, 43.5, 47.125, 50.75, 54.375, 58.0, 61.625, 65.25, 68.875, 72.5, 76.125, 79.75, 83.375, 87.0, 90.625, 94.25, 97.875, 101.5, 105.125, 108.75, 112.375, 116.0]}, "_timestamp": 1682841651.542377, "_runtime": 56.99983596801758, "_step": 0, "_wandb": {"runtime": 55}}