{"accuracy": 0.16753022452504318, "classification_report": "              precision    recall  f1-score   support\n\n           0       0.42      0.36      0.39       180\n           1       0.10      0.11      0.11       142\n           2       0.11      0.11      0.11       181\n           3       0.14      0.16      0.15       190\n           4       0.16      0.12      0.14       201\n           5       0.12      0.10      0.11       150\n           6       0.12      0.16      0.14       178\n           7       0.14      0.13      0.14       171\n           8       0.14      0.15      0.14       171\n           9       0.26      0.25      0.26       173\n\n    accuracy                           0.17      1737\n   macro avg       0.17      0.17      0.17      1737\nweighted avg       0.17      0.17      0.17      1737\n", "confusion_matrix": {"_type": "histogram", "values": [3, 4, 4, 8, 8, 9, 11, 10, 9, 5, 5, 7, 4, 5, 4, 1, 1, 0, 0, 0, 0, 1, 0, 0, 0, 0, 0, 0, 0, 0, 0, 1], "bins": [2.0, 3.96875, 5.9375, 7.90625, 9.875, 11.84375, 13.8125, 15.78125, 17.75, 19.71875, 21.6875, 23.65625, 25.625, 27.59375, 29.5625, 31.53125, 33.5, 35.46875, 37.4375, 39.40625, 41.375, 43.34375, 45.3125, 47.28125, 49.25, 51.21875, 53.1875, 55.15625, 57.125, 59.09375, 61.0625, 63.03125, 65.0]}, "_timestamp": 1682687087.676797, "_runtime": 46.45575499534607, "_step": 0, "_wandb": {"runtime": 43}}