{"accuracy": 0.19170984455958548, "classification_report": "              precision    recall  f1-score   support\n\n           0       0.33      0.44      0.37       180\n           1       0.13      0.15      0.14       142\n           2       0.14      0.14      0.14       181\n           3       0.19      0.22      0.20       190\n           4       0.14      0.15      0.15       201\n           5       0.16      0.08      0.11       150\n           6       0.14      0.19      0.16       178\n           7       0.17      0.11      0.13       171\n           8       0.19      0.14      0.16       171\n           9       0.25      0.28      0.26       173\n\n    accuracy                           0.19      1737\n   macro avg       0.19      0.19      0.18      1737\nweighted avg       0.19      0.19      0.19      1737\n", "confusion_matrix": {"_type": "histogram", "values": [4, 7, 12, 7, 11, 8, 13, 7, 5, 11, 0, 3, 3, 3, 2, 0, 2, 0, 0, 1, 0, 0, 0, 0, 0, 0, 0, 0, 0, 0, 0, 1], "bins": [1.0, 3.4375, 5.875, 8.3125, 10.75, 13.1875, 15.625, 18.0625, 20.5, 22.9375, 25.375, 27.8125, 30.25, 32.6875, 35.125, 37.5625, 40.0, 42.4375, 44.875, 47.3125, 49.75, 52.1875, 54.625, 57.0625, 59.5, 61.9375, 64.375, 66.8125, 69.25, 71.6875, 74.125, 76.5625, 79.0]}, "_timestamp": 1682687567.011144, "_runtime": 28.953999996185303, "_step": 0, "_wandb": {"runtime": 26}}