{"accuracy": 0.2135866436384571, "classification_report": "              precision    recall  f1-score   support\n\n           0       0.39      0.46      0.42       180\n           1       0.20      0.27      0.23       142\n           2       0.17      0.10      0.13       181\n           3       0.15      0.17      0.16       190\n           4       0.15      0.13      0.14       201\n           5       0.11      0.01      0.01       150\n           6       0.18      0.30      0.23       178\n           7       0.16      0.08      0.11       171\n           8       0.20      0.12      0.15       171\n           9       0.24      0.50      0.32       173\n\n    accuracy                           0.21      1737\n   macro avg       0.20      0.21      0.19      1737\nweighted avg       0.20      0.21      0.19      1737\n", "confusion_matrix": {"_type": "histogram", "values": [14, 8, 11, 9, 8, 9, 5, 7, 6, 1, 3, 5, 2, 2, 3, 0, 3, 0, 0, 0, 1, 1, 0, 0, 0, 0, 0, 0, 0, 0, 1, 1], "bins": [0.0, 2.6875, 5.375, 8.0625, 10.75, 13.4375, 16.125, 18.8125, 21.5, 24.1875, 26.875, 29.5625, 32.25, 34.9375, 37.625, 40.3125, 43.0, 45.6875, 48.375, 51.0625, 53.75, 56.4375, 59.125, 61.8125, 64.5, 67.1875, 69.875, 72.5625, 75.25, 77.9375, 80.625, 83.3125, 86.0]}, "_timestamp": 1682652151.88271, "_runtime": 9.387830972671509, "_step": 0, "_wandb": {"runtime": 8}}