{"accuracy": 0.2118595279217041, "classification_report": "              precision    recall  f1-score   support\n\n           0       0.35      0.44      0.39       180\n           1       0.18      0.18      0.18       142\n           2       0.18      0.13      0.15       181\n           3       0.15      0.27      0.19       190\n           4       0.18      0.10      0.13       201\n           5       0.00      0.00      0.00       150\n           6       0.17      0.26      0.21       178\n           7       0.20      0.12      0.15       171\n           8       0.19      0.09      0.12       171\n           9       0.26      0.50      0.34       173\n\n    accuracy                           0.21      1737\n   macro avg       0.19      0.21      0.19      1737\nweighted avg       0.19      0.21      0.19      1737\n", "confusion_matrix": {"_type": "histogram", "values": [16, 5, 9, 9, 14, 9, 5, 4, 5, 3, 2, 4, 4, 1, 2, 2, 1, 0, 2, 0, 1, 0, 0, 0, 0, 0, 0, 0, 0, 1, 0, 1], "bins": [0.0, 2.71875, 5.4375, 8.15625, 10.875, 13.59375, 16.3125, 19.03125, 21.75, 24.46875, 27.1875, 29.90625, 32.625, 35.34375, 38.0625, 40.78125, 43.5, 46.21875, 48.9375, 51.65625, 54.375, 57.09375, 59.8125, 62.53125, 65.25, 67.96875, 70.6875, 73.40625, 76.125, 78.84375, 81.5625, 84.28125, 87.0]}, "_timestamp": 1682686427.405511, "_runtime": 5.58549690246582, "_step": 0, "_wandb": {"runtime": 3}}