{"accuracy": 0.21761658031088082, "classification_report": "              precision    recall  f1-score   support\n\n           0       0.37      0.49      0.42       180\n           1       0.15      0.20      0.17       142\n           2       0.22      0.19      0.20       181\n           3       0.17      0.15      0.16       190\n           4       0.16      0.13      0.14       201\n           5       0.13      0.08      0.10       150\n           6       0.17      0.21      0.19       178\n           7       0.17      0.13      0.15       171\n           8       0.22      0.16      0.19       171\n           9       0.31      0.41      0.35       173\n\n    accuracy                           0.22      1737\n   macro avg       0.21      0.22      0.21      1737\nweighted avg       0.21      0.22      0.21      1737\n", "confusion_matrix": {"_type": "histogram", "values": [5, 6, 14, 15, 8, 13, 8, 8, 2, 7, 4, 1, 3, 2, 2, 0, 0, 0, 0, 0, 0, 0, 0, 0, 0, 1, 0, 0, 0, 0, 0, 1], "bins": [1.0, 3.71875, 6.4375, 9.15625, 11.875, 14.59375, 17.3125, 20.03125, 22.75, 25.46875, 28.1875, 30.90625, 33.625, 36.34375, 39.0625, 41.78125, 44.5, 47.21875, 49.9375, 52.65625, 55.375, 58.09375, 60.8125, 63.53125, 66.25, 68.96875, 71.6875, 74.40625, 77.125, 79.84375, 82.5625, 85.28125, 88.0]}, "_timestamp": 1682693466.5769799, "_runtime": 28.252014875411987, "_step": 0, "_wandb": {"runtime": 26}}