{"accuracy": 0.16637881404720783, "classification_report": "              precision    recall  f1-score   support\n\n           0       0.32      0.22      0.26       180\n           1       0.12      0.50      0.20       142\n           2       0.11      0.08      0.09       181\n           3       0.14      0.09      0.11       190\n           4       0.21      0.12      0.16       201\n           5       0.16      0.08      0.11       150\n           6       0.17      0.15      0.16       178\n           7       0.19      0.09      0.12       171\n           8       0.17      0.15      0.16       171\n           9       0.21      0.24      0.22       173\n\n    accuracy                           0.17      1737\n   macro avg       0.18      0.17      0.16      1737\nweighted avg       0.18      0.17      0.16      1737\n", "confusion_matrix": {"_type": "histogram", "values": [11, 12, 13, 15, 16, 11, 5, 3, 1, 2, 1, 0, 4, 0, 0, 1, 0, 0, 1, 0, 0, 0, 2, 0, 0, 1, 0, 0, 0, 0, 0, 1], "bins": [1.0, 4.15625, 7.3125, 10.46875, 13.625, 16.78125, 19.9375, 23.09375, 26.25, 29.40625, 32.5625, 35.71875, 38.875, 42.03125, 45.1875, 48.34375, 51.5, 54.65625, 57.8125, 60.96875, 64.125, 67.28125, 70.4375, 73.59375, 76.75, 79.90625, 83.0625, 86.21875, 89.375, 92.53125, 95.6875, 98.84375, 102.0]}, "_timestamp": 1682681984.961878, "_runtime": 4.378496170043945, "_step": 0, "_wandb": {"runtime": 1}}