{"accuracy": 0.23661485319516407, "classification_report": "              precision    recall  f1-score   support\n\n           0       0.43      0.41      0.42       180\n           1       0.24      0.28      0.26       142\n           2       0.20      0.19      0.20       181\n           3       0.16      0.14      0.15       190\n           4       0.20      0.16      0.18       201\n           5       0.17      0.14      0.15       150\n           6       0.24      0.25      0.25       178\n           7       0.21      0.23      0.22       171\n           8       0.19      0.20      0.20       171\n           9       0.29      0.36      0.32       173\n\n    accuracy                           0.24      1737\n   macro avg       0.23      0.24      0.23      1737\nweighted avg       0.23      0.24      0.23      1737\n", "confusion_matrix": {"_type": "histogram", "values": [4, 11, 9, 7, 6, 8, 9, 11, 9, 4, 7, 1, 1, 2, 5, 1, 1, 1, 0, 1, 0, 0, 0, 0, 0, 0, 0, 1, 0, 0, 0, 1], "bins": [1.0, 3.28125, 5.5625, 7.84375, 10.125, 12.40625, 14.6875, 16.96875, 19.25, 21.53125, 23.8125, 26.09375, 28.375, 30.65625, 32.9375, 35.21875, 37.5, 39.78125, 42.0625, 44.34375, 46.625, 48.90625, 51.1875, 53.46875, 55.75, 58.03125, 60.3125, 62.59375, 64.875, 67.15625, 69.4375, 71.71875, 74.0]}, "_timestamp": 1682592331.737922, "_runtime": 6.676458835601807, "_step": 0, "_wandb": {"runtime": 5}}