{"accuracy": 0.23949337938975246, "classification_report": "              precision    recall  f1-score   support\n\n           0       0.44      0.61      0.51       180\n           1       0.15      0.13      0.14       142\n           2       0.20      0.17      0.18       181\n           3       0.18      0.28      0.22       190\n           4       0.22      0.12      0.16       201\n           5       1.00      0.01      0.01       150\n           6       0.16      0.30      0.21       178\n           7       0.23      0.10      0.14       171\n           8       0.21      0.09      0.13       171\n           9       0.30      0.52      0.38       173\n\n    accuracy                           0.24      1737\n   macro avg       0.31      0.23      0.21      1737\nweighted avg       0.30      0.24      0.21      1737\n", "confusion_matrix": {"_type": "histogram", "values": [18, 12, 16, 7, 9, 7, 8, 4, 4, 2, 2, 1, 1, 1, 2, 3, 1, 0, 0, 0, 0, 0, 0, 0, 0, 0, 1, 0, 0, 0, 0, 1], "bins": [0.0, 3.4375, 6.875, 10.3125, 13.75, 17.1875, 20.625, 24.0625, 27.5, 30.9375, 34.375, 37.8125, 41.25, 44.6875, 48.125, 51.5625, 55.0, 58.4375, 61.875, 65.3125, 68.75, 72.1875, 75.625, 79.0625, 82.5, 85.9375, 89.375, 92.8125, 96.25, 99.6875, 103.125, 106.5625, 110.0]}, "_timestamp": 1682693796.7137952, "_runtime": 34.67314624786377, "_step": 0, "_wandb": {"runtime": 32}}