{"accuracy": 0.15947035118019573, "classification_report": "              precision    recall  f1-score   support\n\n           0       0.32      0.37      0.34       180\n           1       0.14      0.18      0.16       142\n           2       0.13      0.08      0.10       181\n           3       0.13      0.14      0.13       190\n           4       0.11      0.11      0.11       201\n           5       0.10      0.05      0.07       150\n           6       0.14      0.22      0.18       178\n           7       0.11      0.13      0.12       171\n           8       0.16      0.10      0.12       171\n           9       0.23      0.18      0.20       173\n\n    accuracy                           0.16      1737\n   macro avg       0.16      0.16      0.15      1737\nweighted avg       0.16      0.16      0.15      1737\n", "confusion_matrix": {"_type": "histogram", "values": [2, 5, 10, 8, 4, 11, 8, 8, 9, 5, 7, 3, 8, 2, 4, 1, 2, 0, 2, 0, 0, 0, 0, 0, 0, 0, 0, 0, 0, 0, 0, 1], "bins": [1.0, 3.0625, 5.125, 7.1875, 9.25, 11.3125, 13.375, 15.4375, 17.5, 19.5625, 21.625, 23.6875, 25.75, 27.8125, 29.875, 31.9375, 34.0, 36.0625, 38.125, 40.1875, 42.25, 44.3125, 46.375, 48.4375, 50.5, 52.5625, 54.625, 56.6875, 58.75, 60.8125, 62.875, 64.9375, 67.0]}, "_timestamp": 1682602961.878111, "_runtime": 2.081340789794922, "_step": 0, "_wandb": {"runtime": 0}}