{"accuracy": 0.15947035118019573, "classification_report": "              precision    recall  f1-score   support\n\n           0       0.27      0.32      0.29       180\n           1       0.12      0.19      0.15       142\n           2       0.10      0.10      0.10       181\n           3       0.12      0.11      0.12       190\n           4       0.18      0.15      0.17       201\n           5       0.12      0.11      0.12       150\n           6       0.13      0.11      0.12       178\n           7       0.11      0.08      0.09       171\n           8       0.19      0.18      0.19       171\n           9       0.21      0.23      0.22       173\n\n    accuracy                           0.16      1737\n   macro avg       0.16      0.16      0.16      1737\nweighted avg       0.16      0.16      0.16      1737\n", "confusion_matrix": {"_type": "histogram", "values": [2, 1, 5, 4, 0, 10, 11, 12, 10, 6, 11, 9, 7, 0, 3, 1, 3, 0, 1, 1, 0, 1, 0, 0, 0, 0, 1, 0, 0, 0, 0, 1], "bins": [1.0, 2.78125, 4.5625, 6.34375, 8.125, 9.90625, 11.6875, 13.46875, 15.25, 17.03125, 18.8125, 20.59375, 22.375, 24.15625, 25.9375, 27.71875, 29.5, 31.28125, 33.0625, 34.84375, 36.625, 38.40625, 40.1875, 41.96875, 43.75, 45.53125, 47.3125, 49.09375, 50.875, 52.65625, 54.4375, 56.21875, 58.0]}, "_timestamp": 1682594452.707627, "_runtime": 3.959951162338257, "_step": 0, "_wandb": {"runtime": 0}}