{"accuracy": 0.15889464594127806, "classification_report": "              precision    recall  f1-score   support\n\n           0       0.25      0.27      0.26       180\n           1       0.13      0.17      0.15       142\n           2       0.13      0.14      0.13       181\n           3       0.13      0.13      0.13       190\n           4       0.16      0.15      0.16       201\n           5       0.11      0.11      0.11       150\n           6       0.15      0.13      0.14       178\n           7       0.15      0.13      0.14       171\n           8       0.14      0.12      0.13       171\n           9       0.23      0.23      0.23       173\n\n    accuracy                           0.16      1737\n   macro avg       0.16      0.16      0.16      1737\nweighted avg       0.16      0.16      0.16      1737\n", "confusion_matrix": {"_type": "histogram", "values": [2, 0, 2, 2, 6, 7, 12, 7, 5, 15, 3, 11, 5, 11, 2, 2, 1, 2, 2, 0, 0, 0, 0, 0, 0, 1, 0, 0, 0, 1, 0, 1], "bins": [3.0, 4.4375, 5.875, 7.3125, 8.75, 10.1875, 11.625, 13.0625, 14.5, 15.9375, 17.375, 18.8125, 20.25, 21.6875, 23.125, 24.5625, 26.0, 27.4375, 28.875, 30.3125, 31.75, 33.1875, 34.625, 36.0625, 37.5, 38.9375, 40.375, 41.8125, 43.25, 44.6875, 46.125, 47.5625, 49.0]}, "_timestamp": 1682603355.5037062, "_runtime": 9.882204294204712, "_step": 0, "_wandb": {"runtime": 8}}