{"accuracy": 0.08405296488198043, "classification_report": "              precision    recall  f1-score   support\n\n           0       0.06      0.04      0.05       180\n           1       0.05      0.13      0.07       142\n           2       0.14      0.13      0.13       181\n           3       0.07      0.12      0.09       190\n           4       0.16      0.25      0.20       201\n           5       0.05      0.15      0.07       150\n           6       0.00      0.00      0.00       178\n           7       0.00      0.00      0.00       171\n           8       0.00      0.00      0.00       171\n           9       0.00      0.00      0.00       173\n\n    accuracy                           0.08      1737\n   macro avg       0.05      0.08      0.06      1737\nweighted avg       0.06      0.08      0.06      1737\n", "confusion_matrix": {"_type": "histogram", "values": [40, 4, 7, 3, 7, 6, 7, 4, 7, 2, 3, 0, 1, 2, 2, 1, 0, 1, 0, 1, 1, 0, 0, 0, 0, 0, 0, 0, 0, 0, 0, 1], "bins": [0.0, 3.78125, 7.5625, 11.34375, 15.125, 18.90625, 22.6875, 26.46875, 30.25, 34.03125, 37.8125, 41.59375, 45.375, 49.15625, 52.9375, 56.71875, 60.5, 64.28125, 68.0625, 71.84375, 75.625, 79.40625, 83.1875, 86.96875, 90.75, 94.53125, 98.3125, 102.09375, 105.875, 109.65625, 113.4375, 117.21875, 121.0]}, "_timestamp": 1682772942.735109, "_runtime": 3.3276290893554688, "_step": 0, "_wandb": {"runtime": 1}}