{"accuracy": 0.15889464594127806, "classification_report": "              precision    recall  f1-score   support\n\n           0       0.23      0.22      0.22       180\n           1       0.15      0.20      0.17       142\n           2       0.12      0.12      0.12       181\n           3       0.16      0.14      0.15       190\n           4       0.18      0.19      0.18       201\n           5       0.12      0.09      0.11       150\n           6       0.12      0.17      0.14       178\n           7       0.17      0.15      0.16       171\n           8       0.14      0.11      0.13       171\n           9       0.22      0.20      0.21       173\n\n    accuracy                           0.16      1737\n   macro avg       0.16      0.16      0.16      1737\nweighted avg       0.16      0.16      0.16      1737\n", "confusion_matrix": {"_type": "histogram", "values": [1, 2, 2, 3, 4, 3, 3, 5, 13, 4, 5, 8, 7, 2, 5, 1, 8, 4, 2, 4, 0, 3, 1, 1, 3, 1, 0, 2, 0, 0, 0, 3], "bins": [3.0, 4.125, 5.25, 6.375, 7.5, 8.625, 9.75, 10.875, 12.0, 13.125, 14.25, 15.375, 16.5, 17.625, 18.75, 19.875, 21.0, 22.125, 23.25, 24.375, 25.5, 26.625, 27.75, 28.875, 30.0, 31.125, 32.25, 33.375, 34.5, 35.625, 36.75, 37.875, 39.0]}, "_timestamp": 1682603031.047672, "_runtime": 1.996230125427246, "_step": 0, "_wandb": {"runtime": 0}}