{"accuracy": 0.16177317213586645, "classification_report": "              precision    recall  f1-score   support\n\n           0       0.30      0.15      0.20       180\n           1       0.13      0.20      0.16       142\n           2       0.16      0.15      0.16       181\n           3       0.14      0.18      0.16       190\n           4       0.16      0.11      0.13       201\n           5       0.10      0.06      0.08       150\n           6       0.16      0.16      0.16       178\n           7       0.12      0.15      0.14       171\n           8       0.15      0.16      0.15       171\n           9       0.26      0.28      0.27       173\n\n    accuracy                           0.16      1737\n   macro avg       0.17      0.16      0.16      1737\nweighted avg       0.17      0.16      0.16      1737\n", "confusion_matrix": {"_type": "histogram", "values": [5, 3, 7, 5, 12, 7, 10, 4, 5, 2, 9, 2, 7, 4, 4, 4, 1, 2, 2, 0, 1, 2, 0, 0, 0, 0, 1, 0, 0, 0, 0, 1], "bins": [2.0, 3.75, 5.5, 7.25, 9.0, 10.75, 12.5, 14.25, 16.0, 17.75, 19.5, 21.25, 23.0, 24.75, 26.5, 28.25, 30.0, 31.75, 33.5, 35.25, 37.0, 38.75, 40.5, 42.25, 44.0, 45.75, 47.5, 49.25, 51.0, 52.75, 54.5, 56.25, 58.0]}, "_timestamp": 1682686659.182432, "_runtime": 20.43711495399475, "_step": 0, "_wandb": {"runtime": 18}}