{"accuracy": 0.17674150834772595, "classification_report": "              precision    recall  f1-score   support\n\n           0       0.40      0.22      0.28       180\n           1       0.15      0.06      0.08       142\n           2       0.00      0.00      0.00       181\n           3       0.13      0.59      0.22       190\n           4       1.00      0.01      0.02       201\n           5       0.00      0.00      0.00       150\n           6       0.16      0.16      0.16       178\n           7       0.00      0.00      0.00       171\n           8       0.17      0.36      0.23       171\n           9       0.30      0.32      0.31       173\n\n    accuracy                           0.18      1737\n   macro avg       0.23      0.17      0.13      1737\nweighted avg       0.25      0.18      0.13      1737\n", "confusion_matrix": {"_type": "histogram", "values": [50, 11, 1, 5, 1, 7, 1, 3, 2, 1, 1, 3, 0, 1, 3, 1, 0, 1, 0, 1, 1, 0, 0, 1, 0, 0, 1, 0, 0, 1, 1, 2], "bins": [0.0, 3.53125, 7.0625, 10.59375, 14.125, 17.65625, 21.1875, 24.71875, 28.25, 31.78125, 35.3125, 38.84375, 42.375, 45.90625, 49.4375, 52.96875, 56.5, 60.03125, 63.5625, 67.09375, 70.625, 74.15625, 77.6875, 81.21875, 84.75, 88.28125, 91.8125, 95.34375, 98.875, 102.40625, 105.9375, 109.46875, 113.0]}, "_timestamp": 1682681406.930177, "_runtime": 2.1176249980926514, "_step": 0, "_wandb": {"runtime": 0}}