{"accuracy": 0.17904432930339667, "classification_report": "              precision    recall  f1-score   support\n\n           0       0.19      0.90      0.31       180\n           1       0.00      0.00      0.00       142\n           2       0.08      0.04      0.05       181\n           3       0.11      0.13      0.12       190\n           4       0.33      0.01      0.03       201\n           5       0.00      0.00      0.00       150\n           6       0.14      0.18      0.16       178\n           7       0.00      0.00      0.00       171\n           8       0.18      0.15      0.17       171\n           9       0.28      0.33      0.30       173\n\n    accuracy                           0.18      1737\n   macro avg       0.13      0.17      0.11      1737\nweighted avg       0.14      0.18      0.12      1737\n", "confusion_matrix": {"_type": "histogram", "values": [44, 13, 10, 4, 7, 5, 4, 2, 2, 0, 0, 1, 3, 0, 0, 0, 0, 1, 0, 0, 0, 2, 0, 1, 0, 0, 0, 0, 0, 0, 0, 1], "bins": [0.0, 5.0625, 10.125, 15.1875, 20.25, 25.3125, 30.375, 35.4375, 40.5, 45.5625, 50.625, 55.6875, 60.75, 65.8125, 70.875, 75.9375, 81.0, 86.0625, 91.125, 96.1875, 101.25, 106.3125, 111.375, 116.4375, 121.5, 126.5625, 131.625, 136.6875, 141.75, 146.8125, 151.875, 156.9375, 162.0]}, "_timestamp": 1682682077.437994, "_runtime": 2.9384920597076416, "_step": 0, "_wandb": {"runtime": 0}}