{"accuracy": 0.17271157167530224, "classification_report": "              precision    recall  f1-score   support\n\n           0       0.29      0.37      0.33       180\n           1       0.12      0.17      0.14       142\n           2       0.15      0.18      0.16       181\n           3       0.15      0.15      0.15       190\n           4       0.16      0.10      0.13       201\n           5       0.11      0.07      0.08       150\n           6       0.16      0.21      0.18       178\n           7       0.17      0.10      0.13       171\n           8       0.14      0.10      0.12       171\n           9       0.20      0.27      0.23       173\n\n    accuracy                           0.17      1737\n   macro avg       0.17      0.17      0.16      1737\nweighted avg       0.17      0.17      0.17      1737\n", "confusion_matrix": {"_type": "histogram", "values": [7, 3, 7, 17, 10, 10, 6, 7, 6, 4, 6, 2, 4, 1, 2, 3, 3, 0, 0, 0, 0, 1, 0, 0, 0, 0, 0, 0, 0, 0, 0, 1], "bins": [4.0, 5.96875, 7.9375, 9.90625, 11.875, 13.84375, 15.8125, 17.78125, 19.75, 21.71875, 23.6875, 25.65625, 27.625, 29.59375, 31.5625, 33.53125, 35.5, 37.46875, 39.4375, 41.40625, 43.375, 45.34375, 47.3125, 49.28125, 51.25, 53.21875, 55.1875, 57.15625, 59.125, 61.09375, 63.0625, 65.03125, 67.0]}, "_timestamp": 1682596719.3545952, "_runtime": 1.848757266998291, "_step": 0, "_wandb": {"runtime": 0}}