{"accuracy": 0.10305123776626367, "classification_report": "              precision    recall  f1-score   support\n\n           0       0.01      0.02      0.02       180\n           1       0.16      0.56      0.25       142\n           2       0.09      0.24      0.13       181\n           3       0.11      0.27      0.16       190\n           4       0.00      0.00      0.00       201\n           5       0.00      0.00      0.00       150\n           6       0.00      0.00      0.00       178\n           7       0.00      0.00      0.00       171\n           8       0.00      0.00      0.00       171\n           9       0.00      0.00      0.00       173\n\n    accuracy                           0.10      1737\n   macro avg       0.04      0.11      0.06      1737\nweighted avg       0.04      0.10      0.05      1737\n", "confusion_matrix": {"_type": "histogram", "values": [60, 1, 0, 4, 2, 1, 5, 2, 1, 4, 1, 3, 5, 0, 3, 0, 2, 1, 1, 1, 2, 0, 0, 0, 0, 0, 0, 0, 0, 0, 0, 1], "bins": [0.0, 4.0, 8.0, 12.0, 16.0, 20.0, 24.0, 28.0, 32.0, 36.0, 40.0, 44.0, 48.0, 52.0, 56.0, 60.0, 64.0, 68.0, 72.0, 76.0, 80.0, 84.0, 88.0, 92.0, 96.0, 100.0, 104.0, 108.0, 112.0, 116.0, 120.0, 124.0, 128.0]}, "_timestamp": 1682774180.2479858, "_runtime": 2.8214967250823975, "_step": 0, "_wandb": {"runtime": 1}}