{"accuracy": 0.16868163500287853, "classification_report": "              precision    recall  f1-score   support\n\n           0       0.27      0.25      0.26       180\n           1       0.15      0.15      0.15       142\n           2       0.13      0.09      0.11       181\n           3       0.16      0.11      0.13       190\n           4       0.13      0.51      0.20       201\n           5       0.22      0.10      0.14       150\n           6       0.20      0.10      0.13       178\n           7       0.22      0.10      0.14       171\n           8       0.22      0.06      0.10       171\n           9       0.32      0.15      0.20       173\n\n    accuracy                           0.17      1737\n   macro avg       0.20      0.16      0.16      1737\nweighted avg       0.20      0.17      0.16      1737\n", "confusion_matrix": {"_type": "histogram", "values": [13, 18, 15, 15, 11, 10, 4, 1, 2, 0, 0, 0, 0, 1, 0, 0, 0, 0, 1, 0, 1, 0, 2, 0, 0, 1, 1, 2, 1, 0, 0, 1], "bins": [0.0, 3.21875, 6.4375, 9.65625, 12.875, 16.09375, 19.3125, 22.53125, 25.75, 28.96875, 32.1875, 35.40625, 38.625, 41.84375, 45.0625, 48.28125, 51.5, 54.71875, 57.9375, 61.15625, 64.375, 67.59375, 70.8125, 74.03125, 77.25, 80.46875, 83.6875, 86.90625, 90.125, 93.34375, 96.5625, 99.78125, 103.0]}, "_timestamp": 1682653269.4153569, "_runtime": 2.178510904312134, "_step": 0, "_wandb": {"runtime": 0}}