{"accuracy": 0.16868163500287853, "classification_report": "              precision    recall  f1-score   support\n\n           0       0.32      0.28      0.30       180\n           1       0.15      0.13      0.14       142\n           2       0.16      0.06      0.08       181\n           3       0.14      0.41      0.21       190\n           4       0.16      0.16      0.16       201\n           5       0.06      0.01      0.02       150\n           6       0.13      0.17      0.15       178\n           7       0.07      0.02      0.03       171\n           8       0.16      0.11      0.13       171\n           9       0.26      0.28      0.27       173\n\n    accuracy                           0.17      1737\n   macro avg       0.16      0.16      0.15      1737\nweighted avg       0.16      0.17      0.15      1737\n", "confusion_matrix": {"_type": "histogram", "values": [8, 13, 14, 10, 9, 6, 5, 5, 4, 5, 0, 1, 2, 3, 3, 2, 0, 0, 2, 0, 2, 1, 0, 0, 1, 0, 0, 1, 0, 2, 0, 1], "bins": [0.0, 2.4375, 4.875, 7.3125, 9.75, 12.1875, 14.625, 17.0625, 19.5, 21.9375, 24.375, 26.8125, 29.25, 31.6875, 34.125, 36.5625, 39.0, 41.4375, 43.875, 46.3125, 48.75, 51.1875, 53.625, 56.0625, 58.5, 60.9375, 63.375, 65.8125, 68.25, 70.6875, 73.125, 75.5625, 78.0]}, "_timestamp": 1682681957.07983, "_runtime": 3.7323598861694336, "_step": 0, "_wandb": {"runtime": 0}}