{"accuracy": 0.19286125503742085, "classification_report": "              precision    recall  f1-score   support\n\n           0       0.25      0.64      0.36       180\n           1       0.17      0.08      0.11       142\n           2       0.14      0.11      0.12       181\n           3       0.16      0.18      0.17       190\n           4       0.15      0.16      0.15       201\n           5       0.15      0.06      0.09       150\n           6       0.19      0.23      0.21       178\n           7       0.14      0.12      0.13       171\n           8       0.23      0.09      0.13       171\n           9       0.24      0.21      0.22       173\n\n    accuracy                           0.19      1737\n   macro avg       0.18      0.19      0.17      1737\nweighted avg       0.18      0.19      0.17      1737\n", "confusion_matrix": {"_type": "histogram", "values": [12, 16, 7, 14, 11, 12, 11, 5, 3, 2, 1, 1, 1, 0, 1, 0, 1, 0, 1, 0, 0, 0, 0, 0, 0, 0, 0, 0, 0, 0, 0, 1], "bins": [0.0, 3.59375, 7.1875, 10.78125, 14.375, 17.96875, 21.5625, 25.15625, 28.75, 32.34375, 35.9375, 39.53125, 43.125, 46.71875, 50.3125, 53.90625, 57.5, 61.09375, 64.6875, 68.28125, 71.875, 75.46875, 79.0625, 82.65625, 86.25, 89.84375, 93.4375, 97.03125, 100.625, 104.21875, 107.8125, 111.40625, 115.0]}, "_timestamp": 1682682231.733736, "_runtime": 2.433925151824951, "_step": 0, "_wandb": {"runtime": 0}}