{"accuracy": 0.1732872769142199, "classification_report": "              precision    recall  f1-score   support\n\n           0       0.32      0.41      0.36       180\n           1       0.12      0.17      0.14       142\n           2       0.13      0.07      0.09       181\n           3       0.10      0.15      0.12       190\n           4       0.17      0.10      0.13       201\n           5       0.09      0.04      0.06       150\n           6       0.15      0.24      0.19       178\n           7       0.13      0.06      0.08       171\n           8       0.17      0.11      0.13       171\n           9       0.22      0.38      0.28       173\n\n    accuracy                           0.17      1737\n   macro avg       0.16      0.17      0.16      1737\nweighted avg       0.16      0.17      0.16      1737\n", "confusion_matrix": {"_type": "histogram", "values": [4, 7, 7, 15, 10, 11, 6, 4, 4, 5, 5, 0, 6, 1, 3, 2, 3, 1, 3, 1, 0, 0, 0, 0, 0, 0, 0, 0, 1, 0, 0, 1], "bins": [0.0, 2.3125, 4.625, 6.9375, 9.25, 11.5625, 13.875, 16.1875, 18.5, 20.8125, 23.125, 25.4375, 27.75, 30.0625, 32.375, 34.6875, 37.0, 39.3125, 41.625, 43.9375, 46.25, 48.5625, 50.875, 53.1875, 55.5, 57.8125, 60.125, 62.4375, 64.75, 67.0625, 69.375, 71.6875, 74.0]}, "_timestamp": 1682594944.315152, "_runtime": 2.5117969512939453, "_step": 0, "_wandb": {"runtime": 0}}