{"accuracy": 0.2251007484168106, "classification_report": "              precision    recall  f1-score   support\n\n           0       0.41      0.54      0.47       180\n           1       0.19      0.09      0.12       142\n           2       0.17      0.10      0.13       181\n           3       0.16      0.38      0.23       190\n           4       0.17      0.09      0.12       201\n           5       0.00      0.00      0.00       150\n           6       0.17      0.34      0.23       178\n           7       0.27      0.10      0.15       171\n           8       0.13      0.04      0.06       171\n           9       0.28      0.50      0.36       173\n\n    accuracy                           0.23      1737\n   macro avg       0.20      0.22      0.19      1737\nweighted avg       0.20      0.23      0.19      1737\n", "confusion_matrix": {"_type": "histogram", "values": [24, 14, 8, 8, 11, 3, 5, 3, 4, 0, 3, 1, 2, 1, 3, 1, 2, 1, 0, 2, 0, 1, 0, 1, 0, 0, 0, 0, 1, 0, 0, 1], "bins": [0.0, 3.0625, 6.125, 9.1875, 12.25, 15.3125, 18.375, 21.4375, 24.5, 27.5625, 30.625, 33.6875, 36.75, 39.8125, 42.875, 45.9375, 49.0, 52.0625, 55.125, 58.1875, 61.25, 64.3125, 67.375, 70.4375, 73.5, 76.5625, 79.625, 82.6875, 85.75, 88.8125, 91.875, 94.9375, 98.0]}, "_timestamp": 1682692015.643024, "_runtime": 5.195374965667725, "_step": 0, "_wandb": {"runtime": 4}}