{"accuracy": 0.22625215889464595, "classification_report": "              precision    recall  f1-score   support\n\n           0       0.39      0.48      0.43       180\n           1       0.23      0.36      0.28       142\n           2       0.16      0.19      0.18       181\n           3       0.18      0.15      0.17       190\n           4       0.21      0.16      0.18       201\n           5       0.11      0.07      0.08       150\n           6       0.20      0.20      0.20       178\n           7       0.17      0.15      0.16       171\n           8       0.19      0.18      0.19       171\n           9       0.31      0.33      0.32       173\n\n    accuracy                           0.23      1737\n   macro avg       0.22      0.23      0.22      1737\nweighted avg       0.22      0.23      0.22      1737\n", "confusion_matrix": {"_type": "histogram", "values": [3, 9, 8, 9, 21, 7, 7, 9, 4, 7, 5, 2, 1, 3, 0, 2, 0, 0, 1, 0, 0, 1, 0, 0, 0, 0, 0, 0, 0, 0, 0, 1], "bins": [0.0, 2.6875, 5.375, 8.0625, 10.75, 13.4375, 16.125, 18.8125, 21.5, 24.1875, 26.875, 29.5625, 32.25, 34.9375, 37.625, 40.3125, 43.0, 45.6875, 48.375, 51.0625, 53.75, 56.4375, 59.125, 61.8125, 64.5, 67.1875, 69.875, 72.5625, 75.25, 77.9375, 80.625, 83.3125, 86.0]}, "_timestamp": 1682592422.3699021, "_runtime": 6.975441217422485, "_step": 0, "_wandb": {"runtime": 5}}