{"accuracy": 0.1807714450201497, "classification_report": "              precision    recall  f1-score   support\n\n           0       0.32      0.51      0.39       180\n           1       0.08      0.06      0.07       142\n           2       0.20      0.07      0.11       181\n           3       0.11      0.11      0.11       190\n           4       0.13      0.29      0.18       201\n           5       0.00      0.00      0.00       150\n           6       0.14      0.08      0.10       178\n           7       0.00      0.00      0.00       171\n           8       0.16      0.03      0.05       171\n           9       0.21      0.59      0.31       173\n\n    accuracy                           0.18      1737\n   macro avg       0.13      0.17      0.13      1737\nweighted avg       0.14      0.18      0.14      1737\n", "confusion_matrix": {"_type": "histogram", "values": [29, 12, 9, 8, 8, 5, 3, 1, 4, 1, 2, 1, 3, 1, 2, 1, 4, 1, 1, 0, 0, 0, 0, 1, 0, 1, 0, 0, 1, 0, 0, 1], "bins": [0.0, 3.1875, 6.375, 9.5625, 12.75, 15.9375, 19.125, 22.3125, 25.5, 28.6875, 31.875, 35.0625, 38.25, 41.4375, 44.625, 47.8125, 51.0, 54.1875, 57.375, 60.5625, 63.75, 66.9375, 70.125, 73.3125, 76.5, 79.6875, 82.875, 86.0625, 89.25, 92.4375, 95.625, 98.8125, 102.0]}, "_timestamp": 1682596687.7383392, "_runtime": 1.9949102401733398, "_step": 0, "_wandb": {"runtime": 0}}