{"accuracy": 0.18652849740932642, "classification_report": "              precision    recall  f1-score   support\n\n           0       0.39      0.39      0.39       180\n           1       0.12      0.13      0.12       142\n           2       0.16      0.10      0.13       181\n           3       0.18      0.28      0.22       190\n           4       0.18      0.11      0.14       201\n           5       0.11      0.21      0.15       150\n           6       0.14      0.12      0.13       178\n           7       0.13      0.12      0.13       171\n           8       0.20      0.15      0.17       171\n           9       0.30      0.24      0.27       173\n\n    accuracy                           0.19      1737\n   macro avg       0.19      0.19      0.18      1737\nweighted avg       0.19      0.19      0.18      1737\n", "confusion_matrix": {"_type": "histogram", "values": [8, 8, 8, 11, 9, 4, 7, 6, 9, 8, 3, 2, 1, 2, 2, 4, 4, 1, 1, 0, 0, 0, 0, 0, 1, 0, 0, 0, 0, 0, 0, 1], "bins": [2.0, 4.125, 6.25, 8.375, 10.5, 12.625, 14.75, 16.875, 19.0, 21.125, 23.25, 25.375, 27.5, 29.625, 31.75, 33.875, 36.0, 38.125, 40.25, 42.375, 44.5, 46.625, 48.75, 50.875, 53.0, 55.125, 57.25, 59.375, 61.5, 63.625, 65.75, 67.875, 70.0]}, "_timestamp": 1682689875.312513, "_runtime": 52.72260308265686, "_step": 0, "_wandb": {"runtime": 51}}