{"accuracy": 0.25273459988485897, "classification_report": "              precision    recall  f1-score   support\n\n           0       0.43      0.46      0.44       180\n           1       0.18      0.20      0.19       142\n           2       0.25      0.25      0.25       181\n           3       0.19      0.27      0.22       190\n           4       0.20      0.16      0.18       201\n           5       0.18      0.07      0.10       150\n           6       0.19      0.24      0.21       178\n           7       0.22      0.18      0.20       171\n           8       0.31      0.20      0.24       171\n           9       0.33      0.49      0.39       173\n\n    accuracy                           0.25      1737\n   macro avg       0.25      0.25      0.24      1737\nweighted avg       0.25      0.25      0.24      1737\n", "confusion_matrix": {"_type": "histogram", "values": [5, 11, 7, 18, 9, 5, 11, 6, 5, 4, 4, 2, 2, 2, 2, 0, 2, 2, 0, 1, 0, 0, 0, 0, 0, 0, 0, 0, 0, 0, 0, 2], "bins": [0.0, 2.625, 5.25, 7.875, 10.5, 13.125, 15.75, 18.375, 21.0, 23.625, 26.25, 28.875, 31.5, 34.125, 36.75, 39.375, 42.0, 44.625, 47.25, 49.875, 52.5, 55.125, 57.75, 60.375, 63.0, 65.625, 68.25, 70.875, 73.5, 76.125, 78.75, 81.375, 84.0]}, "_timestamp": 1682693675.246171, "_runtime": 36.42657208442688, "_step": 0, "_wandb": {"runtime": 34}}