{"accuracy": 0.16119746689694875, "classification_report": "              precision    recall  f1-score   support\n\n           0       0.30      0.30      0.30       180\n           1       0.15      0.21      0.18       142\n           2       0.13      0.10      0.12       181\n           3       0.13      0.13      0.13       190\n           4       0.16      0.18      0.17       201\n           5       0.09      0.09      0.09       150\n           6       0.13      0.15      0.14       178\n           7       0.15      0.10      0.12       171\n           8       0.16      0.15      0.16       171\n           9       0.22      0.18      0.20       173\n\n    accuracy                           0.16      1737\n   macro avg       0.16      0.16      0.16      1737\nweighted avg       0.16      0.16      0.16      1737\n", "confusion_matrix": {"_type": "histogram", "values": [2, 1, 3, 9, 6, 0, 7, 8, 13, 11, 6, 10, 10, 1, 4, 2, 0, 1, 1, 1, 2, 0, 0, 1, 0, 0, 0, 0, 0, 0, 0, 1], "bins": [2.0, 3.625, 5.25, 6.875, 8.5, 10.125, 11.75, 13.375, 15.0, 16.625, 18.25, 19.875, 21.5, 23.125, 24.75, 26.375, 28.0, 29.625, 31.25, 32.875, 34.5, 36.125, 37.75, 39.375, 41.0, 42.625, 44.25, 45.875, 47.5, 49.125, 50.75, 52.375, 54.0]}, "_timestamp": 1682596088.4648042, "_runtime": 6.810043096542358, "_step": 0, "_wandb": {"runtime": 3}}