{"accuracy": 0.1629245826137018, "classification_report": "              precision    recall  f1-score   support\n\n           0       0.30      0.22      0.25       180\n           1       0.14      0.08      0.10       142\n           2       0.11      0.02      0.04       181\n           3       0.13      0.54      0.21       190\n           4       0.18      0.03      0.05       201\n           5       0.11      0.01      0.02       150\n           6       0.14      0.26      0.19       178\n           7       0.13      0.08      0.10       171\n           8       0.18      0.13      0.15       171\n           9       0.30      0.21      0.24       173\n\n    accuracy                           0.16      1737\n   macro avg       0.17      0.16      0.14      1737\nweighted avg       0.17      0.16      0.14      1737\n", "confusion_matrix": {"_type": "histogram", "values": [28, 19, 11, 8, 5, 2, 4, 2, 2, 0, 2, 3, 2, 1, 2, 0, 1, 0, 0, 1, 1, 0, 0, 0, 1, 1, 0, 1, 0, 0, 0, 3], "bins": [0.0, 3.21875, 6.4375, 9.65625, 12.875, 16.09375, 19.3125, 22.53125, 25.75, 28.96875, 32.1875, 35.40625, 38.625, 41.84375, 45.0625, 48.28125, 51.5, 54.71875, 57.9375, 61.15625, 64.375, 67.59375, 70.8125, 74.03125, 77.25, 80.46875, 83.6875, 86.90625, 90.125, 93.34375, 96.5625, 99.78125, 103.0]}, "_timestamp": 1682681468.707243, "_runtime": 2.700284957885742, "_step": 0, "_wandb": {"runtime": 0}}