{"accuracy": 0.16407599309153714, "classification_report": "              precision    recall  f1-score   support\n\n           0       0.37      0.24      0.29       180\n           1       0.14      0.02      0.04       142\n           2       0.00      0.00      0.00       181\n           3       0.13      0.59      0.21       190\n           4       0.00      0.00      0.00       201\n           5       0.00      0.00      0.00       150\n           6       0.15      0.16      0.16       178\n           7       0.07      0.02      0.03       171\n           8       0.15      0.14      0.15       171\n           9       0.21      0.40      0.28       173\n\n    accuracy                           0.16      1737\n   macro avg       0.12      0.16      0.11      1737\nweighted avg       0.12      0.16      0.12      1737\n", "confusion_matrix": {"_type": "histogram", "values": [43, 14, 7, 4, 3, 5, 5, 3, 1, 1, 0, 2, 0, 1, 2, 0, 0, 0, 2, 1, 0, 1, 0, 0, 0, 0, 1, 1, 0, 0, 1, 2], "bins": [0.0, 3.75, 7.5, 11.25, 15.0, 18.75, 22.5, 26.25, 30.0, 33.75, 37.5, 41.25, 45.0, 48.75, 52.5, 56.25, 60.0, 63.75, 67.5, 71.25, 75.0, 78.75, 82.5, 86.25, 90.0, 93.75, 97.5, 101.25, 105.0, 108.75, 112.5, 116.25, 120.0]}, "_timestamp": 1682655243.210762, "_runtime": 27.10785698890686, "_step": 0, "_wandb": {"runtime": 25}}