{"accuracy": 0.15256188831318365, "classification_report": "              precision    recall  f1-score   support\n\n           0       0.25      0.25      0.25       180\n           1       0.14      0.17      0.15       142\n           2       0.11      0.12      0.11       181\n           3       0.12      0.13      0.12       190\n           4       0.13      0.12      0.13       201\n           5       0.12      0.13      0.13       150\n           6       0.13      0.12      0.12       178\n           7       0.16      0.13      0.14       171\n           8       0.15      0.14      0.14       171\n           9       0.23      0.23      0.23       173\n\n    accuracy                           0.15      1737\n   macro avg       0.15      0.15      0.15      1737\nweighted avg       0.15      0.15      0.15      1737\n", "confusion_matrix": {"_type": "histogram", "values": [2, 2, 2, 1, 6, 4, 3, 8, 4, 16, 5, 8, 9, 8, 6, 4, 3, 3, 0, 3, 0, 0, 0, 0, 0, 0, 1, 0, 0, 0, 1, 1], "bins": [2.0, 3.40625, 4.8125, 6.21875, 7.625, 9.03125, 10.4375, 11.84375, 13.25, 14.65625, 16.0625, 17.46875, 18.875, 20.28125, 21.6875, 23.09375, 24.5, 25.90625, 27.3125, 28.71875, 30.125, 31.53125, 32.9375, 34.34375, 35.75, 37.15625, 38.5625, 39.96875, 41.375, 42.78125, 44.1875, 45.59375, 47.0]}, "_timestamp": 1682603340.9768362, "_runtime": 10.012891292572021, "_step": 0, "_wandb": {"runtime": 8}}