{"accuracy": 0.21301093839953944, "classification_report": "              precision    recall  f1-score   support\n\n           0       0.39      0.57      0.46       180\n           1       0.18      0.27      0.22       142\n           2       0.15      0.08      0.11       181\n           3       0.09      0.05      0.07       190\n           4       0.15      0.12      0.13       201\n           5       0.19      0.07      0.11       150\n           6       0.20      0.13      0.16       178\n           7       0.18      0.18      0.18       171\n           8       0.17      0.16      0.16       171\n           9       0.23      0.52      0.32       173\n\n    accuracy                           0.21      1737\n   macro avg       0.19      0.21      0.19      1737\nweighted avg       0.19      0.21      0.19      1737\n", "confusion_matrix": {"_type": "histogram", "values": [8, 10, 20, 9, 10, 14, 5, 5, 4, 3, 1, 3, 2, 1, 1, 1, 0, 0, 1, 0, 0, 0, 0, 0, 0, 0, 0, 0, 1, 0, 0, 1], "bins": [0.0, 3.1875, 6.375, 9.5625, 12.75, 15.9375, 19.125, 22.3125, 25.5, 28.6875, 31.875, 35.0625, 38.25, 41.4375, 44.625, 47.8125, 51.0, 54.1875, 57.375, 60.5625, 63.75, 66.9375, 70.125, 73.3125, 76.5, 79.6875, 82.875, 86.0625, 89.25, 92.4375, 95.625, 98.8125, 102.0]}, "_timestamp": 1682602373.536574, "_runtime": 1.8698539733886719, "_step": 0, "_wandb": {"runtime": 0}}