{"accuracy": 0.17962003454231434, "classification_report": "              precision    recall  f1-score   support\n\n           0       0.27      0.37      0.31       180\n           1       0.16      0.15      0.15       142\n           2       0.12      0.17      0.14       181\n           3       0.19      0.15      0.17       190\n           4       0.19      0.22      0.20       201\n           5       0.09      0.05      0.07       150\n           6       0.13      0.16      0.15       178\n           7       0.22      0.11      0.14       171\n           8       0.13      0.11      0.12       171\n           9       0.23      0.28      0.25       173\n\n    accuracy                           0.18      1737\n   macro avg       0.17      0.18      0.17      1737\nweighted avg       0.18      0.18      0.17      1737\n", "confusion_matrix": {"_type": "histogram", "values": [4, 4, 5, 16, 3, 15, 7, 3, 8, 6, 5, 3, 5, 3, 5, 1, 2, 0, 1, 0, 0, 2, 0, 1, 0, 0, 0, 0, 0, 0, 0, 1], "bins": [2.0, 4.0, 6.0, 8.0, 10.0, 12.0, 14.0, 16.0, 18.0, 20.0, 22.0, 24.0, 26.0, 28.0, 30.0, 32.0, 34.0, 36.0, 38.0, 40.0, 42.0, 44.0, 46.0, 48.0, 50.0, 52.0, 54.0, 56.0, 58.0, 60.0, 62.0, 64.0, 66.0]}, "_timestamp": 1682603513.166162, "_runtime": 1.8809270858764648, "_step": 0, "_wandb": {"runtime": 0}}