{"accuracy": 0.2251007484168106, "classification_report": "              precision    recall  f1-score   support\n\n           0       0.36      0.51      0.42       180\n           1       0.18      0.32      0.23       142\n           2       0.18      0.23      0.20       181\n           3       0.18      0.21      0.19       190\n           4       0.17      0.15      0.16       201\n           5       0.15      0.16      0.15       150\n           6       0.24      0.24      0.24       178\n           7       0.24      0.16      0.19       171\n           8       0.26      0.14      0.18       171\n           9       0.52      0.14      0.22       173\n\n    accuracy                           0.23      1737\n   macro avg       0.25      0.23      0.22      1737\nweighted avg       0.25      0.23      0.22      1737\n", "confusion_matrix": {"_type": "histogram", "values": [13, 5, 7, 9, 14, 9, 3, 7, 13, 7, 2, 4, 1, 1, 3, 1, 0, 0, 0, 0, 0, 0, 0, 0, 0, 0, 0, 0, 0, 0, 0, 1], "bins": [0.0, 2.84375, 5.6875, 8.53125, 11.375, 14.21875, 17.0625, 19.90625, 22.75, 25.59375, 28.4375, 31.28125, 34.125, 36.96875, 39.8125, 42.65625, 45.5, 48.34375, 51.1875, 54.03125, 56.875, 59.71875, 62.5625, 65.40625, 68.25, 71.09375, 73.9375, 76.78125, 79.625, 82.46875, 85.3125, 88.15625, 91.0]}, "_timestamp": 1682592147.7691011, "_runtime": 2.0230822563171387, "_step": 0, "_wandb": {"runtime": 0}}