{"accuracy": 0.1111111111111111, "classification_report": "              precision    recall  f1-score   support\n\n           0       0.06      0.06      0.06       180\n           1       0.09      0.13      0.11       142\n           2       0.13      0.05      0.07       181\n           3       0.14      0.16      0.15       190\n           4       0.20      0.12      0.15       201\n           5       0.12      0.23      0.16       150\n           6       0.07      0.11      0.09       178\n           7       0.13      0.19      0.16       171\n           8       0.09      0.06      0.07       171\n           9       0.00      0.00      0.00       173\n\n    accuracy                           0.11      1737\n   macro avg       0.10      0.11      0.10      1737\nweighted avg       0.11      0.11      0.10      1737\n", "confusion_matrix": {"_type": "histogram", "values": [12, 3, 7, 9, 12, 4, 3, 8, 11, 6, 5, 3, 4, 2, 3, 0, 0, 1, 1, 1, 2, 0, 0, 0, 0, 1, 0, 0, 1, 0, 0, 1], "bins": [0.0, 2.3125, 4.625, 6.9375, 9.25, 11.5625, 13.875, 16.1875, 18.5, 20.8125, 23.125, 25.4375, 27.75, 30.0625, 32.375, 34.6875, 37.0, 39.3125, 41.625, 43.9375, 46.25, 48.5625, 50.875, 53.1875, 55.5, 57.8125, 60.125, 62.4375, 64.75, 67.0625, 69.375, 71.6875, 74.0]}, "_timestamp": 1682774218.4948301, "_runtime": 3.7999050617218018, "_step": 0, "_wandb": {"runtime": 2}}