{"accuracy": 0.18767990788716177, "classification_report": "              precision    recall  f1-score   support\n\n           0       0.23      0.68      0.35       180\n           1       0.09      0.03      0.04       142\n           2       0.15      0.08      0.11       181\n           3       0.18      0.22      0.20       190\n           4       0.15      0.09      0.12       201\n           5       0.06      0.01      0.02       150\n           6       0.15      0.20      0.17       178\n           7       0.09      0.05      0.07       171\n           8       0.18      0.18      0.18       171\n           9       0.26      0.27      0.26       173\n\n    accuracy                           0.19      1737\n   macro avg       0.16      0.18      0.15      1737\nweighted avg       0.16      0.19      0.16      1737\n", "confusion_matrix": {"_type": "histogram", "values": [13, 20, 11, 15, 9, 8, 5, 8, 3, 1, 1, 1, 1, 0, 1, 0, 0, 0, 0, 0, 1, 1, 0, 0, 0, 0, 0, 0, 0, 0, 0, 1], "bins": [0.0, 3.84375, 7.6875, 11.53125, 15.375, 19.21875, 23.0625, 26.90625, 30.75, 34.59375, 38.4375, 42.28125, 46.125, 49.96875, 53.8125, 57.65625, 61.5, 65.34375, 69.1875, 73.03125, 76.875, 80.71875, 84.5625, 88.40625, 92.25, 96.09375, 99.9375, 103.78125, 107.625, 111.46875, 115.3125, 119.15625, 123.0]}, "_timestamp": 1682682157.912671, "_runtime": 3.3001132011413574, "_step": 0, "_wandb": {"runtime": 0}}