{"accuracy": 0.22682786413356362, "classification_report": "              precision    recall  f1-score   support\n\n           0       0.39      0.47      0.42       180\n           1       0.24      0.35      0.28       142\n           2       0.18      0.22      0.19       181\n           3       0.17      0.15      0.16       190\n           4       0.19      0.15      0.17       201\n           5       0.16      0.13      0.14       150\n           6       0.22      0.21      0.21       178\n           7       0.17      0.16      0.16       171\n           8       0.19      0.18      0.18       171\n           9       0.31      0.28      0.30       173\n\n    accuracy                           0.23      1737\n   macro avg       0.22      0.23      0.22      1737\nweighted avg       0.22      0.23      0.22      1737\n", "confusion_matrix": {"_type": "histogram", "values": [3, 7, 6, 13, 13, 6, 15, 9, 5, 7, 5, 3, 1, 2, 2, 0, 0, 0, 2, 0, 0, 0, 0, 0, 0, 0, 0, 0, 0, 0, 0, 1], "bins": [0.0, 2.65625, 5.3125, 7.96875, 10.625, 13.28125, 15.9375, 18.59375, 21.25, 23.90625, 26.5625, 29.21875, 31.875, 34.53125, 37.1875, 39.84375, 42.5, 45.15625, 47.8125, 50.46875, 53.125, 55.78125, 58.4375, 61.09375, 63.75, 66.40625, 69.0625, 71.71875, 74.375, 77.03125, 79.6875, 82.34375, 85.0]}, "_timestamp": 1682592355.665571, "_runtime": 2.065065860748291, "_step": 0, "_wandb": {"runtime": 0}}