{"accuracy": 0.13932066781807714, "classification_report": "              precision    recall  f1-score   support\n\n           0       0.28      0.07      0.11       180\n           1       0.09      0.89      0.17       142\n           2       0.28      0.09      0.13       181\n           3       0.43      0.05      0.09       190\n           4       0.33      0.07      0.12       201\n           5       0.24      0.03      0.05       150\n           6       0.27      0.06      0.10       178\n           7       0.26      0.11      0.15       171\n           8       0.50      0.09      0.16       171\n           9       0.47      0.09      0.15       173\n\n    accuracy                           0.14      1737\n   macro avg       0.31      0.15      0.12      1737\nweighted avg       0.32      0.14      0.12      1737\n", "confusion_matrix": {"_type": "histogram", "values": [67, 14, 4, 5, 0, 0, 0, 0, 0, 0, 0, 0, 0, 0, 0, 0, 0, 0, 0, 0, 0, 0, 0, 1, 0, 2, 1, 0, 2, 0, 1, 3], "bins": [0.0, 4.875, 9.75, 14.625, 19.5, 24.375, 29.25, 34.125, 39.0, 43.875, 48.75, 53.625, 58.5, 63.375, 68.25, 73.125, 78.0, 82.875, 87.75, 92.625, 97.5, 102.375, 107.25, 112.125, 117.0, 121.875, 126.75, 131.625, 136.5, 141.375, 146.25, 151.125, 156.0]}, "_timestamp": 1682653547.282298, "_runtime": 9.783578157424927, "_step": 0, "_wandb": {"runtime": 8}}