{"accuracy": 0.13701784686240645, "classification_report": "              precision    recall  f1-score   support\n\n           0       0.34      0.22      0.27       180\n           1       0.11      0.09      0.10       142\n           2       0.20      0.07      0.11       181\n           3       0.12      0.06      0.08       190\n           4       0.12      0.15      0.13       201\n           5       0.04      0.04      0.04       150\n           6       0.10      0.11      0.10       178\n           7       0.12      0.27      0.17       171\n           8       0.16      0.18      0.17       171\n           9       0.16      0.16      0.16       173\n\n    accuracy                           0.14      1737\n   macro avg       0.15      0.14      0.13      1737\nweighted avg       0.15      0.14      0.13      1737\n", "confusion_matrix": {"_type": "histogram", "values": [6, 6, 5, 4, 3, 13, 7, 2, 10, 3, 8, 6, 1, 2, 1, 6, 4, 1, 3, 1, 1, 1, 0, 1, 1, 0, 0, 0, 1, 1, 0, 2], "bins": [2.0, 3.59375, 5.1875, 6.78125, 8.375, 9.96875, 11.5625, 13.15625, 14.75, 16.34375, 17.9375, 19.53125, 21.125, 22.71875, 24.3125, 25.90625, 27.5, 29.09375, 30.6875, 32.28125, 33.875, 35.46875, 37.0625, 38.65625, 40.25, 41.84375, 43.4375, 45.03125, 46.625, 48.21875, 49.8125, 51.40625, 53.0]}, "_timestamp": 1682608625.1580958, "_runtime": 16.11665987968445, "_step": 0, "_wandb": {"runtime": 14}}