{"accuracy": 0.16119746689694875, "classification_report": "              precision    recall  f1-score   support\n\n           0       0.29      0.32      0.30       180\n           1       0.15      0.18      0.17       142\n           2       0.13      0.17      0.15       181\n           3       0.08      0.07      0.08       190\n           4       0.16      0.22      0.19       201\n           5       0.10      0.07      0.08       150\n           6       0.17      0.17      0.17       178\n           7       0.15      0.11      0.13       171\n           8       0.11      0.08      0.09       171\n           9       0.22      0.20      0.21       173\n\n    accuracy                           0.16      1737\n   macro avg       0.16      0.16      0.16      1737\nweighted avg       0.16      0.16      0.16      1737\n", "confusion_matrix": {"_type": "histogram", "values": [4, 4, 5, 5, 8, 5, 10, 5, 11, 11, 7, 1, 2, 6, 2, 1, 5, 2, 2, 1, 0, 0, 1, 0, 1, 0, 0, 0, 0, 0, 0, 1], "bins": [2.0, 3.75, 5.5, 7.25, 9.0, 10.75, 12.5, 14.25, 16.0, 17.75, 19.5, 21.25, 23.0, 24.75, 26.5, 28.25, 30.0, 31.75, 33.5, 35.25, 37.0, 38.75, 40.5, 42.25, 44.0, 45.75, 47.5, 49.25, 51.0, 52.75, 54.5, 56.25, 58.0]}, "_timestamp": 1682603493.814903, "_runtime": 1.866987943649292, "_step": 0, "_wandb": {"runtime": 0}}