{"accuracy": 0.11168681635002879, "classification_report": "              precision    recall  f1-score   support\n\n           0       0.11      0.94      0.19       180\n           1       0.10      0.03      0.04       142\n           2       0.00      0.00      0.00       181\n           3       0.00      0.00      0.00       190\n           4       0.17      0.04      0.06       201\n           5       0.00      0.00      0.00       150\n           6       0.12      0.01      0.01       178\n           7       0.00      0.00      0.00       171\n           8       0.18      0.07      0.10       171\n           9       0.00      0.00      0.00       173\n\n    accuracy                           0.11      1737\n   macro avg       0.07      0.11      0.04      1737\nweighted avg       0.07      0.11      0.04      1737\n", "confusion_matrix": {"_type": "histogram", "values": [80, 9, 1, 0, 0, 0, 0, 0, 0, 0, 0, 0, 0, 0, 0, 0, 0, 0, 0, 0, 0, 0, 0, 2, 0, 1, 3, 0, 0, 2, 1, 1], "bins": [0.0, 5.75, 11.5, 17.25, 23.0, 28.75, 34.5, 40.25, 46.0, 51.75, 57.5, 63.25, 69.0, 74.75, 80.5, 86.25, 92.0, 97.75, 103.5, 109.25, 115.0, 120.75, 126.5, 132.25, 138.0, 143.75, 149.5, 155.25, 161.0, 166.75, 172.5, 178.25, 184.0]}, "_timestamp": 1682652184.687115, "_runtime": 10.958853006362915, "_step": 0, "_wandb": {"runtime": 9}}