{"accuracy": 0.17674150834772595, "classification_report": "              precision    recall  f1-score   support\n\n           0       0.29      0.34      0.32       180\n           1       0.20      0.18      0.19       142\n           2       0.10      0.10      0.10       181\n           3       0.15      0.15      0.15       190\n           4       0.17      0.17      0.17       201\n           5       0.12      0.04      0.06       150\n           6       0.14      0.24      0.18       178\n           7       0.15      0.13      0.14       171\n           8       0.19      0.12      0.14       171\n           9       0.22      0.28      0.25       173\n\n    accuracy                           0.18      1737\n   macro avg       0.17      0.17      0.17      1737\nweighted avg       0.17      0.18      0.17      1737\n", "confusion_matrix": {"_type": "histogram", "values": [5, 7, 7, 10, 9, 3, 8, 5, 9, 4, 7, 5, 2, 5, 0, 0, 4, 4, 0, 2, 0, 1, 1, 0, 1, 0, 0, 0, 0, 0, 0, 1], "bins": [2.0, 3.875, 5.75, 7.625, 9.5, 11.375, 13.25, 15.125, 17.0, 18.875, 20.75, 22.625, 24.5, 26.375, 28.25, 30.125, 32.0, 33.875, 35.75, 37.625, 39.5, 41.375, 43.25, 45.125, 47.0, 48.875, 50.75, 52.625, 54.5, 56.375, 58.25, 60.125, 62.0]}, "_timestamp": 1682596236.0375738, "_runtime": 1.893183708190918, "_step": 0, "_wandb": {"runtime": 0}}