{"accuracy": 0.09671848013816926, "classification_report": "              precision    recall  f1-score   support\n\n           0       0.21      0.04      0.07       180\n           1       0.08      0.96      0.15       142\n           2       0.19      0.02      0.03       181\n           3       0.67      0.02      0.04       190\n           4       0.38      0.02      0.05       201\n           5       0.00      0.00      0.00       150\n           6       0.15      0.01      0.02       178\n           7       0.12      0.01      0.02       171\n           8       0.43      0.02      0.03       171\n           9       0.75      0.03      0.07       173\n\n    accuracy                           0.10      1737\n   macro avg       0.30      0.11      0.05      1737\nweighted avg       0.31      0.10      0.05      1737\n", "confusion_matrix": {"_type": "histogram", "values": [87, 3, 0, 0, 0, 0, 0, 0, 0, 0, 0, 0, 0, 0, 0, 0, 0, 0, 0, 0, 0, 0, 0, 1, 1, 1, 0, 2, 2, 1, 0, 2], "bins": [0.0, 5.84375, 11.6875, 17.53125, 23.375, 29.21875, 35.0625, 40.90625, 46.75, 52.59375, 58.4375, 64.28125, 70.125, 75.96875, 81.8125, 87.65625, 93.5, 99.34375, 105.1875, 111.03125, 116.875, 122.71875, 128.5625, 134.40625, 140.25, 146.09375, 151.9375, 157.78125, 163.625, 169.46875, 175.3125, 181.15625, 187.0]}, "_timestamp": 1682653526.965305, "_runtime": 11.284649133682251, "_step": 0, "_wandb": {"runtime": 9}}