{"accuracy": 0.18019573978123202, "classification_report": "              precision    recall  f1-score   support\n\n           0       0.46      0.28      0.35       180\n           1       0.11      0.11      0.11       142\n           2       0.12      0.15      0.14       181\n           3       0.17      0.24      0.20       190\n           4       0.18      0.15      0.16       201\n           5       0.13      0.09      0.11       150\n           6       0.13      0.20      0.16       178\n           7       0.13      0.10      0.11       171\n           8       0.18      0.20      0.19       171\n           9       0.34      0.24      0.28       173\n\n    accuracy                           0.18      1737\n   macro avg       0.20      0.18      0.18      1737\nweighted avg       0.20      0.18      0.18      1737\n", "confusion_matrix": {"_type": "histogram", "values": [4, 6, 5, 5, 2, 8, 4, 3, 8, 11, 5, 4, 2, 5, 2, 6, 4, 1, 0, 2, 3, 0, 3, 1, 2, 1, 1, 0, 0, 1, 0, 1], "bins": [1.0, 2.53125, 4.0625, 5.59375, 7.125, 8.65625, 10.1875, 11.71875, 13.25, 14.78125, 16.3125, 17.84375, 19.375, 20.90625, 22.4375, 23.96875, 25.5, 27.03125, 28.5625, 30.09375, 31.625, 33.15625, 34.6875, 36.21875, 37.75, 39.28125, 40.8125, 42.34375, 43.875, 45.40625, 46.9375, 48.46875, 50.0]}, "_timestamp": 1682686900.9522119, "_runtime": 29.6714768409729, "_step": 0, "_wandb": {"runtime": 27}}