{"accuracy": 0.15831894070236038, "classification_report": "              precision    recall  f1-score   support\n\n           0       0.28      0.28      0.28       180\n           1       0.16      0.21      0.18       142\n           2       0.11      0.09      0.10       181\n           3       0.13      0.14      0.14       190\n           4       0.15      0.15      0.15       201\n           5       0.11      0.11      0.11       150\n           6       0.12      0.15      0.13       178\n           7       0.15      0.11      0.13       171\n           8       0.15      0.15      0.15       171\n           9       0.22      0.19      0.20       173\n\n    accuracy                           0.16      1737\n   macro avg       0.16      0.16      0.16      1737\nweighted avg       0.16      0.16      0.16      1737\n", "confusion_matrix": {"_type": "histogram", "values": [1, 2, 3, 6, 4, 8, 1, 11, 8, 6, 9, 14, 3, 8, 3, 4, 2, 1, 2, 0, 1, 0, 1, 1, 0, 0, 0, 0, 0, 0, 0, 1], "bins": [2.0, 3.53125, 5.0625, 6.59375, 8.125, 9.65625, 11.1875, 12.71875, 14.25, 15.78125, 17.3125, 18.84375, 20.375, 21.90625, 23.4375, 24.96875, 26.5, 28.03125, 29.5625, 31.09375, 32.625, 34.15625, 35.6875, 37.21875, 38.75, 40.28125, 41.8125, 43.34375, 44.875, 46.40625, 47.9375, 49.46875, 51.0]}, "_timestamp": 1682602871.847285, "_runtime": 5.058581113815308, "_step": 0, "_wandb": {"runtime": 3}}