{"accuracy": 0.1669545192861255, "classification_report": "              precision    recall  f1-score   support\n\n           0       0.31      0.29      0.30       180\n           1       0.15      0.15      0.15       142\n           2       0.16      0.14      0.15       181\n           3       0.14      0.17      0.15       190\n           4       0.16      0.14      0.15       201\n           5       0.12      0.14      0.13       150\n           6       0.09      0.11      0.10       178\n           7       0.18      0.13      0.15       171\n           8       0.13      0.13      0.13       171\n           9       0.26      0.25      0.26       173\n\n    accuracy                           0.17      1737\n   macro avg       0.17      0.17      0.17      1737\nweighted avg       0.17      0.17      0.17      1737\n", "confusion_matrix": {"_type": "histogram", "values": [2, 2, 5, 6, 4, 5, 8, 4, 10, 9, 3, 8, 9, 3, 5, 1, 4, 5, 2, 1, 0, 0, 2, 0, 0, 0, 1, 0, 0, 0, 0, 1], "bins": [1.0, 2.625, 4.25, 5.875, 7.5, 9.125, 10.75, 12.375, 14.0, 15.625, 17.25, 18.875, 20.5, 22.125, 23.75, 25.375, 27.0, 28.625, 30.25, 31.875, 33.5, 35.125, 36.75, 38.375, 40.0, 41.625, 43.25, 44.875, 46.5, 48.125, 49.75, 51.375, 53.0]}, "_timestamp": 1682595955.987415, "_runtime": 4.737727165222168, "_step": 0, "_wandb": {"runtime": 2}}