{"accuracy": 0.1755900978698906, "classification_report": "              precision    recall  f1-score   support\n\n           0       0.30      0.35      0.32       180\n           1       0.13      0.18      0.15       142\n           2       0.19      0.17      0.18       181\n           3       0.11      0.16      0.13       190\n           4       0.19      0.09      0.12       201\n           5       0.12      0.03      0.05       150\n           6       0.14      0.19      0.16       178\n           7       0.15      0.09      0.11       171\n           8       0.18      0.18      0.18       171\n           9       0.22      0.31      0.26       173\n\n    accuracy                           0.18      1737\n   macro avg       0.17      0.17      0.17      1737\nweighted avg       0.17      0.18      0.17      1737\n", "confusion_matrix": {"_type": "histogram", "values": [3, 9, 9, 9, 6, 9, 7, 3, 9, 6, 0, 1, 5, 3, 9, 3, 6, 0, 0, 0, 1, 0, 0, 0, 0, 0, 0, 1, 0, 0, 0, 1], "bins": [2.0, 3.90625, 5.8125, 7.71875, 9.625, 11.53125, 13.4375, 15.34375, 17.25, 19.15625, 21.0625, 22.96875, 24.875, 26.78125, 28.6875, 30.59375, 32.5, 34.40625, 36.3125, 38.21875, 40.125, 42.03125, 43.9375, 45.84375, 47.75, 49.65625, 51.5625, 53.46875, 55.375, 57.28125, 59.1875, 61.09375, 63.0]}, "_timestamp": 1682596731.654059, "_runtime": 2.0652740001678467, "_step": 0, "_wandb": {"runtime": 0}}