{"accuracy": 0.18422567645365573, "classification_report": "              precision    recall  f1-score   support\n\n           0       0.30      0.54      0.39       180\n           1       0.14      0.06      0.09       142\n           2       0.20      0.12      0.15       181\n           3       0.13      0.13      0.13       190\n           4       0.12      0.10      0.11       201\n           5       0.00      0.00      0.00       150\n           6       0.17      0.13      0.15       178\n           7       0.00      0.00      0.00       171\n           8       0.07      0.04      0.05       171\n           9       0.18      0.68      0.28       173\n\n    accuracy                           0.18      1737\n   macro avg       0.13      0.18      0.13      1737\nweighted avg       0.13      0.18      0.14      1737\n", "confusion_matrix": {"_type": "histogram", "values": [24, 13, 13, 10, 12, 8, 4, 3, 1, 1, 1, 0, 0, 2, 0, 2, 0, 0, 0, 1, 1, 0, 0, 1, 0, 0, 2, 0, 0, 0, 0, 1], "bins": [0.0, 3.6875, 7.375, 11.0625, 14.75, 18.4375, 22.125, 25.8125, 29.5, 33.1875, 36.875, 40.5625, 44.25, 47.9375, 51.625, 55.3125, 59.0, 62.6875, 66.375, 70.0625, 73.75, 77.4375, 81.125, 84.8125, 88.5, 92.1875, 95.875, 99.5625, 103.25, 106.9375, 110.625, 114.3125, 118.0]}, "_timestamp": 1682596668.909072, "_runtime": 1.7475228309631348, "_step": 0, "_wandb": {"runtime": 0}}