{"accuracy": 0.17616580310880828, "classification_report": "              precision    recall  f1-score   support\n\n           0       0.17      0.91      0.29       180\n           1       0.00      0.00      0.00       142\n           2       0.00      0.00      0.00       181\n           3       0.00      0.00      0.00       190\n           4       0.16      0.13      0.14       201\n           5       0.00      0.00      0.00       150\n           6       0.15      0.24      0.18       178\n           7       0.00      0.00      0.00       171\n           8       0.10      0.02      0.04       171\n           9       0.24      0.40      0.30       173\n\n    accuracy                           0.18      1737\n   macro avg       0.08      0.17      0.10      1737\nweighted avg       0.08      0.18      0.10      1737\n", "confusion_matrix": {"_type": "histogram", "values": [60, 5, 4, 3, 2, 6, 4, 3, 1, 1, 1, 0, 2, 2, 1, 0, 0, 0, 0, 1, 0, 1, 1, 0, 1, 0, 0, 0, 0, 0, 0, 1], "bins": [0.0, 5.09375, 10.1875, 15.28125, 20.375, 25.46875, 30.5625, 35.65625, 40.75, 45.84375, 50.9375, 56.03125, 61.125, 66.21875, 71.3125, 76.40625, 81.5, 86.59375, 91.6875, 96.78125, 101.875, 106.96875, 112.0625, 117.15625, 122.25, 127.34375, 132.4375, 137.53125, 142.625, 147.71875, 152.8125, 157.90625, 163.0]}, "_timestamp": 1682681627.370968, "_runtime": 2.028731107711792, "_step": 0, "_wandb": {"runtime": 0}}