{"accuracy": 0.1692573402417962, "classification_report": "              precision    recall  f1-score   support\n\n           0       0.35      0.28      0.31       180\n           1       0.16      0.23      0.18       142\n           2       0.12      0.16      0.14       181\n           3       0.12      0.11      0.12       190\n           4       0.15      0.16      0.15       201\n           5       0.10      0.05      0.06       150\n           6       0.15      0.15      0.15       178\n           7       0.13      0.11      0.12       171\n           8       0.13      0.12      0.13       171\n           9       0.26      0.33      0.29       173\n\n    accuracy                           0.17      1737\n   macro avg       0.17      0.17      0.17      1737\nweighted avg       0.17      0.17      0.17      1737\n", "confusion_matrix": {"_type": "histogram", "values": [2, 3, 8, 2, 9, 5, 5, 2, 10, 9, 14, 6, 9, 3, 3, 0, 1, 2, 3, 0, 0, 1, 0, 0, 1, 0, 0, 0, 1, 0, 0, 1], "bins": [1.0, 2.75, 4.5, 6.25, 8.0, 9.75, 11.5, 13.25, 15.0, 16.75, 18.5, 20.25, 22.0, 23.75, 25.5, 27.25, 29.0, 30.75, 32.5, 34.25, 36.0, 37.75, 39.5, 41.25, 43.0, 44.75, 46.5, 48.25, 50.0, 51.75, 53.5, 55.25, 57.0]}, "_timestamp": 1682602987.0986922, "_runtime": 2.106957197189331, "_step": 0, "_wandb": {"runtime": 0}}