{"accuracy": 0.18134715025906736, "classification_report": "              precision    recall  f1-score   support\n\n           0       0.37      0.27      0.32       180\n           1       0.15      0.15      0.15       142\n           2       0.14      0.26      0.18       181\n           3       0.14      0.04      0.06       190\n           4       0.16      0.31      0.21       201\n           5       0.00      0.00      0.00       150\n           6       0.14      0.25      0.18       178\n           7       0.22      0.02      0.04       171\n           8       0.29      0.01      0.02       171\n           9       0.24      0.45      0.31       173\n\n    accuracy                           0.18      1737\n   macro avg       0.18      0.18      0.15      1737\nweighted avg       0.19      0.18      0.15      1737\n", "confusion_matrix": {"_type": "histogram", "values": [29, 9, 8, 3, 5, 1, 2, 3, 2, 6, 1, 2, 4, 5, 4, 1, 2, 3, 1, 2, 2, 1, 1, 1, 0, 1, 0, 0, 0, 0, 0, 1], "bins": [0.0, 2.40625, 4.8125, 7.21875, 9.625, 12.03125, 14.4375, 16.84375, 19.25, 21.65625, 24.0625, 26.46875, 28.875, 31.28125, 33.6875, 36.09375, 38.5, 40.90625, 43.3125, 45.71875, 48.125, 50.53125, 52.9375, 55.34375, 57.75, 60.15625, 62.5625, 64.96875, 67.375, 69.78125, 72.1875, 74.59375, 77.0]}, "_timestamp": 1682602896.8607948, "_runtime": 1.8049378395080566, "_step": 0, "_wandb": {"runtime": 0}}