{"accuracy": 0.23891767415083479, "classification_report": "              precision    recall  f1-score   support\n\n           0       0.44      0.42      0.43       180\n           1       0.26      0.31      0.28       142\n           2       0.19      0.19      0.19       181\n           3       0.16      0.13      0.15       190\n           4       0.21      0.17      0.19       201\n           5       0.19      0.17      0.18       150\n           6       0.23      0.24      0.23       178\n           7       0.18      0.20      0.19       171\n           8       0.20      0.21      0.20       171\n           9       0.31      0.36      0.34       173\n\n    accuracy                           0.24      1737\n   macro avg       0.24      0.24      0.24      1737\nweighted avg       0.24      0.24      0.24      1737\n", "confusion_matrix": {"_type": "histogram", "values": [5, 11, 8, 9, 11, 5, 9, 8, 10, 8, 2, 1, 2, 2, 5, 0, 0, 1, 1, 0, 0, 0, 0, 0, 0, 0, 1, 0, 0, 0, 0, 1], "bins": [2.0, 4.28125, 6.5625, 8.84375, 11.125, 13.40625, 15.6875, 17.96875, 20.25, 22.53125, 24.8125, 27.09375, 29.375, 31.65625, 33.9375, 36.21875, 38.5, 40.78125, 43.0625, 45.34375, 47.625, 49.90625, 52.1875, 54.46875, 56.75, 59.03125, 61.3125, 63.59375, 65.875, 68.15625, 70.4375, 72.71875, 75.0]}, "_timestamp": 1682592303.695127, "_runtime": 2.1543469429016113, "_step": 0, "_wandb": {"runtime": 0}}