{"accuracy": 0.256188831318365, "classification_report": "              precision    recall  f1-score   support\n\n           0       0.42      0.44      0.43       180\n           1       0.18      0.21      0.20       142\n           2       0.27      0.27      0.27       181\n           3       0.20      0.27      0.23       190\n           4       0.20      0.16      0.18       201\n           5       0.19      0.07      0.11       150\n           6       0.20      0.25      0.22       178\n           7       0.23      0.18      0.20       171\n           8       0.33      0.20      0.25       171\n           9       0.33      0.47      0.39       173\n\n    accuracy                           0.26      1737\n   macro avg       0.25      0.25      0.25      1737\nweighted avg       0.25      0.26      0.25      1737\n", "confusion_matrix": {"_type": "histogram", "values": [5, 13, 4, 18, 7, 6, 8, 11, 4, 4, 5, 2, 1, 2, 3, 0, 1, 2, 1, 1, 0, 0, 0, 0, 0, 0, 0, 0, 0, 0, 0, 2], "bins": [0.0, 2.5625, 5.125, 7.6875, 10.25, 12.8125, 15.375, 17.9375, 20.5, 23.0625, 25.625, 28.1875, 30.75, 33.3125, 35.875, 38.4375, 41.0, 43.5625, 46.125, 48.6875, 51.25, 53.8125, 56.375, 58.9375, 61.5, 64.0625, 66.625, 69.1875, 71.75, 74.3125, 76.875, 79.4375, 82.0]}, "_timestamp": 1682693716.367775, "_runtime": 35.45304203033447, "_step": 0, "_wandb": {"runtime": 33}}