{"accuracy": 0.18767990788716177, "classification_report": "              precision    recall  f1-score   support\n\n           0       0.26      0.58      0.36       180\n           1       0.19      0.10      0.13       142\n           2       0.09      0.02      0.03       181\n           3       0.14      0.26      0.18       190\n           4       0.14      0.22      0.17       201\n           5       0.00      0.00      0.00       150\n           6       0.15      0.20      0.17       178\n           7       0.00      0.00      0.00       171\n           8       0.00      0.00      0.00       171\n           9       0.22      0.45      0.30       173\n\n    accuracy                           0.19      1737\n   macro avg       0.12      0.18      0.13      1737\nweighted avg       0.12      0.19      0.14      1737\n", "confusion_matrix": {"_type": "histogram", "values": [41, 6, 3, 3, 4, 2, 4, 4, 9, 6, 1, 4, 2, 2, 2, 2, 0, 1, 1, 0, 1, 0, 0, 1, 0, 0, 0, 0, 0, 0, 0, 1], "bins": [0.0, 3.25, 6.5, 9.75, 13.0, 16.25, 19.5, 22.75, 26.0, 29.25, 32.5, 35.75, 39.0, 42.25, 45.5, 48.75, 52.0, 55.25, 58.5, 61.75, 65.0, 68.25, 71.5, 74.75, 78.0, 81.25, 84.5, 87.75, 91.0, 94.25, 97.5, 100.75, 104.0]}, "_timestamp": 1682603418.684818, "_runtime": 1.80607008934021, "_step": 0, "_wandb": {"runtime": 0}}