{"accuracy": 0.1715601611974669, "classification_report": "              precision    recall  f1-score   support\n\n           0       0.26      0.28      0.27       180\n           1       0.13      0.16      0.14       142\n           2       0.15      0.15      0.15       181\n           3       0.15      0.21      0.18       190\n           4       0.14      0.13      0.14       201\n           5       0.09      0.09      0.09       150\n           6       0.20      0.20      0.20       178\n           7       0.10      0.06      0.08       171\n           8       0.21      0.16      0.18       171\n           9       0.26      0.25      0.26       173\n\n    accuracy                           0.17      1737\n   macro avg       0.17      0.17      0.17      1737\nweighted avg       0.17      0.17      0.17      1737\n", "confusion_matrix": {"_type": "histogram", "values": [2, 1, 5, 5, 10, 8, 9, 5, 5, 3, 10, 7, 6, 3, 5, 3, 2, 3, 2, 1, 0, 1, 1, 0, 1, 0, 0, 1, 0, 0, 0, 1], "bins": [3.0, 4.46875, 5.9375, 7.40625, 8.875, 10.34375, 11.8125, 13.28125, 14.75, 16.21875, 17.6875, 19.15625, 20.625, 22.09375, 23.5625, 25.03125, 26.5, 27.96875, 29.4375, 30.90625, 32.375, 33.84375, 35.3125, 36.78125, 38.25, 39.71875, 41.1875, 42.65625, 44.125, 45.59375, 47.0625, 48.53125, 50.0]}, "_timestamp": 1682603544.253966, "_runtime": 1.8912980556488037, "_step": 0, "_wandb": {"runtime": 0}}