{"accuracy": 0.19170984455958548, "classification_report": "              precision    recall  f1-score   support\n\n           0       0.46      0.36      0.40       180\n           1       0.15      0.13      0.14       142\n           2       0.16      0.21      0.18       181\n           3       0.18      0.19      0.19       190\n           4       0.16      0.15      0.16       201\n           5       0.13      0.08      0.10       150\n           6       0.14      0.22      0.17       178\n           7       0.14      0.10      0.12       171\n           8       0.18      0.22      0.19       171\n           9       0.31      0.22      0.26       173\n\n    accuracy                           0.19      1737\n   macro avg       0.20      0.19      0.19      1737\nweighted avg       0.20      0.19      0.19      1737\n", "confusion_matrix": {"_type": "histogram", "values": [2, 5, 8, 8, 8, 6, 12, 8, 3, 6, 7, 7, 3, 1, 2, 2, 3, 1, 4, 2, 0, 1, 0, 0, 0, 0, 0, 0, 0, 0, 0, 1], "bins": [1.0, 2.96875, 4.9375, 6.90625, 8.875, 10.84375, 12.8125, 14.78125, 16.75, 18.71875, 20.6875, 22.65625, 24.625, 26.59375, 28.5625, 30.53125, 32.5, 34.46875, 36.4375, 38.40625, 40.375, 42.34375, 44.3125, 46.28125, 48.25, 50.21875, 52.1875, 54.15625, 56.125, 58.09375, 60.0625, 62.03125, 64.0]}, "_timestamp": 1682687035.872771, "_runtime": 46.03821802139282, "_step": 0, "_wandb": {"runtime": 43}}