{"accuracy": 0.1848013816925734, "classification_report": "              precision    recall  f1-score   support\n\n           0       0.21      0.69      0.33       180\n           1       0.15      0.13      0.14       142\n           2       0.20      0.04      0.07       181\n           3       0.14      0.08      0.10       190\n           4       0.13      0.04      0.06       201\n           5       0.13      0.03      0.04       150\n           6       0.15      0.33      0.21       178\n           7       0.15      0.03      0.05       171\n           8       0.16      0.09      0.12       171\n           9       0.23      0.36      0.28       173\n\n    accuracy                           0.18      1737\n   macro avg       0.16      0.18      0.14      1737\nweighted avg       0.17      0.18      0.14      1737\n", "confusion_matrix": {"_type": "histogram", "values": [22, 22, 13, 10, 5, 4, 3, 4, 0, 4, 3, 1, 0, 1, 1, 3, 0, 1, 1, 1, 0, 0, 0, 0, 0, 0, 0, 0, 0, 0, 0, 1], "bins": [0.0, 3.90625, 7.8125, 11.71875, 15.625, 19.53125, 23.4375, 27.34375, 31.25, 35.15625, 39.0625, 42.96875, 46.875, 50.78125, 54.6875, 58.59375, 62.5, 66.40625, 70.3125, 74.21875, 78.125, 82.03125, 85.9375, 89.84375, 93.75, 97.65625, 101.5625, 105.46875, 109.375, 113.28125, 117.1875, 121.09375, 125.0]}, "_timestamp": 1682682149.1432261, "_runtime": 2.380575180053711, "_step": 0, "_wandb": {"runtime": 0}}