{"accuracy": 0.20840529648819806, "classification_report": "              precision    recall  f1-score   support\n\n           0       0.44      0.49      0.46       180\n           1       0.14      0.16      0.15       142\n           2       0.20      0.14      0.17       181\n           3       0.14      0.22      0.17       190\n           4       0.15      0.10      0.12       201\n           5       0.00      0.00      0.00       150\n           6       0.19      0.33      0.24       178\n           7       0.11      0.04      0.05       171\n           8       0.18      0.06      0.09       171\n           9       0.23      0.50      0.31       173\n\n    accuracy                           0.21      1737\n   macro avg       0.18      0.20      0.18      1737\nweighted avg       0.18      0.21      0.18      1737\n", "confusion_matrix": {"_type": "histogram", "values": [18, 12, 13, 5, 8, 3, 5, 5, 2, 5, 6, 2, 2, 3, 0, 3, 2, 2, 0, 0, 0, 1, 0, 1, 0, 0, 0, 0, 0, 0, 0, 2], "bins": [0.0, 2.75, 5.5, 8.25, 11.0, 13.75, 16.5, 19.25, 22.0, 24.75, 27.5, 30.25, 33.0, 35.75, 38.5, 41.25, 44.0, 46.75, 49.5, 52.25, 55.0, 57.75, 60.5, 63.25, 66.0, 68.75, 71.5, 74.25, 77.0, 79.75, 82.5, 85.25, 88.0]}, "_timestamp": 1682605050.206284, "_runtime": 68.30617713928223, "_step": 0, "_wandb": {"runtime": 66}}