{"accuracy": 0.19055843408175013, "classification_report": "              precision    recall  f1-score   support\n\n           0       0.29      0.48      0.36       180\n           1       0.12      0.16      0.14       142\n           2       0.17      0.15      0.16       181\n           3       0.14      0.09      0.11       190\n           4       0.19      0.06      0.10       201\n           5       0.17      0.06      0.09       150\n           6       0.13      0.15      0.14       178\n           7       0.16      0.13      0.14       171\n           8       0.22      0.15      0.18       171\n           9       0.21      0.47      0.29       173\n\n    accuracy                           0.19      1737\n   macro avg       0.18      0.19      0.17      1737\nweighted avg       0.18      0.19      0.17      1737\n", "confusion_matrix": {"_type": "histogram", "values": [7, 11, 10, 13, 12, 6, 11, 8, 1, 6, 2, 1, 3, 2, 0, 1, 2, 0, 0, 0, 0, 1, 0, 1, 0, 0, 0, 0, 0, 0, 1, 1], "bins": [1.0, 3.65625, 6.3125, 8.96875, 11.625, 14.28125, 16.9375, 19.59375, 22.25, 24.90625, 27.5625, 30.21875, 32.875, 35.53125, 38.1875, 40.84375, 43.5, 46.15625, 48.8125, 51.46875, 54.125, 56.78125, 59.4375, 62.09375, 64.75, 67.40625, 70.0625, 72.71875, 75.375, 78.03125, 80.6875, 83.34375, 86.0]}, "_timestamp": 1682604646.0702379, "_runtime": 35.4741997718811, "_step": 0, "_wandb": {"runtime": 33}}