{"accuracy": 0.15256188831318365, "classification_report": "              precision    recall  f1-score   support\n\n           0       0.23      0.24      0.24       180\n           1       0.15      0.19      0.17       142\n           2       0.14      0.14      0.14       181\n           3       0.11      0.11      0.11       190\n           4       0.16      0.15      0.16       201\n           5       0.08      0.07      0.08       150\n           6       0.11      0.11      0.11       178\n           7       0.16      0.14      0.15       171\n           8       0.12      0.11      0.11       171\n           9       0.23      0.27      0.25       173\n\n    accuracy                           0.15      1737\n   macro avg       0.15      0.15      0.15      1737\nweighted avg       0.15      0.15      0.15      1737\n", "confusion_matrix": {"_type": "histogram", "values": [2, 0, 5, 4, 7, 5, 6, 5, 10, 9, 13, 10, 10, 0, 4, 1, 2, 1, 1, 1, 1, 0, 0, 0, 0, 0, 0, 1, 0, 1, 0, 1], "bins": [3.0, 4.46875, 5.9375, 7.40625, 8.875, 10.34375, 11.8125, 13.28125, 14.75, 16.21875, 17.6875, 19.15625, 20.625, 22.09375, 23.5625, 25.03125, 26.5, 27.96875, 29.4375, 30.90625, 32.375, 33.84375, 35.3125, 36.78125, 38.25, 39.71875, 41.1875, 42.65625, 44.125, 45.59375, 47.0625, 48.53125, 50.0]}, "_timestamp": 1682596561.2579782, "_runtime": 9.10171627998352, "_step": 0, "_wandb": {"runtime": 7}}