{"accuracy": 0.2429476108232585, "classification_report": "              precision    recall  f1-score   support\n\n           0       0.43      0.57      0.49       180\n           1       0.20      0.26      0.23       142\n           2       0.17      0.15      0.16       181\n           3       0.14      0.16      0.15       190\n           4       0.19      0.15      0.17       201\n           5       0.20      0.08      0.11       150\n           6       0.23      0.25      0.24       178\n           7       0.21      0.16      0.18       171\n           8       0.24      0.16      0.19       171\n           9       0.29      0.49      0.36       173\n\n    accuracy                           0.24      1737\n   macro avg       0.23      0.24      0.23      1737\nweighted avg       0.23      0.24      0.23      1737\n", "confusion_matrix": {"_type": "histogram", "values": [6, 16, 13, 13, 6, 12, 8, 6, 3, 5, 3, 3, 2, 1, 0, 0, 1, 0, 0, 0, 0, 0, 0, 0, 0, 0, 1, 0, 0, 0, 0, 1], "bins": [0.0, 3.1875, 6.375, 9.5625, 12.75, 15.9375, 19.125, 22.3125, 25.5, 28.6875, 31.875, 35.0625, 38.25, 41.4375, 44.625, 47.8125, 51.0, 54.1875, 57.375, 60.5625, 63.75, 66.9375, 70.125, 73.3125, 76.5, 79.6875, 82.875, 86.0625, 89.25, 92.4375, 95.625, 98.8125, 102.0]}, "_timestamp": 1682694343.679075, "_runtime": 19.112826108932495, "_step": 0, "_wandb": {"runtime": 16}}