{"accuracy": 0.23085780080598733, "classification_report": "              precision    recall  f1-score   support\n\n           0       0.39      0.49      0.43       180\n           1       0.22      0.31      0.26       142\n           2       0.17      0.19      0.18       181\n           3       0.14      0.14      0.14       190\n           4       0.21      0.16      0.19       201\n           5       0.15      0.13      0.14       150\n           6       0.22      0.22      0.22       178\n           7       0.22      0.20      0.21       171\n           8       0.20      0.18      0.19       171\n           9       0.31      0.29      0.30       173\n\n    accuracy                           0.23      1737\n   macro avg       0.22      0.23      0.23      1737\nweighted avg       0.23      0.23      0.23      1737\n", "confusion_matrix": {"_type": "histogram", "values": [6, 7, 12, 5, 17, 13, 13, 4, 3, 7, 2, 3, 3, 1, 0, 1, 1, 0, 1, 0, 0, 0, 0, 0, 0, 0, 0, 0, 0, 0, 0, 1], "bins": [1.0, 3.75, 6.5, 9.25, 12.0, 14.75, 17.5, 20.25, 23.0, 25.75, 28.5, 31.25, 34.0, 36.75, 39.5, 42.25, 45.0, 47.75, 50.5, 53.25, 56.0, 58.75, 61.5, 64.25, 67.0, 69.75, 72.5, 75.25, 78.0, 80.75, 83.5, 86.25, 89.0]}, "_timestamp": 1682592314.7349231, "_runtime": 6.8133461475372314, "_step": 0, "_wandb": {"runtime": 5}}