{"accuracy": 0.1692573402417962, "classification_report": "              precision    recall  f1-score   support\n\n           0       0.36      0.28      0.32       180\n           1       0.16      0.10      0.12       142\n           2       0.03      0.01      0.01       181\n           3       0.13      0.61      0.21       190\n           4       0.00      0.00      0.00       201\n           5       0.00      0.00      0.00       150\n           6       0.15      0.03      0.05       178\n           7       0.22      0.06      0.10       171\n           8       0.08      0.01      0.01       171\n           9       0.20      0.55      0.30       173\n\n    accuracy                           0.17      1737\n   macro avg       0.13      0.16      0.11      1737\nweighted avg       0.13      0.17      0.11      1737\n", "confusion_matrix": {"_type": "histogram", "values": [45, 22, 7, 3, 2, 1, 0, 2, 0, 1, 1, 0, 0, 2, 1, 1, 1, 1, 0, 0, 0, 0, 2, 2, 0, 0, 2, 1, 0, 1, 0, 2], "bins": [0.0, 3.625, 7.25, 10.875, 14.5, 18.125, 21.75, 25.375, 29.0, 32.625, 36.25, 39.875, 43.5, 47.125, 50.75, 54.375, 58.0, 61.625, 65.25, 68.875, 72.5, 76.125, 79.75, 83.375, 87.0, 90.625, 94.25, 97.875, 101.5, 105.125, 108.75, 112.375, 116.0]}, "_timestamp": 1682682085.6654248, "_runtime": 2.2388229370117188, "_step": 0, "_wandb": {"runtime": 0}}