{"accuracy": 0.21761658031088082, "classification_report": "              precision    recall  f1-score   support\n\n           0       0.34      0.49      0.40       180\n           1       0.20      0.30      0.24       142\n           2       0.15      0.18      0.16       181\n           3       0.14      0.12      0.13       190\n           4       0.21      0.14      0.17       201\n           5       0.16      0.12      0.14       150\n           6       0.21      0.18      0.19       178\n           7       0.17      0.16      0.17       171\n           8       0.22      0.18      0.19       171\n           9       0.34      0.31      0.32       173\n\n    accuracy                           0.22      1737\n   macro avg       0.21      0.22      0.21      1737\nweighted avg       0.21      0.22      0.21      1737\n", "confusion_matrix": {"_type": "histogram", "values": [5, 8, 10, 11, 20, 4, 12, 5, 4, 7, 5, 2, 1, 2, 1, 1, 0, 0, 1, 0, 0, 0, 0, 0, 0, 0, 0, 0, 0, 0, 0, 1], "bins": [1.0, 3.75, 6.5, 9.25, 12.0, 14.75, 17.5, 20.25, 23.0, 25.75, 28.5, 31.25, 34.0, 36.75, 39.5, 42.25, 45.0, 47.75, 50.5, 53.25, 56.0, 58.75, 61.5, 64.25, 67.0, 69.75, 72.5, 75.25, 78.0, 80.75, 83.5, 86.25, 89.0]}, "_timestamp": 1682592251.756633, "_runtime": 2.0646121501922607, "_step": 0, "_wandb": {"runtime": 0}}