{"accuracy": 0.1692573402417962, "classification_report": "              precision    recall  f1-score   support\n\n           0       0.34      0.33      0.33       180\n           1       0.18      0.18      0.18       142\n           2       0.11      0.08      0.09       181\n           3       0.12      0.17      0.14       190\n           4       0.12      0.11      0.11       201\n           5       0.10      0.07      0.08       150\n           6       0.14      0.21      0.17       178\n           7       0.18      0.13      0.15       171\n           8       0.15      0.13      0.14       171\n           9       0.29      0.27      0.28       173\n\n    accuracy                           0.17      1737\n   macro avg       0.17      0.17      0.17      1737\nweighted avg       0.17      0.17      0.17      1737\n", "confusion_matrix": {"_type": "histogram", "values": [3, 4, 7, 10, 6, 9, 7, 6, 6, 6, 5, 6, 4, 4, 4, 4, 2, 2, 1, 0, 1, 0, 1, 0, 0, 1, 0, 0, 0, 0, 0, 1], "bins": [2.0, 3.78125, 5.5625, 7.34375, 9.125, 10.90625, 12.6875, 14.46875, 16.25, 18.03125, 19.8125, 21.59375, 23.375, 25.15625, 26.9375, 28.71875, 30.5, 32.28125, 34.0625, 35.84375, 37.625, 39.40625, 41.1875, 42.96875, 44.75, 46.53125, 48.3125, 50.09375, 51.875, 53.65625, 55.4375, 57.21875, 59.0]}, "_timestamp": 1682603268.917279, "_runtime": 9.217330932617188, "_step": 0, "_wandb": {"runtime": 7}}