{"accuracy": 0.17040875071963155, "classification_report": "              precision    recall  f1-score   support\n\n           0       0.34      0.34      0.34       180\n           1       0.18      0.18      0.18       142\n           2       0.12      0.09      0.11       181\n           3       0.11      0.17      0.14       190\n           4       0.13      0.12      0.13       201\n           5       0.10      0.07      0.08       150\n           6       0.14      0.22      0.17       178\n           7       0.17      0.12      0.14       171\n           8       0.16      0.14      0.15       171\n           9       0.26      0.24      0.25       173\n\n    accuracy                           0.17      1737\n   macro avg       0.17      0.17      0.17      1737\nweighted avg       0.17      0.17      0.17      1737\n", "confusion_matrix": {"_type": "histogram", "values": [8, 5, 11, 12, 6, 4, 6, 9, 6, 6, 2, 6, 4, 3, 3, 2, 2, 0, 2, 1, 1, 0, 0, 0, 0, 0, 0, 0, 0, 0, 0, 1], "bins": [4.0, 5.8125, 7.625, 9.4375, 11.25, 13.0625, 14.875, 16.6875, 18.5, 20.3125, 22.125, 23.9375, 25.75, 27.5625, 29.375, 31.1875, 33.0, 34.8125, 36.625, 38.4375, 40.25, 42.0625, 43.875, 45.6875, 47.5, 49.3125, 51.125, 52.9375, 54.75, 56.5625, 58.375, 60.1875, 62.0]}, "_timestamp": 1682596411.268974, "_runtime": 8.310244083404541, "_step": 0, "_wandb": {"runtime": 6}}