{"accuracy": 0.16580310880829016, "classification_report": "              precision    recall  f1-score   support\n\n           0       0.31      0.22      0.26       180\n           1       0.11      0.06      0.08       142\n           2       0.11      0.02      0.04       181\n           3       0.13      0.55      0.21       190\n           4       0.18      0.03      0.05       201\n           5       0.07      0.01      0.01       150\n           6       0.15      0.26      0.19       178\n           7       0.15      0.08      0.10       171\n           8       0.20      0.14      0.16       171\n           9       0.31      0.23      0.26       173\n\n    accuracy                           0.17      1737\n   macro avg       0.17      0.16      0.14      1737\nweighted avg       0.17      0.17      0.14      1737\n", "confusion_matrix": {"_type": "histogram", "values": [27, 18, 16, 5, 5, 2, 4, 2, 2, 0, 2, 2, 3, 1, 2, 0, 1, 0, 0, 0, 2, 0, 0, 0, 1, 1, 1, 0, 0, 0, 1, 2], "bins": [0.0, 3.25, 6.5, 9.75, 13.0, 16.25, 19.5, 22.75, 26.0, 29.25, 32.5, 35.75, 39.0, 42.25, 45.5, 48.75, 52.0, 55.25, 58.5, 61.75, 65.0, 68.25, 71.5, 74.75, 78.0, 81.25, 84.5, 87.75, 91.0, 94.25, 97.5, 100.75, 104.0]}, "_timestamp": 1682681499.201313, "_runtime": 2.0305919647216797, "_step": 0, "_wandb": {"runtime": 0}}