{"accuracy": 0.15889464594127806, "classification_report": "              precision    recall  f1-score   support\n\n           0       0.26      0.28      0.27       180\n           1       0.11      0.12      0.11       142\n           2       0.12      0.12      0.12       181\n           3       0.14      0.16      0.15       190\n           4       0.17      0.15      0.16       201\n           5       0.10      0.11      0.10       150\n           6       0.14      0.12      0.13       178\n           7       0.18      0.17      0.18       171\n           8       0.17      0.16      0.17       171\n           9       0.19      0.18      0.19       173\n\n    accuracy                           0.16      1737\n   macro avg       0.16      0.16      0.16      1737\nweighted avg       0.16      0.16      0.16      1737\n", "confusion_matrix": {"_type": "histogram", "values": [3, 2, 7, 2, 8, 4, 18, 6, 9, 7, 7, 11, 1, 4, 1, 1, 3, 3, 1, 0, 0, 0, 1, 0, 0, 0, 0, 0, 0, 0, 0, 1], "bins": [5.0, 6.4375, 7.875, 9.3125, 10.75, 12.1875, 13.625, 15.0625, 16.5, 17.9375, 19.375, 20.8125, 22.25, 23.6875, 25.125, 26.5625, 28.0, 29.4375, 30.875, 32.3125, 33.75, 35.1875, 36.625, 38.0625, 39.5, 40.9375, 42.375, 43.8125, 45.25, 46.6875, 48.125, 49.5625, 51.0]}, "_timestamp": 1682603550.566229, "_runtime": 2.11077618598938, "_step": 0, "_wandb": {"runtime": 0}}