{"accuracy": 0.20322394933793897, "classification_report": "              precision    recall  f1-score   support\n\n           0       0.41      0.47      0.44       180\n           1       0.21      0.17      0.19       142\n           2       0.18      0.09      0.12       181\n           3       0.14      0.29      0.19       190\n           4       0.16      0.13      0.14       201\n           5       0.15      0.05      0.07       150\n           6       0.12      0.21      0.15       178\n           7       0.15      0.09      0.11       171\n           8       0.23      0.13      0.17       171\n           9       0.29      0.37      0.33       173\n\n    accuracy                           0.20      1737\n   macro avg       0.20      0.20      0.19      1737\nweighted avg       0.20      0.20      0.19      1737\n", "confusion_matrix": {"_type": "histogram", "values": [11, 18, 8, 9, 9, 8, 5, 3, 4, 6, 2, 2, 0, 4, 1, 3, 3, 0, 0, 0, 2, 0, 0, 0, 1, 0, 0, 0, 0, 0, 0, 1], "bins": [1.0, 3.625, 6.25, 8.875, 11.5, 14.125, 16.75, 19.375, 22.0, 24.625, 27.25, 29.875, 32.5, 35.125, 37.75, 40.375, 43.0, 45.625, 48.25, 50.875, 53.5, 56.125, 58.75, 61.375, 64.0, 66.625, 69.25, 71.875, 74.5, 77.125, 79.75, 82.375, 85.0]}, "_timestamp": 1682686782.7223911, "_runtime": 15.75430417060852, "_step": 0, "_wandb": {"runtime": 13}}