{"accuracy": 0.08693149107656879, "classification_report": "              precision    recall  f1-score   support\n\n           0       0.01      0.01      0.01       180\n           1       0.07      0.11      0.09       142\n           2       0.06      0.11      0.08       181\n           3       0.09      0.14      0.11       190\n           4       0.14      0.12      0.13       201\n           5       0.09      0.20      0.12       150\n           6       0.05      0.03      0.04       178\n           7       0.18      0.16      0.17       171\n           8       0.00      0.00      0.00       171\n           9       0.00      0.00      0.00       173\n\n    accuracy                           0.09      1737\n   macro avg       0.07      0.09      0.07      1737\nweighted avg       0.07      0.09      0.07      1737\n", "confusion_matrix": {"_type": "histogram", "values": [21, 11, 7, 7, 8, 8, 6, 2, 12, 4, 0, 0, 3, 3, 3, 1, 2, 0, 0, 0, 1, 0, 0, 0, 0, 0, 0, 0, 0, 0, 0, 1], "bins": [0.0, 3.125, 6.25, 9.375, 12.5, 15.625, 18.75, 21.875, 25.0, 28.125, 31.25, 34.375, 37.5, 40.625, 43.75, 46.875, 50.0, 53.125, 56.25, 59.375, 62.5, 65.625, 68.75, 71.875, 75.0, 78.125, 81.25, 84.375, 87.5, 90.625, 93.75, 96.875, 100.0]}, "_timestamp": 1682774883.984034, "_runtime": 32.95903515815735, "_step": 0, "_wandb": {"runtime": 31}}