{"accuracy": 0.2141623488773748, "classification_report": "              precision    recall  f1-score   support\n\n           0       0.38      0.35      0.36       180\n           1       0.14      0.17      0.15       142\n           2       0.30      0.18      0.23       181\n           3       0.20      0.31      0.25       190\n           4       0.14      0.16      0.15       201\n           5       0.12      0.04      0.06       150\n           6       0.14      0.21      0.17       178\n           7       0.18      0.12      0.14       171\n           8       0.25      0.22      0.23       171\n           9       0.31      0.35      0.33       173\n\n    accuracy                           0.21      1737\n   macro avg       0.22      0.21      0.21      1737\nweighted avg       0.22      0.21      0.21      1737\n", "confusion_matrix": {"_type": "histogram", "values": [5, 6, 7, 10, 9, 10, 5, 4, 5, 5, 2, 6, 5, 6, 1, 1, 4, 1, 1, 2, 1, 0, 1, 0, 0, 0, 0, 0, 0, 1, 1, 1], "bins": [1.0, 2.9375, 4.875, 6.8125, 8.75, 10.6875, 12.625, 14.5625, 16.5, 18.4375, 20.375, 22.3125, 24.25, 26.1875, 28.125, 30.0625, 32.0, 33.9375, 35.875, 37.8125, 39.75, 41.6875, 43.625, 45.5625, 47.5, 49.4375, 51.375, 53.3125, 55.25, 57.1875, 59.125, 61.0625, 63.0]}, "_timestamp": 1682687216.895519, "_runtime": 40.46518898010254, "_step": 0, "_wandb": {"runtime": 38}}