{"accuracy": 0.17098445595854922, "classification_report": "              precision    recall  f1-score   support\n\n           0       0.30      0.24      0.27       180\n           1       0.13      0.22      0.16       142\n           2       0.15      0.16      0.15       181\n           3       0.15      0.13      0.14       190\n           4       0.17      0.21      0.19       201\n           5       0.13      0.05      0.08       150\n           6       0.14      0.19      0.16       178\n           7       0.15      0.11      0.13       171\n           8       0.15      0.11      0.12       171\n           9       0.25      0.28      0.26       173\n\n    accuracy                           0.17      1737\n   macro avg       0.17      0.17      0.17      1737\nweighted avg       0.17      0.17      0.17      1737\n", "confusion_matrix": {"_type": "histogram", "values": [3, 2, 5, 4, 6, 5, 7, 5, 9, 2, 4, 6, 11, 3, 3, 3, 4, 3, 0, 2, 4, 3, 0, 2, 0, 0, 0, 1, 0, 1, 1, 1], "bins": [1.0, 2.46875, 3.9375, 5.40625, 6.875, 8.34375, 9.8125, 11.28125, 12.75, 14.21875, 15.6875, 17.15625, 18.625, 20.09375, 21.5625, 23.03125, 24.5, 25.96875, 27.4375, 28.90625, 30.375, 31.84375, 33.3125, 34.78125, 36.25, 37.71875, 39.1875, 40.65625, 42.125, 43.59375, 45.0625, 46.53125, 48.0]}, "_timestamp": 1682602980.363841, "_runtime": 1.9067251682281494, "_step": 0, "_wandb": {"runtime": 0}}