{"accuracy": 0.2003454231433506, "classification_report": "              precision    recall  f1-score   support\n\n           0       0.21      0.81      0.33       180\n           1       0.07      0.01      0.01       142\n           2       0.14      0.01      0.01       181\n           3       0.13      0.04      0.06       190\n           4       0.16      0.10      0.13       201\n           5       0.17      0.01      0.01       150\n           6       0.15      0.29      0.20       178\n           7       0.28      0.10      0.15       171\n           8       0.17      0.10      0.13       171\n           9       0.27      0.49      0.35       173\n\n    accuracy                           0.20      1737\n   macro avg       0.18      0.20      0.14      1737\nweighted avg       0.18      0.20      0.14      1737\n", "confusion_matrix": {"_type": "histogram", "values": [40, 19, 5, 7, 5, 2, 2, 4, 3, 3, 2, 1, 1, 0, 0, 0, 1, 0, 1, 1, 2, 0, 0, 0, 0, 0, 0, 0, 0, 0, 0, 1], "bins": [0.0, 4.5625, 9.125, 13.6875, 18.25, 22.8125, 27.375, 31.9375, 36.5, 41.0625, 45.625, 50.1875, 54.75, 59.3125, 63.875, 68.4375, 73.0, 77.5625, 82.125, 86.6875, 91.25, 95.8125, 100.375, 104.9375, 109.5, 114.0625, 118.625, 123.1875, 127.75, 132.3125, 136.875, 141.4375, 146.0]}, "_timestamp": 1682681698.625424, "_runtime": 2.4534318447113037, "_step": 0, "_wandb": {"runtime": 0}}