{"accuracy": 0.16810592976396085, "classification_report": "              precision    recall  f1-score   support\n\n           0       0.32      0.18      0.23       180\n           1       0.16      0.19      0.18       142\n           2       0.14      0.14      0.14       181\n           3       0.16      0.18      0.17       190\n           4       0.18      0.16      0.17       201\n           5       0.14      0.15      0.14       150\n           6       0.13      0.19      0.15       178\n           7       0.12      0.12      0.12       171\n           8       0.21      0.17      0.19       171\n           9       0.23      0.20      0.21       173\n\n    accuracy                           0.17      1737\n   macro avg       0.18      0.17      0.17      1737\nweighted avg       0.18      0.17      0.17      1737\n", "confusion_matrix": {"_type": "histogram", "values": [2, 1, 4, 1, 1, 3, 1, 11, 9, 3, 5, 5, 4, 3, 3, 2, 7, 2, 6, 1, 2, 1, 2, 2, 6, 2, 2, 1, 1, 4, 2, 1], "bins": [1.0, 2.125, 3.25, 4.375, 5.5, 6.625, 7.75, 8.875, 10.0, 11.125, 12.25, 13.375, 14.5, 15.625, 16.75, 17.875, 19.0, 20.125, 21.25, 22.375, 23.5, 24.625, 25.75, 26.875, 28.0, 29.125, 30.25, 31.375, 32.5, 33.625, 34.75, 35.875, 37.0]}, "_timestamp": 1682687171.421773, "_runtime": 21.119783878326416, "_step": 0, "_wandb": {"runtime": 18}}