{"accuracy": 0.23258491652274035, "classification_report": "              precision    recall  f1-score   support\n\n           0       0.37      0.50      0.42       180\n           1       0.22      0.32      0.26       142\n           2       0.17      0.21      0.19       181\n           3       0.16      0.13      0.14       190\n           4       0.23      0.16      0.19       201\n           5       0.16      0.14      0.15       150\n           6       0.23      0.22      0.23       178\n           7       0.18      0.17      0.17       171\n           8       0.24      0.21      0.22       171\n           9       0.32      0.28      0.30       173\n\n    accuracy                           0.23      1737\n   macro avg       0.23      0.23      0.23      1737\nweighted avg       0.23      0.23      0.23      1737\n", "confusion_matrix": {"_type": "histogram", "values": [4, 8, 11, 17, 11, 10, 10, 6, 9, 3, 1, 1, 2, 4, 0, 0, 2, 0, 0, 0, 0, 0, 0, 0, 0, 0, 0, 0, 0, 0, 0, 1], "bins": [1.0, 3.78125, 6.5625, 9.34375, 12.125, 14.90625, 17.6875, 20.46875, 23.25, 26.03125, 28.8125, 31.59375, 34.375, 37.15625, 39.9375, 42.71875, 45.5, 48.28125, 51.0625, 53.84375, 56.625, 59.40625, 62.1875, 64.96875, 67.75, 70.53125, 73.3125, 76.09375, 78.875, 81.65625, 84.4375, 87.21875, 90.0]}, "_timestamp": 1682592286.400345, "_runtime": 1.9859991073608398, "_step": 0, "_wandb": {"runtime": 0}}