{"accuracy": 0.1807714450201497, "classification_report": "              precision    recall  f1-score   support\n\n           0       0.36      0.27      0.31       180\n           1       0.15      0.15      0.15       142\n           2       0.19      0.19      0.19       181\n           3       0.14      0.20      0.17       190\n           4       0.17      0.16      0.17       201\n           5       0.09      0.09      0.09       150\n           6       0.14      0.19      0.16       178\n           7       0.18      0.15      0.16       171\n           8       0.22      0.16      0.19       171\n           9       0.25      0.21      0.23       173\n\n    accuracy                           0.18      1737\n   macro avg       0.19      0.18      0.18      1737\nweighted avg       0.19      0.18      0.18      1737\n", "confusion_matrix": {"_type": "histogram", "values": [2, 2, 4, 2, 4, 2, 8, 6, 4, 5, 12, 4, 9, 4, 7, 2, 5, 2, 3, 1, 1, 3, 2, 1, 3, 1, 0, 0, 0, 0, 0, 1], "bins": [0.0, 1.5, 3.0, 4.5, 6.0, 7.5, 9.0, 10.5, 12.0, 13.5, 15.0, 16.5, 18.0, 19.5, 21.0, 22.5, 24.0, 25.5, 27.0, 28.5, 30.0, 31.5, 33.0, 34.5, 36.0, 37.5, 39.0, 40.5, 42.0, 43.5, 45.0, 46.5, 48.0]}, "_timestamp": 1682687531.945287, "_runtime": 69.12827587127686, "_step": 0, "_wandb": {"runtime": 67}}