{"accuracy": 0.23028209556706966, "classification_report": "              precision    recall  f1-score   support\n\n           0       0.43      0.56      0.48       180\n           1       0.21      0.28      0.24       142\n           2       0.17      0.12      0.14       181\n           3       0.15      0.16      0.15       190\n           4       0.22      0.19      0.21       201\n           5       0.12      0.01      0.02       150\n           6       0.19      0.22      0.20       178\n           7       0.13      0.09      0.11       171\n           8       0.20      0.12      0.15       171\n           9       0.26      0.52      0.35       173\n\n    accuracy                           0.23      1737\n   macro avg       0.21      0.23      0.21      1737\nweighted avg       0.21      0.23      0.21      1737\n", "confusion_matrix": {"_type": "histogram", "values": [12, 15, 10, 9, 12, 6, 8, 2, 9, 5, 1, 1, 6, 0, 0, 1, 0, 1, 0, 0, 0, 0, 0, 0, 0, 0, 0, 0, 1, 0, 0, 1], "bins": [0.0, 3.125, 6.25, 9.375, 12.5, 15.625, 18.75, 21.875, 25.0, 28.125, 31.25, 34.375, 37.5, 40.625, 43.75, 46.875, 50.0, 53.125, 56.25, 59.375, 62.5, 65.625, 68.75, 71.875, 75.0, 78.125, 81.25, 84.375, 87.5, 90.625, 93.75, 96.875, 100.0]}, "_timestamp": 1682694702.128832, "_runtime": 21.02869415283203, "_step": 0, "_wandb": {"runtime": 18}}