{"accuracy": 0.09959700633275763, "classification_report": "              precision    recall  f1-score   support\n\n           0       0.02      0.01      0.01       180\n           1       0.06      0.06      0.06       142\n           2       0.19      0.12      0.15       181\n           3       0.10      0.26      0.15       190\n           4       0.15      0.04      0.07       201\n           5       0.07      0.10      0.08       150\n           6       0.05      0.06      0.05       178\n           7       0.17      0.32      0.22       171\n           8       0.03      0.02      0.03       171\n           9       0.00      0.00      0.00       173\n\n    accuracy                           0.10      1737\n   macro avg       0.08      0.10      0.08      1737\nweighted avg       0.09      0.10      0.08      1737\n", "confusion_matrix": {"_type": "histogram", "values": [13, 8, 5, 12, 15, 5, 4, 3, 4, 4, 3, 2, 2, 1, 3, 2, 0, 2, 1, 1, 1, 2, 2, 0, 1, 0, 0, 1, 1, 0, 0, 2], "bins": [0.0, 2.25, 4.5, 6.75, 9.0, 11.25, 13.5, 15.75, 18.0, 20.25, 22.5, 24.75, 27.0, 29.25, 31.5, 33.75, 36.0, 38.25, 40.5, 42.75, 45.0, 47.25, 49.5, 51.75, 54.0, 56.25, 58.5, 60.75, 63.0, 65.25, 67.5, 69.75, 72.0]}, "_timestamp": 1682773854.452354, "_runtime": 3.588541030883789, "_step": 0, "_wandb": {"runtime": 1}}