{"accuracy": 0.11341393206678181, "classification_report": "              precision    recall  f1-score   support\n\n           0       0.00      0.00      0.00       180\n           1       0.00      0.00      0.00       142\n           2       0.00      0.00      0.00       181\n           3       0.16      0.05      0.08       190\n           4       0.11      0.58      0.19       201\n           5       0.14      0.03      0.05       150\n           6       0.00      0.00      0.00       178\n           7       0.15      0.15      0.15       171\n           8       0.09      0.23      0.13       171\n           9       0.00      0.00      0.00       173\n\n    accuracy                           0.11      1737\n   macro avg       0.06      0.10      0.06      1737\nweighted avg       0.07      0.11      0.06      1737\n", "confusion_matrix": {"_type": "histogram", "values": [59, 9, 6, 2, 0, 1, 2, 1, 1, 1, 1, 0, 2, 3, 2, 0, 0, 0, 0, 0, 0, 1, 1, 1, 1, 1, 0, 1, 1, 0, 2, 1], "bins": [0.0, 3.8125, 7.625, 11.4375, 15.25, 19.0625, 22.875, 26.6875, 30.5, 34.3125, 38.125, 41.9375, 45.75, 49.5625, 53.375, 57.1875, 61.0, 64.8125, 68.625, 72.4375, 76.25, 80.0625, 83.875, 87.6875, 91.5, 95.3125, 99.125, 102.9375, 106.75, 110.5625, 114.375, 118.1875, 122.0]}, "_timestamp": 1682690187.250296, "_runtime": 14.714118003845215, "_step": 0, "_wandb": {"runtime": 13}}