{"accuracy": 0.2118595279217041, "classification_report": "              precision    recall  f1-score   support\n\n           0       0.41      0.42      0.41       180\n           1       0.17      0.09      0.12       142\n           2       0.19      0.13      0.15       181\n           3       0.14      0.36      0.21       190\n           4       0.19      0.07      0.10       201\n           5       0.00      0.00      0.00       150\n           6       0.17      0.34      0.23       178\n           7       0.17      0.05      0.07       171\n           8       0.24      0.07      0.11       171\n           9       0.27      0.54      0.36       173\n\n    accuracy                           0.21      1737\n   macro avg       0.20      0.21      0.18      1737\nweighted avg       0.20      0.21      0.18      1737\n", "confusion_matrix": {"_type": "histogram", "values": [22, 13, 16, 7, 6, 2, 6, 0, 4, 3, 1, 1, 2, 1, 0, 4, 2, 3, 1, 1, 1, 1, 0, 1, 0, 1, 0, 0, 0, 0, 0, 1], "bins": [0.0, 2.90625, 5.8125, 8.71875, 11.625, 14.53125, 17.4375, 20.34375, 23.25, 26.15625, 29.0625, 31.96875, 34.875, 37.78125, 40.6875, 43.59375, 46.5, 49.40625, 52.3125, 55.21875, 58.125, 61.03125, 63.9375, 66.84375, 69.75, 72.65625, 75.5625, 78.46875, 81.375, 84.28125, 87.1875, 90.09375, 93.0]}, "_timestamp": 1682654992.9111738, "_runtime": 20.701509714126587, "_step": 0, "_wandb": {"runtime": 19}}