{"accuracy": 0.14795624640184227, "classification_report": "              precision    recall  f1-score   support\n\n           0       0.18      0.19      0.18       180\n           1       0.16      0.21      0.19       142\n           2       0.11      0.13      0.12       181\n           3       0.17      0.17      0.17       190\n           4       0.10      0.08      0.09       201\n           5       0.10      0.09      0.10       150\n           6       0.11      0.12      0.12       178\n           7       0.17      0.13      0.15       171\n           8       0.14      0.13      0.14       171\n           9       0.25      0.23      0.24       173\n\n    accuracy                           0.15      1737\n   macro avg       0.15      0.15      0.15      1737\nweighted avg       0.15      0.15      0.15      1737\n", "confusion_matrix": {"_type": "histogram", "values": [1, 0, 3, 1, 3, 3, 3, 3, 3, 9, 5, 3, 18, 7, 8, 5, 3, 3, 2, 6, 2, 1, 0, 1, 2, 1, 0, 1, 2, 0, 0, 1], "bins": [2.0, 3.15625, 4.3125, 5.46875, 6.625, 7.78125, 8.9375, 10.09375, 11.25, 12.40625, 13.5625, 14.71875, 15.875, 17.03125, 18.1875, 19.34375, 20.5, 21.65625, 22.8125, 23.96875, 25.125, 26.28125, 27.4375, 28.59375, 29.75, 30.90625, 32.0625, 33.21875, 34.375, 35.53125, 36.6875, 37.84375, 39.0]}, "_timestamp": 1682603556.9916081, "_runtime": 2.016512155532837, "_step": 0, "_wandb": {"runtime": 0}}