{"accuracy": 0.11859527921704087, "classification_report": "              precision    recall  f1-score   support\n\n           0       0.17      0.42      0.25       180\n           1       0.09      0.05      0.06       142\n           2       0.10      0.08      0.09       181\n           3       0.00      0.00      0.00       190\n           4       0.12      0.14      0.13       201\n           5       0.00      0.00      0.00       150\n           6       0.00      0.00      0.00       178\n           7       0.10      0.46      0.16       171\n           8       0.05      0.01      0.02       171\n           9       0.00      0.00      0.00       173\n\n    accuracy                           0.12      1737\n   macro avg       0.06      0.12      0.07      1737\nweighted avg       0.06      0.12      0.07      1737\n", "confusion_matrix": {"_type": "histogram", "values": [47, 4, 11, 2, 4, 3, 3, 2, 5, 2, 1, 2, 0, 0, 0, 2, 2, 0, 1, 0, 2, 0, 1, 2, 0, 0, 1, 1, 1, 0, 0, 1], "bins": [0.0, 3.375, 6.75, 10.125, 13.5, 16.875, 20.25, 23.625, 27.0, 30.375, 33.75, 37.125, 40.5, 43.875, 47.25, 50.625, 54.0, 57.375, 60.75, 64.125, 67.5, 70.875, 74.25, 77.625, 81.0, 84.375, 87.75, 91.125, 94.5, 97.875, 101.25, 104.625, 108.0]}, "_timestamp": 1682652356.7526898, "_runtime": 29.301260948181152, "_step": 0, "_wandb": {"runtime": 27}}