{"accuracy": 0.1692573402417962, "classification_report": "              precision    recall  f1-score   support\n\n           0       0.32      0.29      0.31       180\n           1       0.16      0.20      0.18       142\n           2       0.16      0.14      0.15       181\n           3       0.14      0.17      0.15       190\n           4       0.15      0.12      0.13       201\n           5       0.11      0.14      0.13       150\n           6       0.09      0.10      0.10       178\n           7       0.16      0.13      0.14       171\n           8       0.14      0.16      0.15       171\n           9       0.27      0.25      0.26       173\n\n    accuracy                           0.17      1737\n   macro avg       0.17      0.17      0.17      1737\nweighted avg       0.17      0.17      0.17      1737\n", "confusion_matrix": {"_type": "histogram", "values": [3, 3, 4, 7, 4, 3, 13, 4, 7, 6, 8, 9, 6, 3, 3, 6, 4, 2, 2, 0, 0, 0, 0, 1, 0, 0, 1, 0, 0, 0, 0, 1], "bins": [2.0, 3.59375, 5.1875, 6.78125, 8.375, 9.96875, 11.5625, 13.15625, 14.75, 16.34375, 17.9375, 19.53125, 21.125, 22.71875, 24.3125, 25.90625, 27.5, 29.09375, 30.6875, 32.28125, 33.875, 35.46875, 37.0625, 38.65625, 40.25, 41.84375, 43.4375, 45.03125, 46.625, 48.21875, 49.8125, 51.40625, 53.0]}, "_timestamp": 1682602748.259808, "_runtime": 4.300858974456787, "_step": 0, "_wandb": {"runtime": 2}}