{"accuracy": 0.16465169833045482, "classification_report": "              precision    recall  f1-score   support\n\n           0       0.23      0.27      0.25       180\n           1       0.16      0.17      0.16       142\n           2       0.15      0.12      0.13       181\n           3       0.14      0.14      0.14       190\n           4       0.16      0.15      0.16       201\n           5       0.09      0.04      0.05       150\n           6       0.13      0.15      0.14       178\n           7       0.13      0.16      0.14       171\n           8       0.15      0.10      0.12       171\n           9       0.23      0.33      0.27       173\n\n    accuracy                           0.16      1737\n   macro avg       0.16      0.16      0.16      1737\nweighted avg       0.16      0.16      0.16      1737\n", "confusion_matrix": {"_type": "histogram", "values": [1, 3, 10, 4, 10, 10, 9, 0, 11, 10, 3, 5, 3, 4, 3, 3, 2, 2, 2, 1, 0, 0, 0, 1, 0, 0, 1, 1, 0, 0, 0, 1], "bins": [2.0, 3.71875, 5.4375, 7.15625, 8.875, 10.59375, 12.3125, 14.03125, 15.75, 17.46875, 19.1875, 20.90625, 22.625, 24.34375, 26.0625, 27.78125, 29.5, 31.21875, 32.9375, 34.65625, 36.375, 38.09375, 39.8125, 41.53125, 43.25, 44.96875, 46.6875, 48.40625, 50.125, 51.84375, 53.5625, 55.28125, 57.0]}, "_timestamp": 1682596757.2282429, "_runtime": 1.8880977630615234, "_step": 0, "_wandb": {"runtime": 0}}