{"accuracy": 0.17098445595854922, "classification_report": "              precision    recall  f1-score   support\n\n           0       0.32      0.26      0.29       180\n           1       0.18      0.23      0.20       142\n           2       0.12      0.06      0.08       181\n           3       0.12      0.27      0.16       190\n           4       0.15      0.02      0.04       201\n           5       0.00      0.00      0.00       150\n           6       0.14      0.41      0.21       178\n           7       0.44      0.02      0.04       171\n           8       0.33      0.09      0.15       171\n           9       0.21      0.34      0.26       173\n\n    accuracy                           0.17      1737\n   macro avg       0.20      0.17      0.14      1737\nweighted avg       0.20      0.17      0.14      1737\n", "confusion_matrix": {"_type": "histogram", "values": [28, 8, 13, 8, 2, 0, 4, 3, 1, 2, 8, 1, 0, 0, 2, 0, 1, 1, 2, 1, 2, 1, 1, 1, 1, 3, 0, 2, 1, 1, 1, 1], "bins": [0.0, 2.28125, 4.5625, 6.84375, 9.125, 11.40625, 13.6875, 15.96875, 18.25, 20.53125, 22.8125, 25.09375, 27.375, 29.65625, 31.9375, 34.21875, 36.5, 38.78125, 41.0625, 43.34375, 45.625, 47.90625, 50.1875, 52.46875, 54.75, 57.03125, 59.3125, 61.59375, 63.875, 66.15625, 68.4375, 70.71875, 73.0]}, "_timestamp": 1682595491.4758022, "_runtime": 3.542654275894165, "_step": 0, "_wandb": {"runtime": 2}}