{"accuracy": 0.17271157167530224, "classification_report": "              precision    recall  f1-score   support\n\n           0       0.26      0.35      0.30       180\n           1       0.12      0.13      0.12       142\n           2       0.18      0.15      0.17       181\n           3       0.15      0.15      0.15       190\n           4       0.14      0.12      0.13       201\n           5       0.12      0.06      0.08       150\n           6       0.16      0.20      0.18       178\n           7       0.11      0.05      0.07       171\n           8       0.16      0.18      0.17       171\n           9       0.22      0.31      0.26       173\n\n    accuracy                           0.17      1737\n   macro avg       0.16      0.17      0.16      1737\nweighted avg       0.16      0.17      0.16      1737\n", "confusion_matrix": {"_type": "histogram", "values": [6, 7, 11, 8, 5, 12, 5, 0, 6, 7, 10, 5, 3, 5, 2, 2, 1, 1, 0, 1, 1, 0, 0, 0, 0, 0, 0, 1, 0, 0, 0, 1], "bins": [3.0, 4.875, 6.75, 8.625, 10.5, 12.375, 14.25, 16.125, 18.0, 19.875, 21.75, 23.625, 25.5, 27.375, 29.25, 31.125, 33.0, 34.875, 36.75, 38.625, 40.5, 42.375, 44.25, 46.125, 48.0, 49.875, 51.75, 53.625, 55.5, 57.375, 59.25, 61.125, 63.0]}, "_timestamp": 1682596750.910092, "_runtime": 1.879944086074829, "_step": 0, "_wandb": {"runtime": 0}}