{"accuracy": 0.17674150834772595, "classification_report": "              precision    recall  f1-score   support\n\n           0       0.37      0.32      0.35       180\n           1       0.13      0.19      0.16       142\n           2       0.13      0.14      0.13       181\n           3       0.14      0.11      0.12       190\n           4       0.18      0.11      0.14       201\n           5       0.12      0.11      0.12       150\n           6       0.15      0.16      0.15       178\n           7       0.15      0.12      0.14       171\n           8       0.12      0.11      0.12       171\n           9       0.23      0.40      0.30       173\n\n    accuracy                           0.18      1737\n   macro avg       0.17      0.18      0.17      1737\nweighted avg       0.18      0.18      0.17      1737\n", "confusion_matrix": {"_type": "histogram", "values": [2, 13, 6, 10, 4, 13, 7, 6, 12, 8, 4, 1, 5, 2, 2, 0, 1, 0, 0, 0, 0, 0, 0, 0, 1, 0, 2, 0, 0, 0, 0, 1], "bins": [2.0, 4.125, 6.25, 8.375, 10.5, 12.625, 14.75, 16.875, 19.0, 21.125, 23.25, 25.375, 27.5, 29.625, 31.75, 33.875, 36.0, 38.125, 40.25, 42.375, 44.5, 46.625, 48.75, 50.875, 53.0, 55.125, 57.25, 59.375, 61.5, 63.625, 65.75, 67.875, 70.0]}, "_timestamp": 1682608130.656092, "_runtime": 57.24183392524719, "_step": 0, "_wandb": {"runtime": 55}}