{"accuracy": 0.1848013816925734, "classification_report": "              precision    recall  f1-score   support\n\n           0       0.23      0.64      0.34       180\n           1       0.06      0.01      0.01       142\n           2       0.17      0.20      0.18       181\n           3       0.17      0.07      0.10       190\n           4       0.15      0.07      0.09       201\n           5       0.11      0.01      0.01       150\n           6       0.14      0.35      0.20       178\n           7       0.16      0.10      0.12       171\n           8       0.18      0.05      0.08       171\n           9       0.24      0.29      0.27       173\n\n    accuracy                           0.18      1737\n   macro avg       0.16      0.18      0.14      1737\nweighted avg       0.16      0.18      0.14      1737\n", "confusion_matrix": {"_type": "histogram", "values": [26, 15, 11, 13, 3, 4, 3, 2, 3, 5, 4, 0, 1, 1, 2, 3, 1, 2, 0, 0, 0, 0, 0, 0, 0, 0, 0, 0, 0, 0, 0, 1], "bins": [0.0, 3.625, 7.25, 10.875, 14.5, 18.125, 21.75, 25.375, 29.0, 32.625, 36.25, 39.875, 43.5, 47.125, 50.75, 54.375, 58.0, 61.625, 65.25, 68.875, 72.5, 76.125, 79.75, 83.375, 87.0, 90.625, 94.25, 97.875, 101.5, 105.125, 108.75, 112.375, 116.0]}, "_timestamp": 1682681682.243953, "_runtime": 2.5166409015655518, "_step": 0, "_wandb": {"runtime": 0}}