{"accuracy": 0.16407599309153714, "classification_report": "              precision    recall  f1-score   support\n\n           0       0.34      0.52      0.41       180\n           1       0.09      0.13      0.11       142\n           2       0.12      0.10      0.11       181\n           3       0.12      0.08      0.10       190\n           4       0.15      0.15      0.15       201\n           5       0.09      0.15      0.11       150\n           6       0.21      0.34      0.26       178\n           7       0.12      0.15      0.13       171\n           8       0.00      0.00      0.00       171\n           9       0.00      0.00      0.00       173\n\n    accuracy                           0.16      1737\n   macro avg       0.12      0.16      0.14      1737\nweighted avg       0.13      0.16      0.14      1737\n", "confusion_matrix": {"_type": "histogram", "values": [20, 3, 7, 8, 7, 8, 13, 8, 7, 4, 2, 5, 0, 2, 0, 2, 1, 0, 0, 0, 1, 0, 0, 1, 0, 0, 0, 0, 0, 0, 0, 1], "bins": [0.0, 2.9375, 5.875, 8.8125, 11.75, 14.6875, 17.625, 20.5625, 23.5, 26.4375, 29.375, 32.3125, 35.25, 38.1875, 41.125, 44.0625, 47.0, 49.9375, 52.875, 55.8125, 58.75, 61.6875, 64.625, 67.5625, 70.5, 73.4375, 76.375, 79.3125, 82.25, 85.1875, 88.125, 91.0625, 94.0]}, "_timestamp": 1682774210.16191, "_runtime": 3.4765491485595703, "_step": 0, "_wandb": {"runtime": 2}}