{"accuracy": 0.21934369602763384, "classification_report": "              precision    recall  f1-score   support\n\n           0       0.41      0.52      0.46       180\n           1       0.16      0.20      0.18       142\n           2       0.16      0.15      0.16       181\n           3       0.17      0.19      0.18       190\n           4       0.16      0.12      0.14       201\n           5       0.12      0.02      0.03       150\n           6       0.19      0.28      0.22       178\n           7       0.15      0.11      0.13       171\n           8       0.19      0.12      0.14       171\n           9       0.29      0.46      0.35       173\n\n    accuracy                           0.22      1737\n   macro avg       0.20      0.22      0.20      1737\nweighted avg       0.20      0.22      0.20      1737\n", "confusion_matrix": {"_type": "histogram", "values": [8, 10, 13, 10, 12, 7, 9, 7, 3, 5, 3, 5, 3, 0, 1, 0, 1, 1, 0, 0, 0, 0, 0, 0, 0, 0, 1, 0, 0, 0, 0, 1], "bins": [0.0, 2.9375, 5.875, 8.8125, 11.75, 14.6875, 17.625, 20.5625, 23.5, 26.4375, 29.375, 32.3125, 35.25, 38.1875, 41.125, 44.0625, 47.0, 49.9375, 52.875, 55.8125, 58.75, 61.6875, 64.625, 67.5625, 70.5, 73.4375, 76.375, 79.3125, 82.25, 85.1875, 88.125, 91.0625, 94.0]}, "_timestamp": 1682693985.876736, "_runtime": 28.83961796760559, "_step": 0, "_wandb": {"runtime": 27}}